Time,abs_pressure_Torr,temperature_C,volumetric_flow_LPM,mass_flow_SLPM,mass_flow_setpoint_SLPM,gas_type
2026-09-14 13:51:21,+755.93,+024.52,+00.000,+00.000,+00.000,Air
2026-09-14 13:51:23,+755.94,+024.52,+00.010,+00.010,+00.000,Air
2026-09-14 13:51:25,+755.96,+024.48,+00.015,+00.015,+00.000,Air
2026-09-14 13:51:27,+755.89,+024.51,+00.000,+00.000,+00.000,Air
2026-09-14 13:51:29,+755.89,+024.53,+00.005,+00.005,+00.000,Air
2026-09-14 13:51:31,+755.93,+024.51,+00.001,+00.001,+00.000,Air
2026-09-14 13:51:33,+755.91,+024.51,+00.032,+00.032,+00.000,Air
2026-09-14 13:51:35,+755.86,+024.52,+00.000,+00.000,+00.000,Air
2026-09-14 13:51:37,+755.91,+024.55,+00.000,+00.000,+00.000,Air
2026-09-14 13:51:39,+755.96,+024.47,+00.000,+00.000,+00.000,Air
2026-09-14 13:51:41,+755.95,+024.51,+00.009,+00.009,+00.000,Air
2026-09-14 13:51:43,+755.92,+024.46,+00.001,+00.001,+00.000,Air
2026-09-14 13:51:45,+755.88,+024.53,+00.003,+00.003,+00.000,Air
2026-09-14 13:51:47,+755.98,+024.52,+00.000,+00.000,+00.000,Air
2026-09-14 13:51:49,+755.93,+024.49,+00.000,+00.000,+00.000,Air
2026-09-14 13:51:51,+755.79,+024.51,+00.002,+00.002,+00.000,Air
2026-09-14 13:51:53,+755.87,+024.48,+00.003,+00.003,+00.000,Air
2026-09-14 13:51:55,+755.94,+024.49,+00.029,+00.029,+00.000,Air
2026-09-14 13:51:57,+755.91,+024.53,+00.003,+00.003,+00.000,Air
2026-09-14 13:51:59,+755.89,+024.48,+00.000,+00.000,+00.000,Air
2026-09-14 13:52:01,+755.94,+024.51,+00.039,+00.039,+00.000,Air
2026-09-14 13:52:03,+755.83,+024.49,+00.000,+00.000,+00.000,Air
2026-09-14 13:52:05,+755.92,+024.54,+00.002,+00.002,+00.000,Air
2026-09-14 13:52:07,+755.88,+024.49,+00.000,+00.000,+00.000,Air
2026-09-14 13:52:09,+755.84,+024.52,+00.025,+00.024,+00.000,Air
2026-09-14 13:52:11,+755.89,+024.50,+00.000,+00.000,+00.000,Air
2026-09-14 13:52:13,+755.93,+024.54,+00.021,+00.021,+00.000,Air
2026-09-14 13:52:15,+755.90,+024.49,+00.000,+00.000,+00.000,Air
2026-09-14 13:52:17,+755.93,+024.48,+00.006,+00.006,+00.000,Air
2026-09-14 13:52:19,+755.92,+024.52,+00.000,+00.000,+00.000,Air
2026-09-14 13:52:21,+755.90,+024.50,+00.000,+00.000,+00.000,Air
2026-09-14 13:52:23,+755.93,+024.51,+00.016,+00.016,+00.000,Air
2026-09-14 13:52:25,+755.97,+024.49,+00.000,+00.000,+00.000,Air
2026-09-14 13:52:27,+755.86,+024.51,+00.001,+00.001,+00.000,Air
2026-09-14 13:52:29,+755.96,+024.50,+00.020,+00.020,+00.000,Air
2026-09-14 13:52:31,+755.96,+024.51,+00.000,+00.000,+00.000,Air
2026-09-14 13:52:33,+755.97,+024.50,+00.008,+00.007,+00.000,Air
2026-09-14 13:52:35,+755.90,+024.49,+00.000,+00.000,+00.000,Air
2026-09-14 13:52:37,+755.97,+024.52,+00.018,+00.018,+00.000,Air
2026-09-14 13:52:39,+755.89,+024.51,+00.001,+00.001,+00.000,Air
2026-09-14 13:52:41,+755.92,+024.50,+00.000,+00.000,+00.000,Air
2026-09-14 13:52:43,+755.93,+024.50,+00.000,+00.000,+00.000,Air
2026-09-14 13:52:45,+755.95,+024.50,+00.027,+00.027,+00.000,Air
2026-09-14 13:52:47,+755.90,+024.50,+00.000,+00.000,+00.000,Air
2026-09-14 13:52:49,+755.88,+024.52,+00.000,+00.000,+00.000,Air
2026-09-14 13:52:51,+755.90,+024.51,+00.000,+00.000,+00.000,Air
2026-09-14 13:52:53,+755.88,+024.50,+00.006,+00.006,+00.000,Air
2026-09-14 13:52:55,+756.00,+024.51,+00.028,+00.028,+00.000,Air
2026-09-14 13:52:57,+755.93,+024.51,+00.011,+00.010,+00.000,Air
2026-09-14 13:52:59,+755.84,+024.53,+00.009,+00.008,+00.000,Air
2026-09-14 13:53:01,+755.91,+024.51,+00.000,+00.000,+00.000,Air
2026-09-14 13:53:03,+755.98,+024.50,+00.000,+00.000,+00.000,Air
2026-09-14 13:53:05,+755.90,+024.51,+00.000,+00.000,+00.000,Air
2026-09-14 13:53:07,+755.83,+024.47,+00.001,+00.001,+00.000,Air
2026-09-14 13:53:09,+755.89,+024.53,+00.017,+00.017,+00.000,Air
2026-09-14 13:53:11,+755.93,+024.49,+00.000,+00.000,+00.000,Air
2026-09-14 13:53:13,+755.93,+024.50,+00.000,+00.000,+00.000,Air
2026-09-14 13:53:15,+755.92,+024.51,+00.019,+00.019,+00.000,Air
2026-09-14 13:53:17,+755.94,+024.54,+00.019,+00.019,+00.000,Air
2026-09-14 13:53:19,+755.97,+024.53,+00.000,+00.000,+00.000,Air
2026-09-14 13:53:21,+755.89,+024.57,+00.000,+00.000,+00.000,Air
2026-09-14 13:53:23,+755.90,+024.54,+00.002,+00.002,+00.000,Air
2026-09-14 13:53:25,+755.97,+024.52,+00.009,+00.009,+00.000,Air
2026-09-14 13:53:27,+755.98,+024.49,+00.000,+00.000,+00.000,Air
2026-09-14 13:53:29,+755.99,+024.49,+00.000,+00.000,+00.000,Air
2026-09-14 13:53:31,+755.83,+024.52,+00.000,+00.000,+00.000,Air
2026-09-14 13:53:33,+755.87,+024.52,+00.000,+00.000,+00.000,Air
2026-09-14 13:53:35,+755.89,+024.50,+00.000,+00.000,+00.000,Air
2026-09-14 13:53:37,+755.91,+024.51,+00.000,+00.000,+00.000,Air
2026-09-14 13:53:39,+756.00,+024.48,+00.000,+00.000,+00.000,Air
2026-09-14 13:53:41,+755.89,+024.50,+00.005,+00.004,+00.000,Air
2026-09-14 13:53:43,+755.95,+024.53,+00.000,+00.000,+00.000,Air
2026-09-14 13:53:45,+756.01,+024.53,+00.000,+00.000,+00.000,Air
2026-09-14 13:53:47,+756.01,+024.54,+00.022,+00.022,+00.000,Air
2026-09-14 13:53:49,+755.97,+024.55,+00.020,+00.020,+00.000,Air
2026-09-14 13:53:51,+755.85,+024.50,+00.011,+00.011,+00.000,Air
2026-09-14 13:53:53,+755.90,+024.48,+00.006,+00.006,+00.000,Air
2026-09-14 13:53:55,+755.95,+024.53,+00.007,+00.007,+00.000,Air
2026-09-14 13:53:57,+755.80,+024.49,+00.016,+00.016,+00.000,Air
2026-09-14 13:53:59,+755.98,+024.48,+00.018,+00.018,+00.000,Air
2026-09-14 13:54:01,+755.89,+024.49,+00.004,+00.004,+00.000,Air
2026-09-14 13:54:03,+755.95,+024.54,+00.002,+00.002,+00.000,Air
2026-09-14 13:54:05,+755.92,+024.56,+00.000,+00.000,+00.000,Air
2026-09-14 13:54:07,+755.96,+024.55,+00.011,+00.011,+00.000,Air
2026-09-14 13:54:09,+755.94,+024.52,+00.007,+00.007,+00.000,Air
2026-09-14 13:54:11,+755.90,+024.51,+00.000,+00.000,+00.000,Air
2026-09-14 13:54:13,+755.88,+024.54,+00.000,+00.000,+00.000,Air
2026-09-14 13:54:15,+755.93,+024.53,+00.014,+00.014,+00.000,Air
2026-09-14 13:54:17,+755.86,+024.53,+00.000,+00.000,+00.000,Air
2026-09-14 13:54:19,+756.01,+024.54,+00.018,+00.018,+00.000,Air
2026-09-14 13:54:21,+755.93,+024.53,+00.000,+00.000,+00.000,Air
2026-09-14 13:54:23,+755.95,+024.48,+00.026,+00.026,+00.000,Air
2026-09-14 13:54:25,+755.87,+024.52,+00.000,+00.000,+00.000,Air
2026-09-14 13:54:27,+755.85,+024.49,+00.000,+00.000,+00.000,Air
2026-09-14 13:54:29,+756.02,+024.50,+00.029,+00.029,+00.000,Air
2026-09-14 13:54:31,+755.88,+024.53,+00.005,+00.005,+00.000,Air
2026-09-14 13:54:33,+755.98,+024.53,+00.025,+00.025,+00.000,Air
2026-09-14 13:54:35,+755.94,+024.49,+00.000,+00.000,+00.000,Air
2026-09-14 13:54:37,+755.88,+024.54,+00.000,+00.000,+00.000,Air
2026-09-14 13:54:39,+755.96,+024.53,+00.000,+00.000,+00.000,Air
2026-09-14 13:54:41,+755.91,+024.54,+00.008,+00.008,+00.000,Air
2026-09-14 13:54:43,+755.87,+024.54,+00.021,+00.020,+00.000,Air
2026-09-14 13:54:45,+756.02,+024.49,+00.012,+00.012,+00.000,Air
2026-09-14 13:54:47,+755.92,+024.53,+00.000,+00.000,+00.000,Air
2026-09-14 13:54:49,+756.02,+024.52,+00.010,+00.010,+00.000,Air
2026-09-14 13:54:51,+756.02,+024.53,+00.010,+00.010,+00.000,Air
2026-09-14 13:54:53,+755.94,+024.52,+00.011,+00.010,+00.000,Air
2026-09-14 13:54:55,+755.91,+024.50,+00.012,+00.012,+00.000,Air
2026-09-14 13:54:57,+755.99,+024.52,+00.000,+00.000,+00.000,Air
2026-09-14 13:54:59,+756.02,+024.53,+00.000,+00.000,+00.000,Air
2026-09-14 13:55:01,+755.95,+024.53,+00.000,+00.000,+00.000,Air
2026-09-14 13:55:03,+755.95,+024.50,+00.019,+00.019,+00.000,Air
2026-09-14 13:55:05,+755.93,+024.53,+00.000,+00.000,+00.000,Air
2026-09-14 13:55:07,+755.88,+024.52,+00.000,+00.000,+00.000,Air
2026-09-14 13:55:09,+755.98,+024.55,+00.000,+00.000,+00.000,Air
2026-09-14 13:55:11,+755.94,+024.55,+00.000,+00.000,+00.000,Air
2026-09-14 13:55:13,+755.96,+024.52,+00.022,+00.022,+00.000,Air
2026-09-14 13:55:15,+756.04,+024.52,+00.000,+00.000,+00.000,Air
2026-09-14 13:55:17,+756.05,+024.52,+00.000,+00.000,+00.000,Air
2026-09-14 13:55:19,+755.90,+024.55,+00.008,+00.008,+00.000,Air
2026-09-14 13:55:21,+755.98,+024.54,+00.000,+00.000,+00.000,Air
2026-09-14 13:55:23,+755.95,+024.52,+00.003,+00.003,+00.000,Air
2026-09-14 13:55:25,+756.01,+024.54,+00.016,+00.016,+00.000,Air
2026-09-14 13:55:27,+755.98,+024.53,+00.000,+00.000,+00.000,Air
2026-09-14 13:55:29,+755.90,+024.52,+00.000,+00.000,+00.000,Air
2026-09-14 13:55:31,+755.99,+024.49,+00.010,+00.010,+00.000,Air
2026-09-14 13:55:33,+755.98,+024.53,+00.026,+00.026,+00.000,Air
2026-09-14 13:55:35,+755.96,+024.52,+00.000,+00.000,+00.000,Air
2026-09-14 13:55:37,+755.97,+024.55,+00.016,+00.016,+00.000,Air
2026-09-14 13:55:39,+755.92,+024.54,+00.019,+00.019,+00.000,Air
2026-09-14 13:55:41,+755.94,+024.57,+00.000,+00.000,+00.000,Air
2026-09-14 13:55:43,+755.93,+024.52,+00.008,+00.008,+00.000,Air
2026-09-14 13:55:45,+755.91,+024.53,+00.009,+00.009,+00.000,Air
2026-09-14 13:55:47,+755.98,+024.51,+00.003,+00.003,+00.000,Air
2026-09-14 13:55:49,+756.01,+024.52,+00.011,+00.011,+00.000,Air
2026-09-14 13:55:51,+756.00,+024.51,+00.000,+00.000,+00.000,Air
2026-09-14 13:55:53,+756.00,+024.54,+00.000,+00.000,+00.000,Air
2026-09-14 13:55:55,+755.92,+024.48,+00.000,+00.000,+00.000,Air
2026-09-14 13:55:57,+755.99,+024.53,+00.013,+00.013,+00.000,Air
2026-09-14 13:55:59,+755.88,+024.53,+00.000,+00.000,+00.000,Air
2026-09-14 13:56:01,+755.97,+024.53,+00.004,+00.004,+00.000,Air
2026-09-14 13:56:03,+755.95,+024.55,+00.000,+00.000,+00.000,Air
2026-09-14 13:56:05,+755.97,+024.52,+00.008,+00.008,+00.000,Air
2026-09-14 13:56:07,+755.94,+024.56,+00.031,+00.031,+00.000,Air
2026-09-14 13:56:09,+756.00,+024.53,+00.047,+00.047,+00.000,Air
2026-09-14 13:56:11,+755.99,+024.52,+00.000,+00.000,+00.000,Air
2026-09-14 13:56:13,+755.94,+024.52,+00.000,+00.000,+00.000,Air
2026-09-14 13:56:15,+756.02,+024.55,+00.021,+00.021,+00.000,Air
2026-09-14 13:56:17,+755.93,+024.51,+00.007,+00.007,+00.000,Air
2026-09-14 13:56:19,+755.95,+024.56,+00.000,+00.000,+00.000,Air
2026-09-14 13:56:21,+756.03,+024.53,+00.008,+00.008,+00.000,Air
2026-09-14 13:56:23,+755.97,+024.52,+00.000,+00.000,+00.000,Air
2026-09-14 13:56:25,+755.90,+024.52,+00.005,+00.005,+00.000,Air
2026-09-14 13:56:27,+755.95,+024.58,+00.006,+00.006,+00.000,Air
2026-09-14 13:56:29,+756.01,+024.53,+00.000,+00.000,+00.000,Air
2026-09-14 13:56:31,+755.99,+024.55,+00.000,+00.000,+00.000,Air
2026-09-14 13:56:33,+755.96,+024.54,+00.000,+00.000,+00.000,Air
2026-09-14 13:56:35,+755.97,+024.53,+00.000,+00.000,+00.000,Air
2026-09-14 13:56:37,+755.95,+024.53,+00.004,+00.004,+00.000,Air
2026-09-14 13:56:39,+755.99,+024.54,+00.010,+00.010,+00.000,Air
2026-09-14 13:56:41,+755.95,+024.56,+00.000,+00.000,+00.000,Air
2026-09-14 13:56:43,+756.01,+024.52,+00.015,+00.015,+00.000,Air
2026-09-14 13:56:45,+755.96,+024.56,+00.000,+00.000,+00.000,Air
2026-09-14 13:56:47,+755.95,+024.56,+00.007,+00.007,+00.000,Air
2026-09-14 13:56:49,+755.99,+024.50,+00.000,+00.000,+00.000,Air
2026-09-14 13:56:51,+755.99,+024.55,+00.008,+00.008,+00.000,Air
2026-09-14 13:56:53,+756.02,+024.53,+00.000,+00.000,+00.000,Air
2026-09-14 13:56:55,+755.97,+024.56,+00.002,+00.002,+00.000,Air
2026-09-14 13:56:57,+755.97,+024.52,+00.000,+00.000,+00.000,Air
2026-09-14 13:56:59,+756.03,+024.56,+00.000,+00.000,+00.000,Air
2026-09-14 13:57:01,+755.91,+024.56,+00.004,+00.004,+00.000,Air
2026-09-14 13:57:03,+756.05,+024.53,+00.000,+00.000,+00.000,Air
2026-09-14 13:57:05,+755.96,+024.51,+00.000,+00.000,+00.000,Air
2026-09-14 13:57:07,+755.99,+024.55,+00.009,+00.008,+00.000,Air
2026-09-14 13:57:09,+756.00,+024.55,+00.020,+00.020,+00.000,Air
2026-09-14 13:57:11,+756.05,+024.54,+00.008,+00.008,+00.000,Air
2026-09-14 13:57:13,+756.02,+024.53,+00.018,+00.018,+00.000,Air
2026-09-14 13:57:15,+756.01,+024.57,+00.002,+00.002,+00.000,Air
2026-09-14 13:57:17,+756.01,+024.55,+00.007,+00.007,+00.000,Air
2026-09-14 13:57:19,+756.08,+024.56,+00.000,+00.000,+00.000,Air
2026-09-14 13:57:21,+755.90,+024.54,+00.011,+00.011,+00.000,Air
2026-09-14 13:57:23,+756.01,+024.54,+00.000,+00.000,+00.000,Air
2026-09-14 13:57:25,+756.01,+024.52,+00.000,+00.000,+00.000,Air
2026-09-14 13:57:27,+755.91,+024.54,+00.001,+00.001,+00.000,Air
2026-09-14 13:57:29,+756.00,+024.52,+00.018,+00.018,+00.000,Air
2026-09-14 13:57:31,+755.98,+024.55,+00.000,+00.000,+00.000,Air
2026-09-14 13:57:33,+755.97,+024.56,+00.026,+00.026,+00.000,Air
2026-09-14 13:57:35,+755.97,+024.54,+00.019,+00.018,+00.000,Air
2026-09-14 13:57:37,+756.04,+024.55,+00.016,+00.016,+00.000,Air
2026-09-14 13:57:39,+755.95,+024.56,+00.012,+00.012,+00.000,Air
2026-09-14 13:57:41,+755.96,+024.52,+00.000,+00.000,+00.000,Air
2026-09-14 13:57:43,+755.96,+024.55,+00.000,+00.000,+00.000,Air
2026-09-14 13:57:45,+755.94,+024.53,+00.000,+00.000,+00.000,Air
2026-09-14 13:57:47,+756.03,+024.57,+00.000,+00.000,+00.000,Air
2026-09-14 13:57:49,+756.02,+024.56,+00.027,+00.027,+00.000,Air
2026-09-14 13:57:51,+756.04,+024.53,+00.000,+00.000,+00.000,Air
2026-09-14 13:57:53,+755.99,+024.55,+00.031,+00.031,+00.000,Air
2026-09-14 13:57:55,+756.00,+024.54,+00.000,+00.000,+00.000,Air
2026-09-14 13:57:57,+756.04,+024.53,+00.001,+00.001,+00.000,Air
2026-09-14 13:57:59,+756.07,+024.55,+00.000,+00.000,+00.000,Air
2026-09-14 13:58:01,+755.94,+024.51,+00.008,+00.008,+00.000,Air
2026-09-14 13:58:03,+756.05,+024.54,+00.009,+00.009,+00.000,Air
2026-09-14 13:58:05,+756.04,+024.56,+00.000,+00.000,+00.000,Air
2026-09-14 13:58:07,+755.93,+024.57,+00.005,+00.005,+00.000,Air
2026-09-14 13:58:09,+755.97,+024.54,+00.000,+00.000,+00.000,Air
2026-09-14 13:58:11,+755.97,+024.56,+00.015,+00.015,+00.000,Air
2026-09-14 13:58:13,+756.07,+024.52,+00.013,+00.013,+00.000,Air
2026-09-14 13:58:15,+755.97,+024.57,+00.000,+00.000,+00.000,Air
2026-09-14 13:58:17,+756.09,+024.55,+00.007,+00.007,+00.000,Air
2026-09-14 13:58:19,+755.97,+024.59,+00.000,+00.000,+00.000,Air
2026-09-14 13:58:21,+756.10,+024.53,+00.000,+00.000,+00.000,Air
2026-09-14 13:58:23,+755.96,+024.54,+00.005,+00.005,+00.000,Air
2026-09-14 13:58:25,+756.00,+024.53,+00.029,+00.029,+00.000,Air
2026-09-14 13:58:27,+755.93,+024.55,+00.001,+00.001,+00.000,Air
2026-09-14 13:58:29,+756.05,+024.56,+00.005,+00.005,+00.000,Air
2026-09-14 13:58:31,+756.05,+024.55,+00.000,+00.000,+00.000,Air
2026-09-14 13:58:33,+755.98,+024.56,+00.000,+00.000,+00.000,Air
2026-09-14 13:58:35,+755.98,+024.57,+00.000,+00.000,+00.000,Air
2026-09-14 13:58:37,+756.01,+024.60,+00.000,+00.000,+00.000,Air
2026-09-14 13:58:39,+755.96,+024.53,+00.000,+00.000,+00.000,Air
2026-09-14 13:58:41,+756.05,+024.55,+00.015,+00.015,+00.000,Air
2026-09-14 13:58:43,+755.91,+024.51,+00.000,+00.000,+00.000,Air
2026-09-14 13:58:45,+755.99,+024.51,+00.004,+00.004,+00.000,Air
2026-09-14 13:58:47,+756.07,+024.55,+00.000,+00.000,+00.000,Air
2026-09-14 13:58:49,+755.96,+024.56,+00.009,+00.009,+00.000,Air
2026-09-14 13:58:51,+755.97,+024.54,+00.000,+00.000,+00.000,Air
2026-09-14 13:58:53,+755.94,+024.56,+00.000,+00.000,+00.000,Air
2026-09-14 13:58:55,+756.02,+024.53,+00.018,+00.017,+00.000,Air
2026-09-14 13:58:57,+755.97,+024.57,+00.000,+00.000,+00.000,Air
2026-09-14 13:58:59,+755.98,+024.58,+00.028,+00.028,+00.000,Air
2026-09-14 13:59:01,+755.95,+024.55,+00.000,+00.000,+00.000,Air
2026-09-14 13:59:03,+755.94,+024.58,+00.002,+00.002,+00.000,Air
2026-09-14 13:59:05,+756.04,+024.52,+00.008,+00.008,+00.000,Air
2026-09-14 13:59:07,+756.05,+024.56,+00.013,+00.013,+00.000,Air
2026-09-14 13:59:09,+756.05,+024.56,+00.000,+00.000,+00.000,Air
2026-09-14 13:59:11,+756.05,+024.52,+00.007,+00.007,+00.000,Air
2026-09-14 13:59:13,+756.03,+024.56,+00.000,+00.000,+00.000,Air
2026-09-14 13:59:15,+756.00,+024.56,+00.003,+00.003,+00.000,Air
2026-09-14 13:59:17,+756.09,+024.53,+00.000,+00.000,+00.000,Air
2026-09-14 13:59:19,+755.97,+024.56,+00.000,+00.000,+00.000,Air
2026-09-14 13:59:21,+756.00,+024.55,+00.011,+00.010,+00.000,Air
2026-09-14 13:59:23,+756.09,+024.58,+00.000,+00.000,+00.000,Air
2026-09-14 13:59:25,+755.94,+024.55,+00.011,+00.011,+00.000,Air
2026-09-14 13:59:27,+755.99,+024.55,+00.000,+00.000,+00.000,Air
2026-09-14 13:59:29,+756.06,+024.54,+00.010,+00.010,+00.000,Air
2026-09-14 13:59:31,+756.13,+024.53,+00.007,+00.007,+00.000,Air
2026-09-14 13:59:33,+756.06,+024.56,+00.032,+00.031,+00.000,Air
2026-09-14 13:59:35,+756.11,+024.58,+00.000,+00.000,+00.000,Air
2026-09-14 13:59:37,+756.04,+024.58,+00.007,+00.007,+00.000,Air
2026-09-14 13:59:39,+755.96,+024.58,+00.009,+00.009,+00.000,Air
2026-09-14 13:59:41,+755.98,+024.55,+00.000,+00.000,+00.000,Air
2026-09-14 13:59:43,+756.06,+024.54,+00.000,+00.000,+00.000,Air
2026-09-14 13:59:45,+756.04,+024.57,+00.000,+00.000,+00.000,Air
2026-09-14 13:59:47,+756.05,+024.56,+00.005,+00.005,+00.000,Air
2026-09-14 13:59:49,+756.09,+024.59,+00.000,+00.000,+00.000,Air
2026-09-14 13:59:51,+755.99,+024.57,+00.026,+00.025,+00.000,Air
2026-09-14 13:59:53,+756.09,+024.58,+00.000,+00.000,+00.000,Air
2026-09-14 13:59:55,+755.92,+024.53,+00.000,+00.000,+00.000,Air
2026-09-14 13:59:57,+756.04,+024.60,+00.000,+00.000,+00.000,Air
2026-09-14 13:59:59,+756.05,+024.59,+00.002,+00.002,+00.000,Air
2026-09-14 14:00:01,+756.04,+024.57,+00.005,+00.005,+00.000,Air
2026-09-14 14:00:03,+756.15,+024.58,+00.000,+00.000,+00.000,Air
2026-09-14 14:00:05,+756.06,+024.57,+00.000,+00.000,+00.000,Air
2026-09-14 14:00:07,+756.04,+024.56,+00.002,+00.002,+00.000,Air
2026-09-14 14:00:09,+756.06,+024.56,+00.000,+00.000,+00.000,Air
2026-09-14 14:00:11,+756.14,+024.55,+00.000,+00.000,+00.000,Air
2026-09-14 14:00:13,+755.97,+024.56,+00.000,+00.000,+00.000,Air
2026-09-14 14:00:15,+756.03,+024.53,+00.037,+00.036,+00.000,Air
2026-09-14 14:00:17,+755.92,+024.58,+00.000,+00.000,+00.000,Air
2026-09-14 14:00:19,+756.06,+024.56,+00.000,+00.000,+00.000,Air
2026-09-14 14:00:21,+756.01,+024.57,+00.000,+00.000,+00.000,Air
2026-09-14 14:00:23,+756.11,+024.57,+00.000,+00.000,+00.000,Air
2026-09-14 14:00:25,+756.10,+024.58,+00.024,+00.024,+00.000,Air
2026-09-14 14:00:27,+756.01,+024.57,+00.000,+00.000,+00.000,Air
2026-09-14 14:00:29,+755.98,+024.52,+00.005,+00.005,+00.000,Air
2026-09-14 14:00:31,+756.05,+024.55,+00.002,+00.002,+00.000,Air
2026-09-14 14:00:33,+756.07,+024.55,+00.013,+00.013,+00.000,Air
2026-09-14 14:00:35,+756.04,+024.56,+00.000,+00.000,+00.000,Air
2026-09-14 14:00:37,+756.06,+024.54,+00.000,+00.000,+00.000,Air
2026-09-14 14:00:39,+756.05,+024.56,+00.000,+00.000,+00.000,Air
2026-09-14 14:00:41,+756.10,+024.57,+00.000,+00.000,+00.000,Air
2026-09-14 14:00:43,+755.99,+024.58,+00.000,+00.000,+00.000,Air
2026-09-14 14:00:45,+756.12,+024.56,+00.000,+00.000,+00.000,Air
2026-09-14 14:00:47,+756.10,+024.55,+00.000,+00.000,+00.000,Air
2026-09-14 14:00:49,+755.97,+024.55,+00.009,+00.009,+00.000,Air
2026-09-14 14:00:51,+756.09,+024.58,+00.018,+00.018,+00.000,Air
2026-09-14 14:00:53,+756.01,+024.55,+00.000,+00.000,+00.000,Air
2026-09-14 14:00:55,+755.97,+024.54,+00.000,+00.000,+00.000,Air
2026-09-14 14:00:57,+756.00,+024.57,+00.000,+00.000,+00.000,Air
2026-09-14 14:00:59,+756.02,+024.60,+00.000,+00.000,+00.000,Air
2026-09-14 14:01:01,+756.08,+024.59,+00.000,+00.000,+00.000,Air
2026-09-14 14:01:03,+756.04,+024.56,+00.000,+00.000,+00.000,Air
2026-09-14 14:01:05,+756.04,+024.52,+00.000,+00.000,+00.000,Air
2026-09-14 14:01:07,+756.08,+024.59,+00.000,+00.000,+00.000,Air
2026-09-14 14:01:09,+756.04,+024.58,+00.032,+00.032,+00.000,Air
2026-09-14 14:01:11,+756.08,+024.56,+00.000,+00.000,+00.000,Air
2026-09-14 14:01:13,+756.02,+024.54,+00.019,+00.019,+00.000,Air
2026-09-14 14:01:15,+756.07,+024.53,+00.000,+00.000,+00.000,Air
2026-09-14 14:01:17,+756.04,+024.58,+00.000,+00.000,+00.000,Air
2026-09-14 14:01:19,+756.09,+024.55,+00.000,+00.000,+00.000,Air
2026-09-14 14:01:21,+756.04,+024.61,+00.000,+00.000,+00.000,Air
2026-09-14 14:01:23,+755.95,+024.58,+00.000,+00.000,+00.000,Air
2026-09-14 14:01:25,+756.07,+024.57,+00.000,+00.000,+00.000,Air
2026-09-14 14:01:27,+756.02,+024.56,+00.011,+00.011,+00.000,Air
2026-09-14 14:01:29,+756.04,+024.54,+00.015,+00.015,+00.000,Air
2026-09-14 14:01:31,+755.98,+024.59,+00.000,+00.000,+00.000,Air
2026-09-14 14:01:33,+756.11,+024.56,+00.007,+00.007,+00.000,Air
2026-09-14 14:01:35,+756.11,+024.55,+00.009,+00.009,+00.000,Air
2026-09-14 14:01:37,+756.03,+024.56,+00.000,+00.000,+00.000,Air
2026-09-14 14:01:39,+756.08,+024.59,+00.004,+00.004,+00.000,Air
2026-09-14 14:01:41,+756.00,+024.60,+00.016,+00.016,+00.000,Air
2026-09-14 14:01:43,+756.10,+024.59,+00.006,+00.006,+00.000,Air
2026-09-14 14:01:45,+756.02,+024.57,+00.013,+00.013,+00.000,Air
2026-09-14 14:01:47,+756.03,+024.54,+00.000,+00.000,+00.000,Air
2026-09-14 14:01:49,+756.04,+024.53,+00.000,+00.000,+00.000,Air
2026-09-14 14:01:51,+756.07,+024.56,+00.023,+00.023,+00.000,Air
2026-09-14 14:01:53,+756.10,+024.59,+00.008,+00.008,+00.000,Air
2026-09-14 14:01:55,+756.11,+024.56,+00.017,+00.017,+00.000,Air
2026-09-14 14:01:57,+756.04,+024.60,+00.035,+00.035,+00.000,Air
2026-09-14 14:01:59,+756.10,+024.58,+00.000,+00.000,+00.000,Air
2026-09-14 14:02:01,+756.00,+024.61,+00.000,+00.000,+00.000,Air
2026-09-14 14:02:03,+756.02,+024.56,+00.000,+00.000,+00.000,Air
2026-09-14 14:02:05,+756.11,+024.56,+00.000,+00.000,+00.000,Air
2026-09-14 14:02:07,+756.11,+024.60,+00.000,+00.000,+00.000,Air
2026-09-14 14:02:09,+756.09,+024.59,+00.000,+00.000,+00.000,Air
2026-09-14 14:02:11,+756.00,+024.55,+00.005,+00.005,+00.000,Air
2026-09-14 14:02:13,+756.06,+024.61,+00.000,+00.000,+00.000,Air
2026-09-14 14:02:15,+756.06,+024.58,+00.008,+00.008,+00.000,Air
2026-09-14 14:02:17,+756.04,+024.58,+00.000,+00.000,+00.000,Air
2026-09-14 14:02:19,+756.07,+024.59,+00.023,+00.023,+00.000,Air
2026-09-14 14:02:21,+756.05,+024.58,+00.020,+00.019,+00.000,Air
2026-09-14 14:02:23,+756.12,+024.58,+00.008,+00.008,+00.000,Air
2026-09-14 14:02:25,+755.98,+024.61,+00.023,+00.023,+00.000,Air
2026-09-14 14:02:27,+756.10,+024.61,+00.000,+00.000,+00.000,Air
2026-09-14 14:02:29,+756.08,+024.61,+00.000,+00.000,+00.000,Air
2026-09-14 14:02:31,+756.07,+024.59,+00.000,+00.000,+00.000,Air
2026-09-14 14:02:33,+756.07,+024.60,+00.027,+00.027,+00.000,Air
2026-09-14 14:02:35,+756.13,+024.55,+00.000,+00.000,+00.000,Air
2026-09-14 14:02:37,+756.05,+024.59,+00.000,+00.000,+00.000,Air
2026-09-14 14:02:39,+756.09,+024.59,+00.000,+00.000,+00.000,Air
2026-09-14 14:02:41,+756.04,+024.63,+00.000,+00.000,+00.000,Air
2026-09-14 14:02:43,+756.10,+024.57,+00.004,+00.004,+00.000,Air
2026-09-14 14:02:45,+755.99,+024.59,+00.001,+00.001,+00.000,Air
2026-09-14 14:02:47,+756.05,+024.55,+00.000,+00.000,+00.000,Air
2026-09-14 14:02:49,+756.15,+024.54,+00.000,+00.000,+00.000,Air
2026-09-14 14:02:51,+756.01,+024.58,+00.017,+00.017,+00.000,Air
2026-09-14 14:02:53,+756.12,+024.59,+00.000,+00.000,+00.000,Air
2026-09-14 14:02:55,+756.11,+024.58,+00.000,+00.000,+00.000,Air
2026-09-14 14:02:57,+756.06,+024.59,+00.000,+00.000,+00.000,Air
2026-09-14 14:02:59,+756.07,+024.53,+00.000,+00.000,+00.000,Air
2026-09-14 14:03:01,+756.12,+024.61,+00.000,+00.000,+00.000,Air
2026-09-14 14:03:03,+756.09,+024.58,+00.000,+00.000,+00.000,Air
2026-09-14 14:03:05,+756.19,+024.57,+00.000,+00.000,+00.000,Air
2026-09-14 14:03:07,+756.01,+024.58,+00.000,+00.000,+00.000,Air
2026-09-14 14:03:09,+756.10,+024.58,+00.031,+00.031,+00.000,Air
2026-09-14 14:03:11,+756.09,+024.56,+00.008,+00.008,+00.000,Air
2026-09-14 14:03:13,+756.05,+024.57,+00.002,+00.002,+00.000,Air
2026-09-14 14:03:15,+756.16,+024.59,+00.000,+00.000,+00.000,Air
2026-09-14 14:03:17,+756.08,+024.61,+00.009,+00.009,+00.000,Air
2026-09-14 14:03:19,+756.12,+024.59,+00.000,+00.000,+00.000,Air
2026-09-14 14:03:21,+756.00,+024.58,+00.003,+00.003,+00.000,Air
2026-09-14 14:03:23,+756.10,+024.59,+00.017,+00.017,+00.000,Air
2026-09-14 14:03:25,+756.12,+024.60,+00.000,+00.000,+00.000,Air
2026-09-14 14:03:27,+756.08,+024.59,+00.000,+00.000,+00.000,Air
2026-09-14 14:03:29,+756.03,+024.59,+00.000,+00.000,+00.000,Air
2026-09-14 14:03:31,+756.13,+024.56,+00.009,+00.009,+00.000,Air
2026-09-14 14:03:33,+756.08,+024.63,+00.000,+00.000,+00.000,Air
2026-09-14 14:03:35,+756.05,+024.63,+00.000,+00.000,+00.000,Air
2026-09-14 14:03:37,+756.08,+024.62,+00.000,+00.000,+00.000,Air
2026-09-14 14:03:39,+756.12,+024.56,+00.000,+00.000,+00.000,Air
2026-09-14 14:03:41,+756.10,+024.54,+00.006,+00.006,+00.000,Air
2026-09-14 14:03:43,+756.03,+024.60,+00.000,+00.000,+00.000,Air
2026-09-14 14:03:45,+756.08,+024.61,+00.024,+00.024,+00.000,Air
2026-09-14 14:03:47,+756.15,+024.59,+00.000,+00.000,+00.000,Air
2026-09-14 14:03:49,+756.08,+024.55,+00.000,+00.000,+00.000,Air
2026-09-14 14:03:51,+756.05,+024.61,+00.004,+00.004,+00.000,Air
2026-09-14 14:03:53,+756.10,+024.59,+00.011,+00.011,+00.000,Air
2026-09-14 14:03:55,+756.10,+024.57,+00.000,+00.000,+00.000,Air
2026-09-14 14:03:57,+756.02,+024.57,+00.000,+00.000,+00.000,Air
2026-09-14 14:03:59,+756.03,+024.58,+00.000,+00.000,+00.000,Air
2026-09-14 14:04:01,+756.08,+024.61,+00.000,+00.000,+00.000,Air
2026-09-14 14:04:03,+756.09,+024.60,+00.000,+00.000,+00.000,Air
2026-09-14 14:04:05,+756.09,+024.57,+00.000,+00.000,+00.000,Air
2026-09-14 14:04:07,+756.07,+024.59,+00.000,+00.000,+00.000,Air
2026-09-14 14:04:09,+756.09,+024.58,+00.004,+00.004,+00.000,Air
2026-09-14 14:04:11,+756.10,+024.60,+00.011,+00.011,+00.000,Air
2026-09-14 14:04:13,+756.11,+024.58,+00.004,+00.004,+00.000,Air
2026-09-14 14:04:15,+756.18,+024.59,+00.000,+00.000,+00.000,Air
2026-09-14 14:04:17,+756.05,+024.59,+00.000,+00.000,+00.000,Air
2026-09-14 14:04:19,+756.06,+024.60,+00.000,+00.000,+00.000,Air
2026-09-14 14:04:21,+756.11,+024.58,+00.010,+00.010,+00.000,Air
2026-09-14 14:04:23,+756.10,+024.56,+00.002,+00.002,+00.000,Air
2026-09-14 14:04:25,+756.10,+024.56,+00.000,+00.000,+00.000,Air
2026-09-14 14:04:27,+756.15,+024.61,+00.007,+00.007,+00.000,Air
2026-09-14 14:04:29,+756.16,+024.57,+00.000,+00.000,+00.000,Air
2026-09-14 14:04:31,+756.06,+024.61,+00.000,+00.000,+00.000,Air
2026-09-14 14:04:33,+756.08,+024.63,+00.020,+00.020,+00.000,Air
2026-09-14 14:04:35,+756.09,+024.59,+00.000,+00.000,+00.000,Air
2026-09-14 14:04:37,+756.11,+024.60,+00.020,+00.020,+00.000,Air
2026-09-14 14:04:39,+756.08,+024.59,+00.000,+00.000,+00.000,Air
2026-09-14 14:04:41,+756.07,+024.60,+00.000,+00.000,+00.000,Air
2026-09-14 14:04:43,+756.08,+024.62,+00.015,+00.015,+00.000,Air
2026-09-14 14:04:45,+756.11,+024.60,+00.001,+00.001,+00.000,Air
2026-09-14 14:04:47,+756.13,+024.59,+00.000,+00.000,+00.000,Air
2026-09-14 14:04:49,+756.06,+024.57,+00.028,+00.027,+00.000,Air
2026-09-14 14:04:51,+756.06,+024.57,+00.001,+00.001,+00.000,Air
2026-09-14 14:04:53,+756.03,+024.58,+00.009,+00.009,+00.000,Air
2026-09-14 14:04:55,+756.13,+024.61,+00.000,+00.000,+00.000,Air
2026-09-14 14:04:57,+756.06,+024.58,+00.008,+00.008,+00.000,Air
2026-09-14 14:04:59,+756.10,+024.62,+00.000,+00.000,+00.000,Air
2026-09-14 14:05:01,+756.10,+024.60,+00.000,+00.000,+00.000,Air
2026-09-14 14:05:03,+756.14,+024.60,+00.007,+00.007,+00.000,Air
2026-09-14 14:05:05,+756.03,+024.58,+00.000,+00.000,+00.000,Air
2026-09-14 14:05:07,+756.15,+024.61,+00.000,+00.000,+00.000,Air
2026-09-14 14:05:09,+756.10,+024.58,+00.010,+00.010,+00.000,Air
2026-09-14 14:05:11,+756.08,+024.58,+00.000,+00.000,+00.000,Air
2026-09-14 14:05:13,+756.10,+024.61,+00.004,+00.004,+00.000,Air
2026-09-14 14:05:15,+756.16,+024.56,+00.000,+00.000,+00.000,Air
2026-09-14 14:05:17,+756.08,+024.61,+00.000,+00.000,+00.000,Air
2026-09-14 14:05:19,+756.08,+024.56,+00.035,+00.035,+00.000,Air
2026-09-14 14:05:21,+756.08,+024.58,+00.000,+00.000,+00.000,Air
2026-09-14 14:05:23,+756.09,+024.59,+00.015,+00.015,+00.000,Air
2026-09-14 14:05:25,+756.12,+024.61,+00.011,+00.011,+00.000,Air
2026-09-14 14:05:27,+756.11,+024.61,+00.018,+00.018,+00.000,Air
2026-09-14 14:05:29,+756.17,+024.58,+00.000,+00.000,+00.000,Air
2026-09-14 14:05:31,+756.13,+024.61,+00.019,+00.019,+00.000,Air
2026-09-14 14:05:33,+756.10,+024.58,+00.000,+00.000,+00.000,Air
2026-09-14 14:05:35,+756.13,+024.61,+00.000,+00.000,+00.000,Air
2026-09-14 14:05:37,+756.09,+024.57,+00.019,+00.019,+00.000,Air
2026-09-14 14:05:39,+756.10,+024.60,+00.000,+00.000,+00.000,Air
2026-09-14 14:05:41,+756.13,+024.58,+00.009,+00.009,+00.000,Air
2026-09-14 14:05:43,+756.04,+024.56,+00.000,+00.000,+00.000,Air
2026-09-14 14:05:45,+756.14,+024.59,+00.000,+00.000,+00.000,Air
2026-09-14 14:05:47,+756.07,+024.60,+00.000,+00.000,+00.000,Air
2026-09-14 14:05:49,+756.15,+024.61,+00.003,+00.003,+00.000,Air
2026-09-14 14:05:51,+756.13,+024.59,+00.000,+00.000,+00.000,Air
2026-09-14 14:05:53,+756.17,+024.59,+00.000,+00.000,+00.000,Air
2026-09-14 14:05:55,+756.14,+024.60,+00.000,+00.000,+00.000,Air
2026-09-14 14:05:57,+756.16,+024.59,+00.009,+00.009,+00.000,Air
2026-09-14 14:05:59,+756.07,+024.61,+00.006,+00.006,+00.000,Air
2026-09-14 14:06:01,+756.07,+024.59,+00.000,+00.000,+00.000,Air
2026-09-14 14:06:03,+756.08,+024.61,+00.000,+00.000,+00.000,Air
2026-09-14 14:06:05,+756.14,+024.60,+00.007,+00.007,+00.000,Air
2026-09-14 14:06:07,+756.22,+024.60,+00.000,+00.000,+00.000,Air
2026-09-14 14:06:09,+756.10,+024.60,+00.000,+00.000,+00.000,Air
2026-09-14 14:06:11,+756.09,+024.59,+00.000,+00.000,+00.000,Air
2026-09-14 14:06:13,+756.13,+024.61,+00.000,+00.000,+00.000,Air
2026-09-14 14:06:15,+756.05,+024.58,+00.000,+00.000,+00.000,Air
2026-09-14 14:06:17,+756.13,+024.59,+00.018,+00.018,+00.000,Air
2026-09-14 14:06:19,+756.10,+024.58,+00.026,+00.026,+00.000,Air
2026-09-14 14:06:21,+756.24,+024.60,+00.483,+00.482,+05.000,Air
2026-09-14 14:06:23,+756.53,+024.60,+00.898,+00.895,+05.000,Air
2026-09-14 14:06:25,+756.70,+024.59,+01.297,+01.293,+05.000,Air
2026-09-14 14:06:27,+756.76,+024.62,+01.668,+01.663,+05.000,Air
2026-09-14 14:06:29,+756.95,+024.62,+01.979,+01.974,+05.000,Air
2026-09-14 14:06:31,+757.02,+024.59,+02.254,+02.248,+05.000,Air
2026-09-14 14:06:33,+757.21,+024.61,+02.511,+02.506,+05.000,Air
2026-09-14 14:06:35,+757.30,+024.60,+02.772,+02.766,+05.000,Air
2026-09-14 14:06:37,+757.43,+024.60,+02.975,+02.969,+05.000,Air
2026-09-14 14:06:39,+757.52,+024.62,+03.182,+03.176,+05.000,Air
2026-09-14 14:06:41,+757.56,+024.62,+03.331,+03.324,+05.000,Air
2026-09-14 14:06:43,+757.61,+024.61,+03.498,+03.492,+05.000,Air
2026-09-14 14:06:45,+757.71,+024.60,+03.645,+03.639,+05.000,Air
2026-09-14 14:06:47,+757.75,+024.59,+03.797,+03.791,+05.000,Air
2026-09-14 14:06:49,+757.82,+024.62,+03.897,+03.891,+05.000,Air
2026-09-14 14:06:51,+757.81,+024.61,+03.989,+03.983,+05.000,Air
2026-09-14 14:06:53,+757.76,+024.58,+04.092,+04.086,+05.000,Air
2026-09-14 14:06:55,+757.92,+024.57,+04.184,+04.179,+05.000,Air
2026-09-14 14:06:57,+757.94,+024.63,+04.274,+04.268,+05.000,Air
2026-09-14 14:06:59,+758.02,+024.60,+04.308,+04.303,+05.000,Air
2026-09-14 14:07:01,+757.98,+024.60,+04.386,+04.380,+05.000,Air
2026-09-14 14:07:03,+758.05,+024.61,+04.425,+04.419,+05.000,Air
2026-09-14 14:07:05,+758.05,+024.59,+04.491,+04.486,+05.000,Air
2026-09-14 14:07:07,+758.11,+024.62,+04.543,+04.538,+05.000,Air
2026-09-14 14:07:09,+758.00,+024.60,+04.575,+04.569,+05.000,Air
2026-09-14 14:07:11,+758.09,+024.59,+04.637,+04.631,+05.000,Air
2026-09-14 14:07:13,+758.14,+024.62,+04.662,+04.656,+05.000,Air
2026-09-14 14:07:15,+758.08,+024.61,+04.681,+04.675,+05.000,Air
2026-09-14 14:07:17,+758.22,+024.62,+04.763,+04.758,+05.000,Air
2026-09-14 14:07:19,+758.16,+024.64,+04.771,+04.765,+05.000,Air
2026-09-14 14:07:21,+758.15,+024.59,+04.785,+04.780,+05.000,Air
2026-09-14 14:07:23,+758.13,+024.62,+04.823,+04.817,+05.000,Air
2026-09-14 14:07:25,+758.16,+024.56,+04.812,+04.808,+05.000,Air
2026-09-14 14:07:27,+758.14,+024.59,+04.824,+04.819,+05.000,Air
2026-09-14 14:07:29,+758.13,+024.60,+04.848,+04.842,+05.000,Air
2026-09-14 14:07:31,+758.19,+024.61,+04.875,+04.870,+05.000,Air
2026-09-14 14:07:33,+758.20,+024.62,+04.898,+04.893,+05.000,Air
2026-09-14 14:07:35,+758.24,+024.60,+04.921,+04.917,+05.000,Air
2026-09-14 14:07:37,+758.21,+024.63,+04.924,+04.918,+05.000,Air
2026-09-14 14:07:39,+758.20,+024.64,+04.900,+04.895,+05.000,Air
2026-09-14 14:07:41,+758.19,+024.61,+04.949,+04.944,+05.000,Air
2026-09-14 14:07:43,+758.21,+024.59,+04.927,+04.923,+05.000,Air
2026-09-14 14:07:45,+758.13,+024.60,+04.933,+04.927,+05.000,Air
2026-09-14 14:07:47,+758.19,+024.61,+04.939,+04.933,+05.000,Air
2026-09-14 14:07:49,+758.28,+024.61,+04.928,+04.924,+05.000,Air
2026-09-14 14:07:51,+758.19,+024.62,+04.913,+04.908,+05.000,Air
2026-09-14 14:07:53,+758.18,+024.59,+04.979,+04.974,+05.000,Air
2026-09-14 14:07:55,+758.24,+024.59,+04.955,+04.950,+05.000,Air
2026-09-14 14:07:57,+758.22,+024.62,+04.973,+04.968,+05.000,Air
2026-09-14 14:07:59,+758.17,+024.60,+04.974,+04.968,+05.000,Air
2026-09-14 14:08:01,+758.21,+024.63,+04.957,+04.952,+05.000,Air
2026-09-14 14:08:03,+758.23,+024.62,+04.996,+04.991,+05.000,Air
2026-09-14 14:08:05,+758.22,+024.62,+05.007,+05.001,+05.000,Air
2026-09-14 14:08:07,+758.28,+024.60,+04.955,+04.950,+05.000,Air
2026-09-14 14:08:09,+758.28,+024.63,+04.991,+04.985,+05.000,Air
2026-09-14 14:08:11,+758.23,+024.63,+04.969,+04.964,+05.000,Air
2026-09-14 14:08:13,+758.26,+024.64,+05.005,+05.000,+05.000,Air
2026-09-14 14:08:15,+758.21,+024.62,+05.006,+05.001,+05.000,Air
2026-09-14 14:08:17,+758.26,+024.63,+05.001,+04.996,+05.000,Air
2026-09-14 14:08:19,+758.26,+024.63,+04.972,+04.967,+05.000,Air
2026-09-14 14:08:21,+758.34,+024.64,+04.998,+04.994,+05.000,Air
2026-09-14 14:08:23,+758.28,+024.67,+04.985,+04.980,+05.000,Air
2026-09-14 14:08:25,+758.30,+024.61,+04.995,+04.991,+05.000,Air
2026-09-14 14:08:27,+758.20,+024.61,+04.984,+04.979,+05.000,Air
2026-09-14 14:08:29,+758.30,+024.62,+04.988,+04.984,+05.000,Air
2026-09-14 14:08:31,+758.24,+024.59,+04.989,+04.985,+05.000,Air
2026-09-14 14:08:33,+758.34,+024.60,+04.989,+04.985,+05.000,Air
2026-09-14 14:08:35,+758.18,+024.64,+04.978,+04.972,+05.000,Air
2026-09-14 14:08:37,+758.18,+024.64,+05.021,+05.015,+05.000,Air
2026-09-14 14:08:39,+758.33,+024.63,+04.996,+04.991,+05.000,Air
2026-09-14 14:08:41,+758.24,+024.62,+04.979,+04.974,+05.000,Air
2026-09-14 14:08:43,+758.22,+024.63,+04.949,+04.944,+05.000,Air
2026-09-14 14:08:45,+758.30,+024.61,+05.021,+05.017,+05.000,Air
2026-09-14 14:08:47,+758.19,+024.63,+04.998,+04.993,+05.000,Air
2026-09-14 14:08:49,+758.27,+024.60,+04.975,+04.970,+05.000,Air
2026-09-14 14:08:51,+758.23,+024.60,+05.014,+05.009,+05.000,Air
2026-09-14 14:08:53,+758.24,+024.59,+05.024,+05.020,+05.000,Air
2026-09-14 14:08:55,+758.27,+024.65,+05.000,+04.994,+05.000,Air
2026-09-14 14:08:57,+758.34,+024.68,+04.992,+04.986,+05.000,Air
2026-09-14 14:08:59,+758.38,+024.63,+05.020,+05.016,+05.000,Air
2026-09-14 14:09:01,+758.18,+024.62,+05.013,+05.008,+05.000,Air
2026-09-14 14:09:03,+758.24,+024.66,+04.989,+04.983,+05.000,Air
2026-09-14 14:09:05,+758.34,+024.62,+05.006,+05.002,+05.000,Air
2026-09-14 14:09:07,+758.33,+024.60,+05.011,+05.006,+05.000,Air
2026-09-14 14:09:09,+758.26,+024.58,+05.004,+04.999,+05.000,Air
2026-09-14 14:09:11,+758.27,+024.63,+05.008,+05.002,+05.000,Air
2026-09-14 14:09:13,+758.24,+024.61,+05.029,+05.024,+05.000,Air
2026-09-14 14:09:15,+758.23,+024.66,+05.016,+05.010,+05.000,Air
2026-09-14 14:09:17,+758.30,+024.64,+05.012,+05.007,+05.000,Air
2026-09-14 14:09:19,+758.24,+024.62,+04.989,+04.983,+05.000,Air
2026-09-14 14:09:21,+758.25,+024.66,+05.031,+05.025,+05.000,Air
2026-09-14 14:09:23,+758.21,+024.59,+05.021,+05.016,+05.000,Air
2026-09-14 14:09:25,+758.31,+024.64,+05.000,+04.995,+05.000,Air
2026-09-14 14:09:27,+758.25,+024.61,+05.008,+05.004,+05.000,Air
2026-09-14 14:09:29,+758.26,+024.62,+05.001,+04.996,+05.000,Air
2026-09-14 14:09:31,+758.28,+024.62,+05.007,+05.002,+05.000,Air
2026-09-14 14:09:33,+758.20,+024.62,+04.990,+04.984,+05.000,Air
2026-09-14 14:09:35,+758.24,+024.62,+05.012,+05.007,+05.000,Air
2026-09-14 14:09:37,+758.26,+024.63,+05.005,+05.000,+05.000,Air
2026-09-14 14:09:39,+758.39,+024.63,+04.979,+04.974,+05.000,Air
2026-09-14 14:09:41,+758.24,+024.65,+05.019,+05.013,+05.000,Air
2026-09-14 14:09:43,+758.28,+024.64,+04.997,+04.992,+05.000,Air
2026-09-14 14:09:45,+758.19,+024.64,+04.993,+04.987,+05.000,Air
2026-09-14 14:09:47,+758.35,+024.61,+05.018,+05.013,+05.000,Air
2026-09-14 14:09:49,+758.28,+024.66,+05.014,+05.009,+05.000,Air
2026-09-14 14:09:51,+758.24,+024.61,+05.007,+05.002,+05.000,Air
2026-09-14 14:09:53,+758.27,+024.65,+05.009,+05.003,+05.000,Air
2026-09-14 14:09:55,+758.23,+024.67,+05.005,+04.999,+05.000,Air
2026-09-14 14:09:57,+758.35,+024.64,+05.016,+05.011,+05.000,Air
2026-09-14 14:09:59,+758.27,+024.60,+05.022,+05.017,+05.000,Air
2026-09-14 14:10:01,+758.24,+024.62,+05.006,+05.001,+05.000,Air
2026-09-14 14:10:03,+758.22,+024.67,+05.017,+05.011,+05.000,Air
2026-09-14 14:10:05,+758.22,+024.65,+04.990,+04.984,+05.000,Air
2026-09-14 14:10:07,+758.31,+024.65,+05.000,+04.994,+05.000,Air
2026-09-14 14:10:09,+758.24,+024.62,+04.971,+04.966,+05.000,Air
2026-09-14 14:10:11,+758.32,+024.65,+05.009,+05.004,+05.000,Air
2026-09-14 14:10:13,+758.34,+024.63,+04.987,+04.982,+05.000,Air
2026-09-14 14:10:15,+758.25,+024.63,+05.019,+05.014,+05.000,Air
2026-09-14 14:10:17,+758.36,+024.62,+05.032,+05.027,+05.000,Air
2026-09-14 14:10:19,+758.26,+024.63,+05.020,+05.014,+05.000,Air
2026-09-14 14:10:21,+758.25,+024.61,+05.014,+05.009,+05.000,Air
2026-09-14 14:10:23,+758.27,+024.61,+05.019,+05.014,+05.000,Air
2026-09-14 14:10:25,+758.23,+024.62,+05.010,+05.004,+05.000,Air
2026-09-14 14:10:27,+758.23,+024.60,+05.008,+05.003,+05.000,Air
2026-09-14 14:10:29,+758.19,+024.69,+04.975,+04.968,+05.000,Air
2026-09-14 14:10:31,+758.29,+024.63,+04.991,+04.986,+05.000,Air
2026-09-14 14:10:33,+758.25,+024.63,+05.014,+05.009,+05.000,Air
2026-09-14 14:10:35,+758.30,+024.67,+04.988,+04.982,+05.000,Air
2026-09-14 14:10:37,+758.33,+024.64,+05.010,+05.005,+05.000,Air
2026-09-14 14:10:39,+758.30,+024.62,+05.004,+04.999,+05.000,Air
2026-09-14 14:10:41,+758.36,+024.64,+05.002,+04.997,+05.000,Air
2026-09-14 14:10:43,+758.22,+024.60,+05.017,+05.012,+05.000,Air
2026-09-14 14:10:45,+758.23,+024.65,+05.004,+04.998,+05.000,Air
2026-09-14 14:10:47,+758.19,+024.62,+04.990,+04.985,+05.000,Air
2026-09-14 14:10:49,+758.30,+024.66,+05.029,+05.023,+05.000,Air
2026-09-14 14:10:51,+758.29,+024.63,+05.020,+05.015,+05.000,Air
2026-09-14 14:10:53,+758.34,+024.66,+05.017,+05.011,+05.000,Air
2026-09-14 14:10:55,+758.32,+024.65,+05.020,+05.014,+05.000,Air
2026-09-14 14:10:57,+758.24,+024.63,+05.022,+05.016,+05.000,Air
2026-09-14 14:10:59,+758.27,+024.63,+05.004,+04.999,+05.000,Air
2026-09-14 14:11:01,+758.35,+024.62,+05.005,+05.000,+05.000,Air
2026-09-14 14:11:03,+758.22,+024.65,+05.000,+04.994,+05.000,Air
2026-09-14 14:11:05,+758.28,+024.63,+05.002,+04.997,+05.000,Air
2026-09-14 14:11:07,+758.33,+024.67,+05.038,+05.032,+05.000,Air
2026-09-14 14:11:09,+758.26,+024.60,+04.992,+04.987,+05.000,Air
2026-09-14 14:11:11,+758.32,+024.65,+04.998,+04.993,+05.000,Air
2026-09-14 14:11:13,+758.25,+024.64,+05.018,+05.013,+05.000,Air
2026-09-14 14:11:15,+758.24,+024.62,+05.004,+04.999,+05.000,Air
2026-09-14 14:11:17,+758.27,+024.63,+04.980,+04.975,+05.000,Air
2026-09-14 14:11:19,+758.29,+024.64,+04.999,+04.993,+05.000,Air
2026-09-14 14:11:21,+758.28,+024.63,+05.002,+04.997,+05.000,Air
2026-09-14 14:11:23,+758.23,+024.64,+05.002,+04.997,+05.000,Air
2026-09-14 14:11:25,+758.18,+024.68,+05.021,+05.014,+05.000,Air
2026-09-14 14:11:27,+758.19,+024.65,+04.999,+04.993,+05.000,Air
2026-09-14 14:11:29,+758.35,+024.64,+04.988,+04.984,+05.000,Air
2026-09-14 14:11:31,+758.35,+024.65,+05.009,+05.004,+05.000,Air
2026-09-14 14:11:33,+758.30,+024.65,+05.024,+05.019,+05.000,Air
2026-09-14 14:11:35,+758.20,+024.65,+04.994,+04.988,+05.000,Air
2026-09-14 14:11:37,+758.38,+024.65,+05.007,+05.002,+05.000,Air
2026-09-14 14:11:39,+758.25,+024.66,+04.987,+04.982,+05.000,Air
2026-09-14 14:11:41,+758.33,+024.62,+05.016,+05.011,+05.000,Air
2026-09-14 14:11:43,+758.29,+024.60,+04.999,+04.994,+05.000,Air
2026-09-14 14:11:45,+758.25,+024.64,+04.977,+04.972,+05.000,Air
2026-09-14 14:11:47,+758.25,+024.62,+05.006,+05.000,+05.000,Air
2026-09-14 14:11:49,+758.29,+024.64,+05.027,+05.022,+05.000,Air
2026-09-14 14:11:51,+758.32,+024.60,+04.989,+04.985,+05.000,Air
2026-09-14 14:11:53,+758.36,+024.63,+05.004,+05.000,+05.000,Air
2026-09-14 14:11:55,+758.29,+024.62,+05.008,+05.003,+05.000,Air
2026-09-14 14:11:57,+758.27,+024.67,+05.026,+05.020,+05.000,Air
2026-09-14 14:11:59,+758.25,+024.66,+04.988,+04.982,+05.000,Air
2026-09-14 14:12:01,+758.23,+024.60,+04.996,+04.991,+05.000,Air
2026-09-14 14:12:03,+758.32,+024.65,+05.009,+05.004,+05.000,Air
2026-09-14 14:12:05,+758.38,+024.63,+05.023,+05.019,+05.000,Air
2026-09-14 14:12:07,+758.25,+024.66,+04.992,+04.986,+05.000,Air
2026-09-14 14:12:09,+758.38,+024.66,+05.007,+05.002,+05.000,Air
2026-09-14 14:12:11,+758.39,+024.60,+05.006,+05.002,+05.000,Air
2026-09-14 14:12:13,+758.29,+024.66,+05.007,+05.002,+05.000,Air
2026-09-14 14:12:15,+758.28,+024.59,+05.011,+05.006,+05.000,Air
2026-09-14 14:12:17,+758.29,+024.61,+04.987,+04.982,+05.000,Air
2026-09-14 14:12:19,+758.28,+024.66,+04.996,+04.991,+05.000,Air
2026-09-14 14:12:21,+758.30,+024.64,+05.009,+05.004,+05.000,Air
2026-09-14 14:12:23,+758.28,+024.64,+05.022,+05.017,+05.000,Air
2026-09-14 14:12:25,+758.27,+024.68,+04.984,+04.978,+05.000,Air
2026-09-14 14:12:27,+758.41,+024.68,+05.022,+05.017,+05.000,Air
2026-09-14 14:12:29,+758.28,+024.63,+04.997,+04.992,+05.000,Air
2026-09-14 14:12:31,+758.35,+024.65,+05.029,+05.024,+05.000,Air
2026-09-14 14:12:33,+758.39,+024.67,+04.992,+04.986,+05.000,Air
2026-09-14 14:12:35,+758.25,+024.66,+04.989,+04.983,+05.000,Air
2026-09-14 14:12:37,+758.27,+024.69,+04.985,+04.978,+05.000,Air
2026-09-14 14:12:39,+758.26,+024.63,+04.999,+04.994,+05.000,Air
2026-09-14 14:12:41,+758.34,+024.62,+04.995,+04.990,+05.000,Air
2026-09-14 14:12:43,+758.30,+024.65,+04.999,+04.994,+05.000,Air
2026-09-14 14:12:45,+758.18,+024.64,+05.023,+05.017,+05.000,Air
2026-09-14 14:12:47,+758.32,+024.65,+05.025,+05.020,+05.000,Air
2026-09-14 14:12:49,+758.29,+024.63,+05.002,+04.997,+05.000,Air
2026-09-14 14:12:51,+758.28,+024.69,+05.022,+05.015,+05.000,Air
2026-09-14 14:12:53,+758.31,+024.70,+04.987,+04.981,+05.000,Air
2026-09-14 14:12:55,+758.40,+024.65,+05.037,+05.033,+05.000,Air
2026-09-14 14:12:57,+758.17,+024.63,+04.997,+04.991,+05.000,Air
2026-09-14 14:12:59,+758.33,+024.61,+05.029,+05.025,+05.000,Air
2026-09-14 14:13:01,+758.29,+024.65,+05.020,+05.014,+05.000,Air
2026-09-14 14:13:03,+758.24,+024.65,+04.981,+04.975,+05.000,Air
2026-09-14 14:13:05,+758.30,+024.65,+05.008,+05.002,+05.000,Air
2026-09-14 14:13:07,+758.29,+024.67,+04.986,+04.980,+05.000,Air
2026-09-14 14:13:09,+758.33,+024.66,+05.004,+04.999,+05.000,Air
2026-09-14 14:13:11,+758.33,+024.68,+05.000,+04.994,+05.000,Air
2026-09-14 14:13:13,+758.32,+024.61,+05.021,+05.016,+05.000,Air
2026-09-14 14:13:15,+758.25,+024.61,+05.002,+04.997,+05.000,Air
2026-09-14 14:13:17,+758.27,+024.66,+04.979,+04.973,+05.000,Air
2026-09-14 14:13:19,+758.38,+024.64,+05.019,+05.015,+05.000,Air
2026-09-14 14:13:21,+758.39,+024.65,+05.013,+05.009,+05.000,Air
2026-09-14 14:13:23,+758.37,+024.68,+04.992,+04.987,+05.000,Air
2026-09-14 14:13:25,+758.23,+024.63,+04.991,+04.986,+05.000,Air
2026-09-14 14:13:27,+758.30,+024.65,+05.005,+04.999,+05.000,Air
2026-09-14 14:13:29,+758.33,+024.68,+04.991,+04.986,+05.000,Air
2026-09-14 14:13:31,+758.38,+024.62,+05.015,+05.011,+05.000,Air
2026-09-14 14:13:33,+758.49,+024.65,+05.021,+05.017,+05.000,Air
2026-09-14 14:13:35,+758.41,+024.65,+05.003,+04.998,+05.000,Air
2026-09-14 14:13:37,+758.31,+024.64,+04.982,+04.977,+05.000,Air
2026-09-14 14:13:39,+758.40,+024.65,+05.016,+05.012,+05.000,Air
2026-09-14 14:13:41,+758.36,+024.66,+05.009,+05.004,+05.000,Air
2026-09-14 14:13:43,+758.28,+024.63,+05.024,+05.019,+05.000,Air
2026-09-14 14:13:45,+758.31,+024.65,+05.005,+05.000,+05.000,Air
2026-09-14 14:13:47,+758.39,+024.64,+05.030,+05.026,+05.000,Air
2026-09-14 14:13:49,+758.40,+024.67,+05.015,+05.010,+05.000,Air
2026-09-14 14:13:51,+758.32,+024.65,+04.980,+04.975,+05.000,Air
2026-09-14 14:13:53,+758.29,+024.65,+04.976,+04.970,+05.000,Air
2026-09-14 14:13:55,+758.43,+024.67,+05.024,+05.020,+05.000,Air
2026-09-14 14:13:57,+758.33,+024.67,+04.993,+04.988,+05.000,Air
2026-09-14 14:13:59,+758.30,+024.66,+05.025,+05.020,+05.000,Air
2026-09-14 14:14:01,+758.36,+024.67,+05.009,+05.003,+05.000,Air
2026-09-14 14:14:03,+758.36,+024.68,+05.029,+05.024,+05.000,Air
2026-09-14 14:14:05,+758.33,+024.66,+05.020,+05.015,+05.000,Air
2026-09-14 14:14:07,+758.34,+024.65,+05.009,+05.004,+05.000,Air
2026-09-14 14:14:09,+758.25,+024.67,+04.986,+04.980,+05.000,Air
2026-09-14 14:14:11,+758.25,+024.64,+04.986,+04.981,+05.000,Air
2026-09-14 14:14:13,+758.35,+024.66,+04.984,+04.979,+05.000,Air
2026-09-14 14:14:15,+758.27,+024.66,+05.023,+05.017,+05.000,Air
2026-09-14 14:14:17,+758.34,+024.66,+04.993,+04.987,+05.000,Air
2026-09-14 14:14:19,+758.24,+024.64,+04.981,+04.975,+05.000,Air
2026-09-14 14:14:21,+758.19,+024.66,+05.033,+05.027,+05.000,Air
2026-09-14 14:14:23,+758.33,+024.67,+05.009,+05.004,+05.000,Air
2026-09-14 14:14:25,+758.31,+024.65,+04.995,+04.989,+05.000,Air
2026-09-14 14:14:27,+758.35,+024.66,+04.965,+04.960,+05.000,Air
2026-09-14 14:14:29,+758.30,+024.65,+05.002,+04.997,+05.000,Air
2026-09-14 14:14:31,+758.25,+024.61,+04.991,+04.986,+05.000,Air
2026-09-14 14:14:33,+758.34,+024.64,+05.025,+05.020,+05.000,Air
2026-09-14 14:14:35,+758.38,+024.67,+05.005,+05.000,+05.000,Air
2026-09-14 14:14:37,+758.35,+024.67,+05.002,+04.996,+05.000,Air
2026-09-14 14:14:39,+758.36,+024.64,+04.996,+04.991,+05.000,Air
2026-09-14 14:14:41,+758.29,+024.67,+04.986,+04.981,+05.000,Air
2026-09-14 14:14:43,+758.30,+024.68,+05.014,+05.008,+05.000,Air
2026-09-14 14:14:45,+758.24,+024.66,+04.993,+04.987,+05.000,Air
2026-09-14 14:14:47,+758.31,+024.64,+04.988,+04.983,+05.000,Air
2026-09-14 14:14:49,+758.31,+024.69,+04.982,+04.976,+05.000,Air
2026-09-14 14:14:51,+758.38,+024.66,+05.014,+05.009,+05.000,Air
2026-09-14 14:14:53,+758.39,+024.66,+05.021,+05.016,+05.000,Air
2026-09-14 14:14:55,+758.42,+024.68,+05.014,+05.009,+05.000,Air
2026-09-14 14:14:57,+758.32,+024.66,+05.025,+05.019,+05.000,Air
2026-09-14 14:14:59,+758.47,+024.67,+05.036,+05.032,+05.000,Air
2026-09-14 14:15:01,+758.38,+024.65,+04.999,+04.995,+05.000,Air
2026-09-14 14:15:03,+758.31,+024.66,+05.008,+05.003,+05.000,Air
2026-09-14 14:15:05,+758.35,+024.68,+05.016,+05.011,+05.000,Air
2026-09-14 14:15:07,+758.37,+024.68,+05.001,+04.995,+05.000,Air
2026-09-14 14:15:09,+758.33,+024.66,+05.006,+05.001,+05.000,Air
2026-09-14 14:15:11,+758.35,+024.66,+04.977,+04.972,+05.000,Air
2026-09-14 14:15:13,+758.34,+024.67,+05.012,+05.007,+05.000,Air
2026-09-14 14:15:15,+758.32,+024.67,+05.007,+05.001,+05.000,Air
2026-09-14 14:15:17,+758.36,+024.66,+05.012,+05.007,+05.000,Air
2026-09-14 14:15:19,+758.38,+024.67,+05.014,+05.009,+05.000,Air
2026-09-14 14:15:21,+758.36,+024.69,+05.016,+05.010,+05.000,Air
2026-09-14 14:15:23,+758.28,+024.66,+04.998,+04.992,+05.000,Air
2026-09-14 14:15:25,+758.33,+024.68,+05.005,+04.999,+05.000,Air
2026-09-14 14:15:27,+758.40,+024.66,+04.994,+04.989,+05.000,Air
2026-09-14 14:15:29,+758.34,+024.67,+05.010,+05.005,+05.000,Air
2026-09-14 14:15:31,+758.35,+024.66,+04.980,+04.975,+05.000,Air
2026-09-14 14:15:33,+758.37,+024.65,+05.001,+04.996,+05.000,Air
2026-09-14 14:15:35,+758.32,+024.63,+04.979,+04.974,+05.000,Air
2026-09-14 14:15:37,+758.39,+024.65,+05.009,+05.004,+05.000,Air
2026-09-14 14:15:39,+758.30,+024.67,+05.016,+05.011,+05.000,Air
2026-09-14 14:15:41,+758.33,+024.67,+05.018,+05.012,+05.000,Air
2026-09-14 14:15:43,+758.37,+024.68,+05.014,+05.008,+05.000,Air
2026-09-14 14:15:45,+758.38,+024.67,+05.007,+05.002,+05.000,Air
2026-09-14 14:15:47,+758.30,+024.67,+04.993,+04.987,+05.000,Air
2026-09-14 14:15:49,+758.31,+024.65,+05.001,+04.996,+05.000,Air
2026-09-14 14:15:51,+758.32,+024.70,+04.985,+04.979,+05.000,Air
2026-09-14 14:15:53,+758.37,+024.64,+05.026,+05.022,+05.000,Air
2026-09-14 14:15:55,+758.41,+024.63,+05.008,+05.004,+05.000,Air
2026-09-14 14:15:57,+758.40,+024.69,+05.020,+05.015,+05.000,Air
2026-09-14 14:15:59,+758.33,+024.64,+05.041,+05.036,+05.000,Air
2026-09-14 14:16:01,+758.31,+024.65,+04.989,+04.984,+05.000,Air
2026-09-14 14:16:03,+758.38,+024.66,+05.028,+05.024,+05.000,Air
2026-09-14 14:16:05,+758.47,+024.67,+05.000,+04.996,+05.000,Air
2026-09-14 14:16:07,+758.32,+024.67,+04.983,+04.978,+05.000,Air
2026-09-14 14:16:09,+758.37,+024.67,+04.972,+04.966,+05.000,Air
2026-09-14 14:16:11,+758.33,+024.66,+04.992,+04.986,+05.000,Air
2026-09-14 14:16:13,+758.32,+024.68,+04.994,+04.989,+05.000,Air
2026-09-14 14:16:15,+758.32,+024.69,+04.991,+04.985,+05.000,Air
2026-09-14 14:16:17,+758.39,+024.66,+04.982,+04.977,+05.000,Air
2026-09-14 14:16:19,+758.39,+024.67,+05.024,+05.019,+05.000,Air
2026-09-14 14:16:21,+758.37,+024.65,+04.998,+04.993,+05.000,Air
2026-09-14 14:16:23,+758.33,+024.66,+05.000,+04.994,+05.000,Air
2026-09-14 14:16:25,+758.33,+024.64,+04.992,+04.987,+05.000,Air
2026-09-14 14:16:27,+758.45,+024.68,+05.006,+05.002,+05.000,Air
2026-09-14 14:16:29,+758.35,+024.67,+05.010,+05.004,+05.000,Air
2026-09-14 14:16:31,+758.44,+024.66,+05.011,+05.007,+05.000,Air
2026-09-14 14:16:33,+758.51,+024.67,+05.008,+05.003,+05.000,Air
2026-09-14 14:16:35,+758.43,+024.66,+04.997,+04.993,+05.000,Air
2026-09-14 14:16:37,+758.42,+024.72,+05.037,+05.031,+05.000,Air
2026-09-14 14:16:39,+758.36,+024.68,+05.030,+05.025,+05.000,Air
2026-09-14 14:16:41,+758.34,+024.71,+05.013,+05.007,+05.000,Air
2026-09-14 14:16:43,+758.30,+024.68,+05.006,+05.000,+05.000,Air
2026-09-14 14:16:45,+758.46,+024.70,+05.009,+05.004,+05.000,Air
2026-09-14 14:16:47,+758.40,+024.66,+05.030,+05.026,+05.000,Air
2026-09-14 14:16:49,+758.52,+024.68,+05.000,+04.995,+05.000,Air
2026-09-14 14:16:51,+758.34,+024.68,+04.997,+04.992,+05.000,Air
2026-09-14 14:16:53,+758.36,+024.68,+04.987,+04.981,+05.000,Air
2026-09-14 14:16:55,+758.37,+024.65,+04.995,+04.991,+05.000,Air
2026-09-14 14:16:57,+758.21,+024.69,+05.024,+05.018,+05.000,Air
2026-09-14 14:16:59,+758.45,+024.67,+05.006,+05.001,+05.000,Air
2026-09-14 14:17:01,+758.30,+024.68,+05.000,+04.995,+05.000,Air
2026-09-14 14:17:03,+758.49,+024.67,+05.027,+05.023,+05.000,Air
2026-09-14 14:17:05,+758.45,+024.69,+05.014,+05.009,+05.000,Air
2026-09-14 14:17:07,+758.27,+024.63,+05.012,+05.007,+05.000,Air
2026-09-14 14:17:09,+758.32,+024.70,+05.011,+05.005,+05.000,Air
2026-09-14 14:17:11,+758.39,+024.66,+05.024,+05.019,+05.000,Air
2026-09-14 14:17:13,+758.32,+024.69,+04.983,+04.978,+05.000,Air
2026-09-14 14:17:15,+758.37,+024.66,+04.989,+04.984,+05.000,Air
2026-09-14 14:17:17,+758.26,+024.70,+04.989,+04.982,+05.000,Air
2026-09-14 14:17:19,+758.35,+024.67,+05.006,+05.001,+05.000,Air
2026-09-14 14:17:21,+758.33,+024.67,+04.993,+04.987,+05.000,Air
2026-09-14 14:17:23,+758.41,+024.65,+05.008,+05.003,+05.000,Air
2026-09-14 14:17:25,+758.36,+024.68,+04.991,+04.986,+05.000,Air
2026-09-14 14:17:27,+758.50,+024.72,+05.009,+05.003,+05.000,Air
2026-09-14 14:17:29,+758.32,+024.71,+05.025,+05.019,+05.000,Air
2026-09-14 14:17:31,+758.33,+024.66,+05.009,+05.003,+05.000,Air
2026-09-14 14:17:33,+758.42,+024.66,+05.010,+05.005,+05.000,Air
2026-09-14 14:17:35,+758.33,+024.64,+04.995,+04.990,+05.000,Air
2026-09-14 14:17:37,+758.37,+024.69,+04.996,+04.991,+05.000,Air
2026-09-14 14:17:39,+758.38,+024.63,+04.990,+04.986,+05.000,Air
2026-09-14 14:17:41,+758.48,+024.68,+04.993,+04.988,+05.000,Air
2026-09-14 14:17:43,+758.44,+024.66,+04.991,+04.986,+05.000,Air
2026-09-14 14:17:45,+758.39,+024.70,+05.005,+04.999,+05.000,Air
2026-09-14 14:17:47,+758.38,+024.65,+05.023,+05.018,+05.000,Air
2026-09-14 14:17:49,+758.38,+024.68,+04.994,+04.988,+05.000,Air
2026-09-14 14:17:51,+758.46,+024.71,+04.979,+04.974,+05.000,Air
2026-09-14 14:17:53,+758.36,+024.69,+05.002,+04.997,+05.000,Air
2026-09-14 14:17:55,+758.44,+024.68,+04.988,+04.983,+05.000,Air
2026-09-14 14:17:57,+758.36,+024.69,+05.032,+05.027,+05.000,Air
2026-09-14 14:17:59,+758.36,+024.69,+05.009,+05.004,+05.000,Air
2026-09-14 14:18:01,+758.34,+024.66,+04.981,+04.976,+05.000,Air
2026-09-14 14:18:03,+758.44,+024.65,+04.978,+04.974,+05.000,Air
2026-09-14 14:18:05,+758.33,+024.70,+05.021,+05.015,+05.000,Air
2026-09-14 14:18:07,+758.39,+024.73,+04.995,+04.989,+05.000,Air
2026-09-14 14:18:09,+758.30,+024.71,+05.020,+05.014,+05.000,Air
2026-09-14 14:18:11,+758.48,+024.67,+05.036,+05.031,+05.000,Air
2026-09-14 14:18:13,+758.44,+024.70,+05.000,+04.995,+05.000,Air
2026-09-14 14:18:15,+758.41,+024.68,+05.015,+05.010,+05.000,Air
2026-09-14 14:18:17,+758.34,+024.67,+04.998,+04.993,+05.000,Air
2026-09-14 14:18:19,+758.37,+024.67,+05.007,+05.002,+05.000,Air
2026-09-14 14:18:21,+758.41,+024.62,+04.991,+04.987,+05.000,Air
2026-09-14 14:18:23,+758.34,+024.67,+05.006,+05.000,+05.000,Air
2026-09-14 14:18:25,+758.40,+024.65,+05.015,+05.010,+05.000,Air
2026-09-14 14:18:27,+758.33,+024.66,+05.018,+05.013,+05.000,Air
2026-09-14 14:18:29,+758.39,+024.66,+04.999,+04.994,+05.000,Air
2026-09-14 14:18:31,+758.47,+024.68,+05.002,+04.997,+05.000,Air
2026-09-14 14:18:33,+758.44,+024.68,+04.986,+04.981,+05.000,Air
2026-09-14 14:18:35,+758.31,+024.68,+05.000,+04.995,+05.000,Air
2026-09-14 14:18:37,+758.34,+024.67,+04.988,+04.983,+05.000,Air
2026-09-14 14:18:39,+758.43,+024.70,+05.008,+05.003,+05.000,Air
2026-09-14 14:18:41,+758.45,+024.67,+05.002,+04.997,+05.000,Air
2026-09-14 14:18:43,+758.32,+024.63,+04.981,+04.976,+05.000,Air
2026-09-14 14:18:45,+758.33,+024.67,+04.995,+04.989,+05.000,Air
2026-09-14 14:18:47,+758.40,+024.65,+04.987,+04.982,+05.000,Air
2026-09-14 14:18:49,+758.27,+024.68,+05.012,+05.006,+05.000,Air
2026-09-14 14:18:51,+758.55,+024.65,+04.989,+04.986,+05.000,Air
2026-09-14 14:18:53,+758.38,+024.67,+04.990,+04.985,+05.000,Air
2026-09-14 14:18:55,+758.44,+024.69,+05.007,+05.002,+05.000,Air
2026-09-14 14:18:57,+758.33,+024.68,+04.994,+04.988,+05.000,Air
2026-09-14 14:18:59,+758.53,+024.67,+04.984,+04.980,+05.000,Air
2026-09-14 14:19:01,+758.42,+024.65,+05.015,+05.010,+05.000,Air
2026-09-14 14:19:03,+758.27,+024.69,+05.012,+05.006,+05.000,Air
2026-09-14 14:19:05,+758.33,+024.67,+05.005,+05.000,+05.000,Air
2026-09-14 14:19:07,+758.38,+024.67,+05.013,+05.008,+05.000,Air
2026-09-14 14:19:09,+758.45,+024.68,+05.002,+04.997,+05.000,Air
2026-09-14 14:19:11,+758.41,+024.70,+05.009,+05.004,+05.000,Air
2026-09-14 14:19:13,+758.38,+024.70,+04.989,+04.983,+05.000,Air
2026-09-14 14:19:15,+758.39,+024.70,+04.969,+04.964,+05.000,Air
2026-09-14 14:19:17,+758.37,+024.68,+04.995,+04.989,+05.000,Air
2026-09-14 14:19:19,+758.38,+024.67,+04.989,+04.984,+05.000,Air
2026-09-14 14:19:21,+758.33,+024.68,+04.993,+04.988,+05.000,Air
2026-09-14 14:19:23,+758.39,+024.71,+05.033,+05.027,+05.000,Air
2026-09-14 14:19:25,+758.40,+024.70,+05.011,+05.006,+05.000,Air
2026-09-14 14:19:27,+758.41,+024.69,+04.994,+04.988,+05.000,Air
2026-09-14 14:19:29,+758.35,+024.69,+05.002,+04.997,+05.000,Air
2026-09-14 14:19:31,+758.37,+024.71,+04.980,+04.974,+05.000,Air
2026-09-14 14:19:33,+758.36,+024.70,+04.991,+04.985,+05.000,Air
2026-09-14 14:19:35,+758.33,+024.70,+04.996,+04.990,+05.000,Air
2026-09-14 14:19:37,+758.42,+024.69,+05.005,+05.000,+05.000,Air
2026-09-14 14:19:39,+758.44,+024.72,+04.990,+04.984,+05.000,Air
2026-09-14 14:19:41,+758.33,+024.67,+05.003,+04.998,+05.000,Air
2026-09-14 14:19:43,+758.38,+024.69,+05.025,+05.019,+05.000,Air
2026-09-14 14:19:45,+758.46,+024.70,+05.016,+05.011,+05.000,Air
2026-09-14 14:19:47,+758.31,+024.71,+05.008,+05.002,+05.000,Air
2026-09-14 14:19:49,+758.45,+024.71,+04.992,+04.987,+05.000,Air
2026-09-14 14:19:51,+758.41,+024.69,+05.011,+05.005,+05.000,Air
2026-09-14 14:19:53,+758.40,+024.71,+05.034,+05.028,+05.000,Air
2026-09-14 14:19:55,+758.36,+024.70,+05.012,+05.006,+05.000,Air
2026-09-14 14:19:57,+758.34,+024.72,+05.032,+05.025,+05.000,Air
2026-09-14 14:19:59,+758.45,+024.69,+05.002,+04.997,+05.000,Air
2026-09-14 14:20:01,+758.34,+024.71,+04.996,+04.990,+05.000,Air
2026-09-14 14:20:03,+758.45,+024.69,+05.021,+05.016,+05.000,Air
2026-09-14 14:20:05,+758.37,+024.69,+05.013,+05.008,+05.000,Air
2026-09-14 14:20:07,+758.41,+024.69,+05.010,+05.005,+05.000,Air
2026-09-14 14:20:09,+758.32,+024.67,+05.013,+05.007,+05.000,Air
2026-09-14 14:20:11,+758.39,+024.68,+05.014,+05.009,+05.000,Air
2026-09-14 14:20:13,+758.40,+024.71,+04.996,+04.990,+05.000,Air
2026-09-14 14:20:15,+758.42,+024.70,+05.026,+05.020,+05.000,Air
2026-09-14 14:20:17,+758.46,+024.70,+05.021,+05.016,+05.000,Air
2026-09-14 14:20:19,+758.41,+024.69,+05.010,+05.005,+05.000,Air
2026-09-14 14:20:21,+758.41,+024.72,+05.002,+04.996,+05.000,Air
2026-09-14 14:20:23,+758.46,+024.70,+04.995,+04.990,+05.000,Air
2026-09-14 14:20:25,+758.33,+024.71,+05.022,+05.016,+05.000,Air
2026-09-14 14:20:27,+758.42,+024.69,+04.997,+04.992,+05.000,Air
2026-09-14 14:20:29,+758.46,+024.69,+05.014,+05.009,+05.000,Air
2026-09-14 14:20:31,+758.38,+024.74,+05.006,+05.000,+05.000,Air
2026-09-14 14:20:33,+758.39,+024.70,+05.009,+05.004,+05.000,Air
2026-09-14 14:20:35,+758.37,+024.72,+05.031,+05.025,+05.000,Air
2026-09-14 14:20:37,+758.38,+024.66,+05.019,+05.014,+05.000,Air
2026-09-14 14:20:39,+758.32,+024.67,+05.039,+05.033,+05.000,Air
2026-09-14 14:20:41,+758.44,+024.70,+05.003,+04.998,+05.000,Air
2026-09-14 14:20:43,+758.45,+024.67,+05.012,+05.007,+05.000,Air
2026-09-14 14:20:45,+758.43,+024.74,+05.015,+05.009,+05.000,Air
2026-09-14 14:20:47,+758.32,+024.69,+05.030,+05.024,+05.000,Air
2026-09-14 14:20:49,+758.50,+024.70,+05.025,+05.020,+05.000,Air
2026-09-14 14:20:51,+758.40,+024.69,+04.982,+04.977,+05.000,Air
2026-09-14 14:20:53,+758.42,+024.71,+05.001,+04.996,+05.000,Air
2026-09-14 14:20:55,+758.41,+024.72,+04.986,+04.981,+05.000,Air
2026-09-14 14:20:57,+758.47,+024.70,+05.005,+05.000,+05.000,Air
2026-09-14 14:20:59,+758.41,+024.73,+05.014,+05.008,+05.000,Air
2026-09-14 14:21:01,+758.36,+024.69,+05.009,+05.004,+05.000,Air
2026-09-14 14:21:03,+758.45,+024.68,+05.003,+04.998,+05.000,Air
2026-09-14 14:21:05,+758.55,+024.70,+05.016,+05.011,+05.000,Air
2026-09-14 14:21:07,+758.33,+024.75,+04.999,+04.993,+05.000,Air
2026-09-14 14:21:09,+758.34,+024.72,+04.977,+04.971,+05.000,Air
2026-09-14 14:21:11,+758.47,+024.68,+04.994,+04.989,+05.000,Air
2026-09-14 14:21:13,+758.52,+024.66,+05.024,+05.020,+05.000,Air
2026-09-14 14:21:15,+758.33,+024.73,+04.988,+04.981,+05.000,Air
2026-09-14 14:21:17,+758.40,+024.67,+05.005,+05.000,+05.000,Air
2026-09-14 14:21:19,+758.46,+024.71,+05.012,+05.007,+05.000,Air
2026-09-14 14:21:21,+758.43,+024.73,+04.994,+04.988,+05.000,Air
2026-09-14 14:21:23,+758.33,+024.70,+05.024,+05.018,+05.000,Air
2026-09-14 14:21:25,+758.38,+024.74,+04.994,+04.988,+05.000,Air
2026-09-14 14:21:27,+758.37,+024.68,+04.999,+04.994,+05.000,Air
2026-09-14 14:21:29,+758.44,+024.66,+05.010,+05.005,+05.000,Air
2026-09-14 14:21:31,+758.53,+024.65,+04.996,+04.993,+05.000,Air
2026-09-14 14:21:33,+758.33,+024.68,+05.016,+05.010,+05.000,Air
2026-09-14 14:21:35,+758.45,+024.69,+04.996,+04.991,+05.000,Air
2026-09-14 14:21:37,+758.47,+024.70,+04.990,+04.985,+05.000,Air
2026-09-14 14:21:39,+758.37,+024.73,+05.001,+04.994,+05.000,Air
2026-09-14 14:21:41,+758.40,+024.67,+05.005,+05.000,+05.000,Air
2026-09-14 14:21:43,+758.48,+024.65,+05.032,+05.027,+05.000,Air
2026-09-14 14:21:45,+758.52,+024.72,+05.020,+05.015,+05.000,Air
2026-09-14 14:21:47,+758.38,+024.67,+05.021,+05.016,+05.000,Air
2026-09-14 14:21:49,+758.40,+024.69,+05.017,+05.011,+05.000,Air
2026-09-14 14:21:51,+758.47,+024.73,+04.998,+04.992,+05.000,Air
2026-09-14 14:21:53,+758.45,+024.71,+05.027,+05.022,+05.000,Air
2026-09-14 14:21:55,+758.49,+024.71,+04.988,+04.983,+05.000,Air
2026-09-14 14:21:57,+758.36,+024.70,+04.998,+04.992,+05.000,Air
2026-09-14 14:21:59,+758.34,+024.72,+04.994,+04.988,+05.000,Air
2026-09-14 14:22:01,+758.42,+024.70,+04.998,+04.992,+05.000,Air
2026-09-14 14:22:03,+758.41,+024.72,+05.014,+05.008,+05.000,Air
2026-09-14 14:22:05,+758.41,+024.70,+05.009,+05.004,+05.000,Air
2026-09-14 14:22:07,+758.49,+024.76,+05.017,+05.011,+05.000,Air
2026-09-14 14:22:09,+758.46,+024.71,+05.011,+05.006,+05.000,Air
2026-09-14 14:22:11,+758.43,+024.67,+04.985,+04.980,+05.000,Air
2026-09-14 14:22:13,+758.39,+024.70,+05.027,+05.021,+05.000,Air
2026-09-14 14:22:15,+758.31,+024.69,+05.020,+05.014,+05.000,Air
2026-09-14 14:22:17,+758.32,+024.68,+04.985,+04.979,+05.000,Air
2026-09-14 14:22:19,+758.37,+024.68,+05.010,+05.005,+05.000,Air
2026-09-14 14:22:21,+758.53,+024.70,+04.977,+04.972,+05.000,Air
2026-09-14 14:22:23,+758.39,+024.74,+05.025,+05.019,+05.000,Air
2026-09-14 14:22:25,+758.40,+024.66,+05.016,+05.011,+05.000,Air
2026-09-14 14:22:27,+758.40,+024.71,+05.012,+05.006,+05.000,Air
2026-09-14 14:22:29,+758.37,+024.71,+05.010,+05.004,+05.000,Air
2026-09-14 14:22:31,+758.45,+024.74,+05.036,+05.030,+05.000,Air
2026-09-14 14:22:33,+758.40,+024.69,+05.001,+04.996,+05.000,Air
2026-09-14 14:22:35,+758.36,+024.72,+04.983,+04.977,+05.000,Air
2026-09-14 14:22:37,+758.37,+024.70,+05.010,+05.005,+05.000,Air
2026-09-14 14:22:39,+758.47,+024.68,+05.021,+05.017,+05.000,Air
2026-09-14 14:22:41,+758.46,+024.72,+05.022,+05.017,+05.000,Air
2026-09-14 14:22:43,+758.45,+024.72,+05.002,+04.997,+05.000,Air
2026-09-14 14:22:45,+758.46,+024.72,+05.013,+05.008,+05.000,Air
2026-09-14 14:22:47,+758.46,+024.69,+04.993,+04.988,+05.000,Air
2026-09-14 14:22:49,+758.35,+024.69,+05.010,+05.004,+05.000,Air
2026-09-14 14:22:51,+758.30,+024.71,+04.978,+04.972,+05.000,Air
2026-09-14 14:22:53,+758.37,+024.66,+04.967,+04.962,+05.000,Air
2026-09-14 14:22:55,+758.48,+024.69,+04.999,+04.994,+05.000,Air
2026-09-14 14:22:57,+758.44,+024.71,+05.021,+05.015,+05.000,Air
2026-09-14 14:22:59,+758.42,+024.67,+05.005,+05.000,+05.000,Air
2026-09-14 14:23:01,+758.44,+024.72,+05.002,+04.997,+05.000,Air
2026-09-14 14:23:03,+758.41,+024.69,+05.011,+05.005,+05.000,Air
2026-09-14 14:23:05,+758.50,+024.72,+05.016,+05.011,+05.000,Air
2026-09-14 14:23:07,+758.40,+024.71,+05.005,+04.999,+05.000,Air
2026-09-14 14:23:09,+758.40,+024.73,+05.007,+05.001,+05.000,Air
2026-09-14 14:23:11,+758.42,+024.75,+05.004,+04.997,+05.000,Air
2026-09-14 14:23:13,+758.30,+024.70,+05.001,+04.995,+05.000,Air
2026-09-14 14:23:15,+758.42,+024.67,+05.016,+05.011,+05.000,Air
2026-09-14 14:23:17,+758.43,+024.71,+05.007,+05.001,+05.000,Air
2026-09-14 14:23:19,+758.40,+024.69,+05.012,+05.006,+05.000,Air
2026-09-14 14:23:21,+758.46,+024.71,+04.975,+04.970,+05.000,Air
2026-09-14 14:23:23,+758.47,+024.75,+05.022,+05.016,+05.000,Air
2026-09-14 14:23:25,+758.45,+024.66,+04.995,+04.991,+05.000,Air
2026-09-14 14:23:27,+758.41,+024.72,+05.013,+05.007,+05.000,Air
2026-09-14 14:23:29,+758.46,+024.75,+05.020,+05.014,+05.000,Air
2026-09-14 14:23:31,+758.53,+024.70,+05.000,+04.995,+05.000,Air
2026-09-14 14:23:33,+758.41,+024.69,+05.019,+05.014,+05.000,Air
2026-09-14 14:23:35,+758.48,+024.71,+05.022,+05.017,+05.000,Air
2026-09-14 14:23:37,+758.48,+024.70,+05.006,+05.001,+05.000,Air
2026-09-14 14:23:39,+758.46,+024.71,+05.006,+05.000,+05.000,Air
2026-09-14 14:23:41,+758.43,+024.72,+05.016,+05.010,+05.000,Air
2026-09-14 14:23:43,+758.48,+024.72,+05.013,+05.008,+05.000,Air
2026-09-14 14:23:45,+758.38,+024.75,+04.997,+04.990,+05.000,Air
2026-09-14 14:23:47,+758.48,+024.70,+05.017,+05.012,+05.000,Air
2026-09-14 14:23:49,+758.44,+024.70,+04.993,+04.988,+05.000,Air
2026-09-14 14:23:51,+758.41,+024.73,+05.006,+05.001,+05.000,Air
2026-09-14 14:23:53,+758.38,+024.73,+04.976,+04.970,+05.000,Air
2026-09-14 14:23:55,+758.57,+024.72,+05.012,+05.008,+05.000,Air
2026-09-14 14:23:57,+758.44,+024.70,+05.005,+05.000,+05.000,Air
2026-09-14 14:23:59,+758.54,+024.72,+05.012,+05.007,+05.000,Air
2026-09-14 14:24:01,+758.41,+024.71,+05.017,+05.011,+05.000,Air
2026-09-14 14:24:03,+758.40,+024.71,+04.993,+04.988,+05.000,Air
2026-09-14 14:24:05,+758.49,+024.69,+04.990,+04.985,+05.000,Air
2026-09-14 14:24:07,+758.46,+024.72,+05.006,+05.000,+05.000,Air
2026-09-14 14:24:09,+758.50,+024.74,+05.006,+05.000,+05.000,Air
2026-09-14 14:24:11,+758.40,+024.70,+05.016,+05.011,+05.000,Air
2026-09-14 14:24:13,+758.40,+024.72,+05.019,+05.013,+05.000,Air
2026-09-14 14:24:15,+758.41,+024.72,+04.994,+04.988,+05.000,Air
2026-09-14 14:24:17,+758.42,+024.72,+05.006,+05.000,+05.000,Air
2026-09-14 14:24:19,+758.41,+024.71,+04.982,+04.976,+05.000,Air
2026-09-14 14:24:21,+758.44,+024.72,+05.021,+05.016,+05.000,Air
2026-09-14 14:24:23,+758.41,+024.71,+04.981,+04.975,+05.000,Air
2026-09-14 14:24:25,+758.39,+024.68,+05.031,+05.026,+05.000,Air
2026-09-14 14:24:27,+758.36,+024.72,+04.988,+04.982,+05.000,Air
2026-09-14 14:24:29,+758.37,+024.71,+04.996,+04.990,+05.000,Air
2026-09-14 14:24:31,+758.48,+024.69,+05.008,+05.003,+05.000,Air
2026-09-14 14:24:33,+758.46,+024.73,+05.002,+04.996,+05.000,Air
2026-09-14 14:24:35,+758.43,+024.70,+05.005,+04.999,+05.000,Air
2026-09-14 14:24:37,+758.44,+024.70,+04.999,+04.994,+05.000,Air
2026-09-14 14:24:39,+758.46,+024.70,+04.993,+04.988,+05.000,Air
2026-09-14 14:24:41,+758.40,+024.73,+05.010,+05.004,+05.000,Air
2026-09-14 14:24:43,+758.41,+024.70,+05.025,+05.020,+05.000,Air
2026-09-14 14:24:45,+758.39,+024.69,+05.014,+05.009,+05.000,Air
2026-09-14 14:24:47,+758.50,+024.70,+04.972,+04.967,+05.000,Air
2026-09-14 14:24:49,+758.42,+024.75,+05.015,+05.009,+05.000,Air
2026-09-14 14:24:51,+758.52,+024.72,+05.002,+04.997,+05.000,Air
2026-09-14 14:24:53,+758.38,+024.73,+05.013,+05.007,+05.000,Air
2026-09-14 14:24:55,+758.54,+024.72,+05.008,+05.003,+05.000,Air
2026-09-14 14:24:57,+758.49,+024.70,+05.018,+05.013,+05.000,Air
2026-09-14 14:24:59,+758.41,+024.73,+05.013,+05.007,+05.000,Air
2026-09-14 14:25:01,+758.40,+024.73,+04.992,+04.986,+05.000,Air
2026-09-14 14:25:03,+758.43,+024.71,+05.010,+05.005,+05.000,Air
2026-09-14 14:25:05,+758.50,+024.71,+04.990,+04.985,+05.000,Air
2026-09-14 14:25:07,+758.38,+024.70,+04.979,+04.973,+05.000,Air
2026-09-14 14:25:09,+758.41,+024.70,+05.011,+05.005,+05.000,Air
2026-09-14 14:25:11,+758.53,+024.69,+04.992,+04.988,+05.000,Air
2026-09-14 14:25:13,+758.48,+024.75,+04.994,+04.989,+05.000,Air
2026-09-14 14:25:15,+758.48,+024.72,+05.007,+05.002,+05.000,Air
2026-09-14 14:25:17,+758.52,+024.75,+05.025,+05.019,+05.000,Air
2026-09-14 14:25:19,+758.40,+024.72,+04.997,+04.991,+05.000,Air
2026-09-14 14:25:21,+758.63,+024.71,+05.028,+05.024,+05.000,Air
2026-09-14 14:25:23,+758.50,+024.72,+05.006,+05.001,+05.000,Air
2026-09-14 14:25:25,+758.43,+024.68,+05.015,+05.010,+05.000,Air
2026-09-14 14:25:27,+758.45,+024.74,+05.009,+05.003,+05.000,Air
2026-09-14 14:25:29,+758.48,+024.72,+04.991,+04.986,+05.000,Air
2026-09-14 14:25:31,+758.40,+024.71,+05.037,+05.031,+05.000,Air
2026-09-14 14:25:33,+758.45,+024.68,+05.006,+05.001,+05.000,Air
2026-09-14 14:25:35,+758.46,+024.69,+04.993,+04.988,+05.000,Air
2026-09-14 14:25:37,+758.45,+024.74,+04.976,+04.971,+05.000,Air
2026-09-14 14:25:39,+758.44,+024.72,+04.996,+04.991,+05.000,Air
2026-09-14 14:25:41,+758.46,+024.76,+05.006,+05.000,+05.000,Air
2026-09-14 14:25:43,+758.50,+024.68,+04.990,+04.985,+05.000,Air
2026-09-14 14:25:45,+758.48,+024.74,+04.981,+04.975,+05.000,Air
2026-09-14 14:25:47,+758.48,+024.79,+05.017,+05.011,+05.000,Air
2026-09-14 14:25:49,+758.45,+024.71,+05.019,+05.013,+05.000,Air
2026-09-14 14:25:51,+758.47,+024.73,+05.009,+05.003,+05.000,Air
2026-09-14 14:25:53,+758.42,+024.69,+05.009,+05.004,+05.000,Air
2026-09-14 14:25:55,+758.41,+024.71,+05.012,+05.007,+05.000,Air
2026-09-14 14:25:57,+758.42,+024.74,+05.000,+04.994,+05.000,Air
2026-09-14 14:25:59,+758.50,+024.72,+04.989,+04.984,+05.000,Air
2026-09-14 14:26:01,+758.43,+024.75,+05.007,+05.001,+05.000,Air
2026-09-14 14:26:03,+758.50,+024.72,+04.989,+04.983,+05.000,Air
2026-09-14 14:26:05,+758.51,+024.77,+05.017,+05.011,+05.000,Air
2026-09-14 14:26:07,+758.44,+024.74,+05.011,+05.005,+05.000,Air
2026-09-14 14:26:09,+758.42,+024.73,+05.016,+05.010,+05.000,Air
2026-09-14 14:26:11,+758.43,+024.71,+05.019,+05.014,+05.000,Air
2026-09-14 14:26:13,+758.42,+024.72,+05.014,+05.008,+05.000,Air
2026-09-14 14:26:15,+758.42,+024.68,+05.034,+05.029,+05.000,Air
2026-09-14 14:26:17,+758.44,+024.73,+05.011,+05.005,+05.000,Air
2026-09-14 14:26:19,+758.43,+024.74,+05.011,+05.005,+05.000,Air
2026-09-14 14:26:21,+758.41,+024.72,+04.994,+04.988,+05.000,Air
2026-09-14 14:26:23,+758.52,+024.73,+05.005,+05.000,+05.000,Air
2026-09-14 14:26:25,+758.48,+024.75,+05.001,+04.995,+05.000,Air
2026-09-14 14:26:27,+758.43,+024.69,+05.001,+04.996,+05.000,Air
2026-09-14 14:26:29,+758.46,+024.72,+05.011,+05.005,+05.000,Air
2026-09-14 14:26:31,+758.48,+024.72,+04.993,+04.988,+05.000,Air
2026-09-14 14:26:33,+758.45,+024.71,+04.968,+04.963,+05.000,Air
2026-09-14 14:26:35,+758.36,+024.69,+05.002,+04.997,+05.000,Air
2026-09-14 14:26:37,+758.42,+024.73,+05.009,+05.003,+05.000,Air
2026-09-14 14:26:39,+758.55,+024.72,+04.987,+04.982,+05.000,Air
2026-09-14 14:26:41,+758.41,+024.73,+04.982,+04.976,+05.000,Air
2026-09-14 14:26:43,+758.45,+024.69,+05.024,+05.019,+05.000,Air
2026-09-14 14:26:45,+758.50,+024.71,+05.029,+05.024,+05.000,Air
2026-09-14 14:26:47,+758.45,+024.73,+05.005,+04.999,+05.000,Air
2026-09-14 14:26:49,+758.41,+024.74,+05.000,+04.994,+05.000,Air
2026-09-14 14:26:51,+758.37,+024.75,+05.010,+05.003,+05.000,Air
2026-09-14 14:26:53,+758.43,+024.73,+05.020,+05.014,+05.000,Air
2026-09-14 14:26:55,+758.43,+024.73,+05.007,+05.001,+05.000,Air
2026-09-14 14:26:57,+758.50,+024.73,+05.007,+05.001,+05.000,Air
2026-09-14 14:26:59,+758.47,+024.70,+05.007,+05.002,+05.000,Air
2026-09-14 14:27:01,+758.51,+024.70,+05.020,+05.015,+05.000,Air
2026-09-14 14:27:03,+758.54,+024.77,+04.984,+04.979,+05.000,Air
2026-09-14 14:27:05,+758.51,+024.71,+05.021,+05.016,+05.000,Air
2026-09-14 14:27:07,+758.47,+024.72,+04.970,+04.965,+05.000,Air
2026-09-14 14:27:09,+758.42,+024.73,+05.027,+05.021,+05.000,Air
2026-09-14 14:27:11,+758.44,+024.75,+05.003,+04.997,+05.000,Air
2026-09-14 14:27:13,+758.43,+024.77,+04.998,+04.991,+05.000,Air
2026-09-14 14:27:15,+758.45,+024.72,+04.995,+04.990,+05.000,Air
2026-09-14 14:27:17,+758.50,+024.74,+05.019,+05.014,+05.000,Air
2026-09-14 14:27:19,+758.44,+024.73,+04.995,+04.989,+05.000,Air
2026-09-14 14:27:21,+758.44,+024.73,+04.973,+04.967,+05.000,Air
2026-09-14 14:27:23,+758.42,+024.74,+05.005,+04.999,+05.000,Air
2026-09-14 14:27:25,+758.44,+024.75,+05.009,+05.003,+05.000,Air
2026-09-14 14:27:27,+758.48,+024.73,+05.002,+04.997,+05.000,Air
2026-09-14 14:27:29,+758.46,+024.73,+05.004,+04.999,+05.000,Air
2026-09-14 14:27:31,+758.59,+024.73,+04.986,+04.982,+05.000,Air
2026-09-14 14:27:33,+758.38,+024.76,+04.998,+04.992,+05.000,Air
2026-09-14 14:27:35,+758.50,+024.69,+04.995,+04.990,+05.000,Air
2026-09-14 14:27:37,+758.54,+024.73,+05.022,+05.017,+05.000,Air
2026-09-14 14:27:39,+758.49,+024.73,+04.993,+04.988,+05.000,Air
2026-09-14 14:27:41,+758.40,+024.70,+04.994,+04.988,+05.000,Air
2026-09-14 14:27:43,+758.50,+024.70,+05.002,+04.997,+05.000,Air
2026-09-14 14:27:45,+758.45,+024.74,+05.018,+05.012,+05.000,Air
2026-09-14 14:27:47,+758.49,+024.76,+04.959,+04.953,+05.000,Air
2026-09-14 14:27:49,+758.45,+024.75,+05.000,+04.994,+05.000,Air
2026-09-14 14:27:51,+758.52,+024.71,+05.011,+05.006,+05.000,Air
2026-09-14 14:27:53,+758.39,+024.73,+05.017,+05.011,+05.000,Air
2026-09-14 14:27:55,+758.47,+024.76,+05.022,+05.016,+05.000,Air
2026-09-14 14:27:57,+758.48,+024.74,+05.006,+05.001,+05.000,Air
2026-09-14 14:27:59,+758.50,+024.74,+05.004,+04.998,+05.000,Air
2026-09-14 14:28:01,+758.44,+024.75,+05.005,+04.999,+05.000,Air
2026-09-14 14:28:03,+758.48,+024.71,+05.001,+04.995,+05.000,Air
2026-09-14 14:28:05,+758.60,+024.72,+05.014,+05.009,+05.000,Air
2026-09-14 14:28:07,+758.41,+024.71,+05.010,+05.005,+05.000,Air
2026-09-14 14:28:09,+758.45,+024.73,+05.010,+05.005,+05.000,Air
2026-09-14 14:28:11,+758.53,+024.75,+05.021,+05.015,+05.000,Air
2026-09-14 14:28:13,+758.50,+024.69,+05.005,+05.000,+05.000,Air
2026-09-14 14:28:15,+758.43,+024.71,+05.023,+05.017,+05.000,Air
2026-09-14 14:28:17,+758.56,+024.75,+05.039,+05.034,+05.000,Air
2026-09-14 14:28:19,+758.50,+024.75,+05.000,+04.995,+05.000,Air
2026-09-14 14:28:21,+758.42,+024.74,+04.972,+04.966,+05.000,Air
2026-09-14 14:28:23,+758.49,+024.74,+05.010,+05.005,+05.000,Air
2026-09-14 14:28:25,+758.50,+024.73,+04.990,+04.985,+05.000,Air
2026-09-14 14:28:27,+758.49,+024.72,+05.020,+05.015,+05.000,Air
2026-09-14 14:28:29,+758.46,+024.73,+05.015,+05.009,+05.000,Air
2026-09-14 14:28:31,+758.44,+024.75,+04.987,+04.981,+05.000,Air
2026-09-14 14:28:33,+758.53,+024.72,+04.986,+04.981,+05.000,Air
2026-09-14 14:28:35,+758.43,+024.73,+04.997,+04.991,+05.000,Air
2026-09-14 14:28:37,+758.46,+024.73,+04.988,+04.982,+05.000,Air
2026-09-14 14:28:39,+758.42,+024.73,+04.995,+04.989,+05.000,Air
2026-09-14 14:28:41,+758.39,+024.75,+05.007,+05.001,+05.000,Air
2026-09-14 14:28:43,+758.56,+024.73,+05.023,+05.018,+05.000,Air
2026-09-14 14:28:45,+758.53,+024.73,+05.030,+05.025,+05.000,Air
2026-09-14 14:28:47,+758.46,+024.73,+05.019,+05.013,+05.000,Air
2026-09-14 14:28:49,+758.50,+024.75,+05.016,+05.010,+05.000,Air
2026-09-14 14:28:51,+758.45,+024.73,+05.028,+05.022,+05.000,Air
2026-09-14 14:28:53,+758.42,+024.78,+05.015,+05.008,+05.000,Air
2026-09-14 14:28:55,+758.53,+024.73,+05.003,+04.998,+05.000,Air
2026-09-14 14:28:57,+758.43,+024.72,+05.028,+05.023,+05.000,Air
2026-09-14 14:28:59,+758.52,+024.71,+04.988,+04.983,+05.000,Air
2026-09-14 14:29:01,+758.48,+024.74,+05.005,+04.999,+05.000,Air
2026-09-14 14:29:03,+758.50,+024.73,+04.996,+04.991,+05.000,Air
2026-09-14 14:29:05,+758.51,+024.77,+05.008,+05.002,+05.000,Air
2026-09-14 14:29:07,+758.59,+024.76,+05.010,+05.004,+05.000,Air
2026-09-14 14:29:09,+758.44,+024.73,+05.006,+05.000,+05.000,Air
2026-09-14 14:29:11,+758.46,+024.76,+05.004,+04.998,+05.000,Air
2026-09-14 14:29:13,+758.49,+024.75,+05.006,+05.000,+05.000,Air
2026-09-14 14:29:15,+758.54,+024.76,+05.014,+05.008,+05.000,Air
2026-09-14 14:29:17,+758.48,+024.71,+05.034,+05.028,+05.000,Air
2026-09-14 14:29:19,+758.49,+024.74,+05.022,+05.016,+05.000,Air
2026-09-14 14:29:21,+758.46,+024.73,+05.023,+05.017,+05.000,Air
2026-09-14 14:29:23,+758.51,+024.76,+05.017,+05.011,+05.000,Air
2026-09-14 14:29:25,+758.48,+024.75,+04.998,+04.992,+05.000,Air
2026-09-14 14:29:27,+758.43,+024.76,+05.004,+04.997,+05.000,Air
2026-09-14 14:29:29,+758.63,+024.73,+05.018,+05.014,+05.000,Air
2026-09-14 14:29:31,+758.52,+024.73,+05.001,+04.996,+05.000,Air
2026-09-14 14:29:33,+758.49,+024.70,+05.026,+05.021,+05.000,Air
2026-09-14 14:29:35,+758.54,+024.74,+05.017,+05.012,+05.000,Air
2026-09-14 14:29:37,+758.52,+024.80,+05.021,+05.014,+05.000,Air
2026-09-14 14:29:39,+758.46,+024.73,+05.020,+05.014,+05.000,Air
2026-09-14 14:29:41,+758.51,+024.74,+04.988,+04.982,+05.000,Air
2026-09-14 14:29:43,+758.53,+024.72,+05.031,+05.026,+05.000,Air
2026-09-14 14:29:45,+758.50,+024.71,+04.977,+04.972,+05.000,Air
2026-09-14 14:29:47,+758.55,+024.75,+05.033,+05.028,+05.000,Air
2026-09-14 14:29:49,+758.48,+024.73,+05.014,+05.008,+05.000,Air
2026-09-14 14:29:51,+758.51,+024.75,+04.988,+04.983,+05.000,Air
2026-09-14 14:29:53,+758.56,+024.72,+04.976,+04.971,+05.000,Air
2026-09-14 14:29:55,+758.43,+024.73,+04.987,+04.981,+05.000,Air
2026-09-14 14:29:57,+758.45,+024.72,+05.011,+05.006,+05.000,Air
2026-09-14 14:29:59,+758.50,+024.72,+04.999,+04.994,+05.000,Air
2026-09-14 14:30:01,+758.40,+024.74,+05.040,+05.034,+05.000,Air
2026-09-14 14:30:03,+758.44,+024.79,+05.013,+05.006,+05.000,Air
2026-09-14 14:30:05,+758.54,+024.75,+05.004,+04.999,+05.000,Air
2026-09-14 14:30:07,+758.44,+024.76,+04.981,+04.975,+05.000,Air
2026-09-14 14:30:09,+758.44,+024.73,+05.010,+05.005,+05.000,Air
2026-09-14 14:30:11,+758.46,+024.76,+05.003,+04.997,+05.000,Air
2026-09-14 14:30:13,+758.46,+024.76,+05.015,+05.009,+05.000,Air
2026-09-14 14:30:15,+758.46,+024.72,+05.022,+05.016,+05.000,Air
2026-09-14 14:30:17,+758.61,+024.70,+05.004,+05.000,+05.000,Air
2026-09-14 14:30:19,+758.45,+024.73,+05.034,+05.028,+05.000,Air
2026-09-14 14:30:21,+758.52,+024.73,+05.010,+05.005,+05.000,Air
2026-09-14 14:30:23,+758.54,+024.75,+05.020,+05.014,+05.000,Air
2026-09-14 14:30:25,+758.55,+024.76,+04.998,+04.993,+05.000,Air
2026-09-14 14:30:27,+758.50,+024.70,+05.008,+05.004,+05.000,Air
2026-09-14 14:30:29,+758.48,+024.80,+05.017,+05.010,+05.000,Air
2026-09-14 14:30:31,+758.53,+024.76,+04.999,+04.994,+05.000,Air
2026-09-14 14:30:33,+758.47,+024.77,+04.989,+04.983,+05.000,Air
2026-09-14 14:30:35,+758.45,+024.78,+04.987,+04.980,+05.000,Air
2026-09-14 14:30:37,+758.45,+024.75,+05.003,+04.997,+05.000,Air
2026-09-14 14:30:39,+758.55,+024.77,+04.980,+04.974,+05.000,Air
2026-09-14 14:30:41,+758.50,+024.79,+05.002,+04.995,+05.000,Air
2026-09-14 14:30:43,+758.56,+024.77,+05.001,+04.995,+05.000,Air
2026-09-14 14:30:45,+758.51,+024.76,+04.990,+04.984,+05.000,Air
2026-09-14 14:30:47,+758.54,+024.73,+05.026,+05.020,+05.000,Air
2026-09-14 14:30:49,+758.54,+024.74,+04.995,+04.990,+05.000,Air
2026-09-14 14:30:51,+758.43,+024.72,+05.018,+05.012,+05.000,Air
2026-09-14 14:30:53,+758.57,+024.74,+05.022,+05.017,+05.000,Air
2026-09-14 14:30:55,+758.47,+024.76,+05.010,+05.004,+05.000,Air
2026-09-14 14:30:57,+758.51,+024.77,+05.000,+04.994,+05.000,Air
2026-09-14 14:30:59,+758.51,+024.74,+04.986,+04.981,+05.000,Air
2026-09-14 14:31:01,+758.46,+024.71,+04.987,+04.982,+05.000,Air
2026-09-14 14:31:03,+758.49,+024.74,+05.007,+05.001,+05.000,Air
2026-09-14 14:31:05,+758.55,+024.73,+05.016,+05.011,+05.000,Air
2026-09-14 14:31:07,+758.46,+024.78,+04.975,+04.968,+05.000,Air
2026-09-14 14:31:09,+758.52,+024.73,+05.031,+05.025,+05.000,Air
2026-09-14 14:31:11,+758.58,+024.75,+05.015,+05.010,+05.000,Air
2026-09-14 14:31:13,+758.44,+024.75,+05.000,+04.994,+05.000,Air
2026-09-14 14:31:15,+758.51,+024.76,+04.980,+04.974,+05.000,Air
2026-09-14 14:31:17,+758.53,+024.75,+05.006,+05.001,+05.000,Air
2026-09-14 14:31:19,+758.61,+024.78,+05.020,+05.014,+05.000,Air
2026-09-14 14:31:21,+758.54,+024.70,+05.013,+05.008,+05.000,Air
2026-09-14 14:31:23,+758.55,+024.77,+05.022,+05.017,+05.000,Air
2026-09-14 14:31:25,+758.42,+024.75,+05.005,+04.999,+05.000,Air
2026-09-14 14:31:27,+758.53,+024.76,+05.006,+05.000,+05.000,Air
2026-09-14 14:31:29,+758.52,+024.71,+05.001,+04.996,+05.000,Air
2026-09-14 14:31:31,+758.48,+024.78,+05.018,+05.012,+05.000,Air
2026-09-14 14:31:33,+758.50,+024.77,+05.014,+05.008,+05.000,Air
2026-09-14 14:31:35,+758.58,+024.77,+05.010,+05.005,+05.000,Air
2026-09-14 14:31:37,+758.42,+024.75,+05.014,+05.008,+05.000,Air
2026-09-14 14:31:39,+758.52,+024.74,+05.009,+05.004,+05.000,Air
2026-09-14 14:31:41,+758.54,+024.76,+04.985,+04.979,+05.000,Air
2026-09-14 14:31:43,+758.49,+024.75,+05.019,+05.013,+05.000,Air
2026-09-14 14:31:45,+758.49,+024.76,+05.015,+05.009,+05.000,Air
2026-09-14 14:31:47,+758.56,+024.75,+04.989,+04.984,+05.000,Air
2026-09-14 14:31:49,+758.51,+024.76,+04.989,+04.984,+05.000,Air
2026-09-14 14:31:51,+758.56,+024.75,+05.020,+05.015,+05.000,Air
2026-09-14 14:31:53,+758.55,+024.78,+05.017,+05.012,+05.000,Air
2026-09-14 14:31:55,+758.46,+024.77,+05.012,+05.006,+05.000,Air
2026-09-14 14:31:57,+758.54,+024.76,+05.031,+05.026,+05.000,Air
2026-09-14 14:31:59,+758.44,+024.80,+05.005,+04.998,+05.000,Air
2026-09-14 14:32:01,+758.56,+024.73,+05.001,+04.996,+05.000,Air
2026-09-14 14:32:03,+758.45,+024.76,+05.002,+04.996,+05.000,Air
2026-09-14 14:32:05,+758.47,+024.76,+05.022,+05.016,+05.000,Air
2026-09-14 14:32:07,+758.48,+024.75,+05.005,+04.999,+05.000,Air
2026-09-14 14:32:09,+758.47,+024.75,+04.992,+04.986,+05.000,Air
2026-09-14 14:32:11,+758.52,+024.76,+04.982,+04.977,+05.000,Air
2026-09-14 14:32:13,+758.55,+024.74,+05.013,+05.008,+05.000,Air
2026-09-14 14:32:15,+758.52,+024.72,+05.001,+04.996,+05.000,Air
2026-09-14 14:32:17,+758.50,+024.75,+05.018,+05.012,+05.000,Air
2026-09-14 14:32:19,+758.51,+024.74,+04.993,+04.988,+05.000,Air
2026-09-14 14:32:21,+758.48,+024.74,+05.008,+05.002,+05.000,Air
2026-09-14 14:32:23,+758.48,+024.74,+04.976,+04.970,+05.000,Air
2026-09-14 14:32:25,+758.54,+024.73,+04.983,+04.978,+05.000,Air
2026-09-14 14:32:27,+758.49,+024.71,+04.997,+04.991,+05.000,Air
2026-09-14 14:32:29,+758.50,+024.79,+05.009,+05.003,+05.000,Air
2026-09-14 14:32:31,+758.48,+024.78,+04.999,+04.993,+05.000,Air
2026-09-14 14:32:33,+758.51,+024.74,+05.022,+05.017,+05.000,Air
2026-09-14 14:32:35,+758.52,+024.74,+04.995,+04.990,+05.000,Air
2026-09-14 14:32:37,+758.48,+024.74,+05.007,+05.001,+05.000,Air
2026-09-14 14:32:39,+758.50,+024.74,+05.006,+05.000,+05.000,Air
2026-09-14 14:32:41,+758.59,+024.78,+05.030,+05.024,+05.000,Air
2026-09-14 14:32:43,+758.52,+024.74,+05.010,+05.005,+05.000,Air
2026-09-14 14:32:45,+758.54,+024.75,+05.022,+05.017,+05.000,Air
2026-09-14 14:32:47,+758.47,+024.76,+04.991,+04.985,+05.000,Air
2026-09-14 14:32:49,+758.57,+024.75,+05.004,+04.999,+05.000,Air
2026-09-14 14:32:51,+758.47,+024.78,+04.985,+04.979,+05.000,Air
2026-09-14 14:32:53,+758.55,+024.74,+05.025,+05.020,+05.000,Air
2026-09-14 14:32:55,+758.49,+024.75,+04.992,+04.986,+05.000,Air
2026-09-14 14:32:57,+758.48,+024.77,+05.011,+05.005,+05.000,Air
2026-09-14 14:32:59,+758.55,+024.78,+05.010,+05.004,+05.000,Air
2026-09-14 14:33:01,+758.53,+024.75,+05.001,+04.996,+05.000,Air
2026-09-14 14:33:03,+758.52,+024.75,+04.993,+04.987,+05.000,Air
2026-09-14 14:33:05,+758.53,+024.75,+05.004,+04.999,+05.000,Air
2026-09-14 14:33:07,+758.50,+024.75,+05.013,+05.007,+05.000,Air
2026-09-14 14:33:09,+758.55,+024.78,+04.990,+04.984,+05.000,Air
2026-09-14 14:33:11,+758.47,+024.78,+05.002,+04.996,+05.000,Air
2026-09-14 14:33:13,+758.49,+024.76,+05.019,+05.013,+05.000,Air
2026-09-14 14:33:15,+758.53,+024.81,+04.983,+04.976,+05.000,Air
2026-09-14 14:33:17,+758.45,+024.78,+05.023,+05.017,+05.000,Air
2026-09-14 14:33:19,+758.59,+024.75,+04.977,+04.971,+05.000,Air
2026-09-14 14:33:21,+758.50,+024.76,+05.009,+05.003,+05.000,Air
2026-09-14 14:33:23,+758.52,+024.78,+05.009,+05.003,+05.000,Air
2026-09-14 14:33:25,+758.46,+024.75,+04.992,+04.986,+05.000,Air
2026-09-14 14:33:27,+758.52,+024.78,+05.022,+05.016,+05.000,Air
2026-09-14 14:33:29,+758.51,+024.79,+05.009,+05.003,+05.000,Air
2026-09-14 14:33:31,+758.50,+024.73,+05.009,+05.003,+05.000,Air
2026-09-14 14:33:33,+758.54,+024.76,+05.025,+05.020,+05.000,Air
2026-09-14 14:33:35,+758.45,+024.77,+05.009,+05.003,+05.000,Air
2026-09-14 14:33:37,+758.48,+024.74,+04.988,+04.983,+05.000,Air
2026-09-14 14:33:39,+758.53,+024.73,+04.996,+04.990,+05.000,Air
2026-09-14 14:33:41,+758.53,+024.77,+04.988,+04.982,+05.000,Air
2026-09-14 14:33:43,+758.50,+024.77,+05.004,+04.998,+05.000,Air
2026-09-14 14:33:45,+758.55,+024.74,+05.023,+05.018,+05.000,Air
2026-09-14 14:33:47,+758.56,+024.77,+05.025,+05.019,+05.000,Air
2026-09-14 14:33:49,+758.56,+024.76,+05.001,+04.995,+05.000,Air
2026-09-14 14:33:51,+758.52,+024.78,+05.005,+04.999,+05.000,Air
2026-09-14 14:33:53,+758.50,+024.78,+05.001,+04.995,+05.000,Air
2026-09-14 14:33:55,+758.56,+024.75,+05.026,+05.021,+05.000,Air
2026-09-14 14:33:57,+758.50,+024.72,+05.002,+04.997,+05.000,Air
2026-09-14 14:33:59,+758.49,+024.76,+04.988,+04.982,+05.000,Air
2026-09-14 14:34:01,+758.56,+024.77,+05.007,+05.001,+05.000,Air
2026-09-14 14:34:03,+758.58,+024.75,+05.026,+05.021,+05.000,Air
2026-09-14 14:34:05,+758.44,+024.78,+05.011,+05.004,+05.000,Air
2026-09-14 14:34:07,+758.55,+024.78,+04.973,+04.967,+05.000,Air
2026-09-14 14:34:09,+758.57,+024.76,+04.995,+04.990,+05.000,Air
2026-09-14 14:34:11,+758.51,+024.79,+05.049,+05.043,+05.000,Air
2026-09-14 14:34:13,+758.55,+024.76,+05.009,+05.004,+05.000,Air
2026-09-14 14:34:15,+758.57,+024.75,+05.011,+05.006,+05.000,Air
2026-09-14 14:34:17,+758.57,+024.78,+05.008,+05.002,+05.000,Air
2026-09-14 14:34:19,+758.57,+024.79,+05.022,+05.016,+05.000,Air
2026-09-14 14:34:21,+758.51,+024.77,+04.997,+04.991,+05.000,Air
2026-09-14 14:34:23,+758.46,+024.76,+05.000,+04.994,+05.000,Air
2026-09-14 14:34:25,+758.55,+024.75,+04.989,+04.983,+05.000,Air
2026-09-14 14:34:27,+758.47,+024.78,+04.993,+04.986,+05.000,Air
2026-09-14 14:34:29,+758.53,+024.74,+05.025,+05.020,+05.000,Air
2026-09-14 14:34:31,+758.49,+024.74,+04.998,+04.992,+05.000,Air
2026-09-14 14:34:33,+758.60,+024.78,+04.971,+04.965,+05.000,Air
2026-09-14 14:34:35,+758.54,+024.77,+05.008,+05.002,+05.000,Air
2026-09-14 14:34:37,+758.48,+024.78,+04.995,+04.989,+05.000,Air
2026-09-14 14:34:39,+758.54,+024.78,+04.995,+04.989,+05.000,Air
2026-09-14 14:34:41,+758.52,+024.77,+05.002,+04.996,+05.000,Air
2026-09-14 14:34:43,+758.63,+024.78,+04.984,+04.978,+05.000,Air
2026-09-14 14:34:45,+758.56,+024.76,+04.989,+04.984,+05.000,Air
2026-09-14 14:34:47,+758.50,+024.81,+04.999,+04.992,+05.000,Air
2026-09-14 14:34:49,+758.57,+024.75,+04.981,+04.976,+05.000,Air
2026-09-14 14:34:51,+758.61,+024.75,+04.994,+04.989,+05.000,Air
2026-09-14 14:34:53,+758.43,+024.76,+05.017,+05.010,+05.000,Air
2026-09-14 14:34:55,+758.39,+024.79,+04.995,+04.988,+05.000,Air
2026-09-14 14:34:57,+758.56,+024.78,+05.020,+05.014,+05.000,Air
2026-09-14 14:34:59,+758.56,+024.78,+04.992,+04.986,+05.000,Air
2026-09-14 14:35:01,+758.54,+024.78,+05.013,+05.007,+05.000,Air
2026-09-14 14:35:03,+758.57,+024.81,+05.015,+05.009,+05.000,Air
2026-09-14 14:35:05,+758.52,+024.77,+05.031,+05.026,+05.000,Air
2026-09-14 14:35:07,+758.51,+024.77,+04.990,+04.984,+05.000,Air
2026-09-14 14:35:09,+758.51,+024.76,+05.007,+05.001,+05.000,Air
2026-09-14 14:35:11,+758.51,+024.81,+05.022,+05.015,+05.000,Air
2026-09-14 14:35:13,+758.55,+024.79,+05.033,+05.027,+05.000,Air
2026-09-14 14:35:15,+758.56,+024.76,+05.013,+05.008,+05.000,Air
2026-09-14 14:35:17,+758.53,+024.80,+05.007,+05.000,+05.000,Air
2026-09-14 14:35:19,+758.56,+024.78,+05.020,+05.015,+05.000,Air
2026-09-14 14:35:21,+758.46,+024.73,+05.010,+05.004,+05.000,Air
2026-09-14 14:35:23,+758.53,+024.76,+05.013,+05.007,+05.000,Air
2026-09-14 14:35:25,+758.55,+024.82,+05.017,+05.011,+05.000,Air
2026-09-14 14:35:27,+758.53,+024.77,+05.025,+05.019,+05.000,Air
2026-09-14 14:35:29,+758.60,+024.75,+05.016,+05.011,+05.000,Air
2026-09-14 14:35:31,+758.57,+024.77,+05.022,+05.016,+05.000,Air
2026-09-14 14:35:33,+758.48,+024.75,+04.998,+04.992,+05.000,Air
2026-09-14 14:35:35,+758.54,+024.76,+05.026,+05.020,+05.000,Air
2026-09-14 14:35:37,+758.49,+024.76,+05.015,+05.009,+05.000,Air
2026-09-14 14:35:39,+758.58,+024.78,+05.026,+05.020,+05.000,Air
2026-09-14 14:35:41,+758.53,+024.75,+05.010,+05.005,+05.000,Air
2026-09-14 14:35:43,+758.48,+024.77,+05.004,+04.998,+05.000,Air
2026-09-14 14:35:45,+758.42,+024.77,+04.983,+04.977,+05.000,Air
2026-09-14 14:35:47,+758.48,+024.78,+04.992,+04.986,+05.000,Air
2026-09-14 14:35:49,+758.58,+024.78,+05.008,+05.002,+05.000,Air
2026-09-14 14:35:51,+758.57,+024.77,+04.980,+04.974,+05.000,Air
2026-09-14 14:35:53,+758.51,+024.74,+04.990,+04.984,+05.000,Air
2026-09-14 14:35:55,+758.54,+024.78,+05.034,+05.028,+05.000,Air
2026-09-14 14:35:57,+758.52,+024.79,+05.024,+05.018,+05.000,Air
2026-09-14 14:35:59,+758.48,+024.74,+04.991,+04.985,+05.000,Air
2026-09-14 14:36:01,+758.55,+024.74,+05.001,+04.996,+05.000,Air
2026-09-14 14:36:03,+758.49,+024.82,+05.001,+04.994,+05.000,Air
2026-09-14 14:36:05,+758.58,+024.73,+05.009,+05.004,+05.000,Air
2026-09-14 14:36:07,+758.53,+024.76,+05.009,+05.004,+05.000,Air
2026-09-14 14:36:09,+758.57,+024.76,+04.994,+04.988,+05.000,Air
2026-09-14 14:36:11,+758.61,+024.81,+05.032,+05.026,+05.000,Air
2026-09-14 14:36:13,+758.57,+024.80,+05.021,+05.015,+05.000,Air
2026-09-14 14:36:15,+758.48,+024.78,+04.996,+04.990,+05.000,Air
2026-09-14 14:36:17,+758.56,+024.77,+05.004,+04.998,+05.000,Air
2026-09-14 14:36:19,+758.54,+024.78,+04.972,+04.966,+05.000,Air
2026-09-14 14:36:21,+758.84,+024.78,+05.667,+05.662,+12.000,Air
2026-09-14 14:36:23,+759.13,+024.79,+06.278,+06.276,+12.000,Air
2026-09-14 14:36:25,+759.29,+024.79,+06.809,+06.808,+12.000,Air
2026-09-14 14:36:27,+759.54,+024.78,+07.310,+07.311,+12.000,Air
2026-09-14 14:36:29,+759.64,+024.79,+07.730,+07.732,+12.000,Air
2026-09-14 14:36:31,+759.91,+024.79,+08.164,+08.169,+12.000,Air
2026-09-14 14:36:33,+760.07,+024.76,+08.509,+08.516,+12.000,Air
2026-09-14 14:36:35,+760.15,+024.78,+08.863,+08.871,+12.000,Air
2026-09-14 14:36:37,+760.36,+024.78,+09.139,+09.150,+12.000,Air
2026-09-14 14:36:39,+760.38,+024.79,+09.419,+09.431,+12.000,Air
2026-09-14 14:36:41,+760.37,+024.80,+09.654,+09.666,+12.000,Air
2026-09-14 14:36:43,+760.47,+024.74,+09.883,+09.898,+12.000,Air
2026-09-14 14:36:45,+760.55,+024.76,+10.040,+10.055,+12.000,Air
2026-09-14 14:36:47,+760.76,+024.83,+10.280,+10.296,+12.000,Air
2026-09-14 14:36:49,+760.83,+024.75,+10.426,+10.447,+12.000,Air
2026-09-14 14:36:51,+760.83,+024.75,+10.563,+10.584,+12.000,Air
2026-09-14 14:36:53,+760.99,+024.73,+10.691,+10.714,+12.000,Air
2026-09-14 14:36:55,+761.07,+024.77,+10.841,+10.865,+12.000,Air
2026-09-14 14:36:57,+761.06,+024.77,+10.906,+10.930,+12.000,Air
2026-09-14 14:36:59,+761.14,+024.80,+11.005,+11.029,+12.000,Air
2026-09-14 14:37:01,+761.10,+024.77,+11.153,+11.177,+12.000,Air
2026-09-14 14:37:03,+761.07,+024.77,+11.185,+11.210,+12.000,Air
2026-09-14 14:37:05,+761.19,+024.83,+11.273,+11.297,+12.000,Air
2026-09-14 14:37:07,+761.22,+024.80,+11.364,+11.390,+12.000,Air
2026-09-14 14:37:09,+761.33,+024.79,+11.388,+11.416,+12.000,Air
2026-09-14 14:37:11,+761.30,+024.77,+11.439,+11.467,+12.000,Air
2026-09-14 14:37:13,+761.17,+024.75,+11.507,+11.535,+12.000,Air
2026-09-14 14:37:15,+761.36,+024.75,+11.566,+11.597,+12.000,Air
2026-09-14 14:37:17,+761.36,+024.79,+11.587,+11.615,+12.000,Air
2026-09-14 14:37:19,+761.37,+024.80,+11.630,+11.659,+12.000,Air
2026-09-14 14:37:21,+761.42,+024.76,+11.659,+11.690,+12.000,Air
2026-09-14 14:37:23,+761.40,+024.75,+11.687,+11.719,+12.000,Air
2026-09-14 14:37:25,+761.51,+024.77,+11.704,+11.736,+12.000,Air
2026-09-14 14:37:27,+761.41,+024.79,+11.742,+11.772,+12.000,Air
2026-09-14 14:37:29,+761.43,+024.78,+11.741,+11.771,+12.000,Air
2026-09-14 14:37:31,+761.40,+024.77,+11.787,+11.818,+12.000,Air
2026-09-14 14:37:33,+761.45,+024.78,+11.822,+11.854,+12.000,Air
2026-09-14 14:37:35,+761.35,+024.73,+11.815,+11.846,+12.000,Air
2026-09-14 14:37:37,+761.48,+024.82,+11.820,+11.850,+12.000,Air
2026-09-14 14:37:39,+761.47,+024.77,+11.862,+11.895,+12.000,Air
2026-09-14 14:37:41,+761.41,+024.77,+11.858,+11.889,+12.000,Air
2026-09-14 14:37:43,+761.45,+024.77,+11.863,+11.895,+12.000,Air
2026-09-14 14:37:45,+761.44,+024.81,+11.867,+11.897,+12.000,Air
2026-09-14 14:37:47,+761.50,+024.76,+11.863,+11.896,+12.000,Air
2026-09-14 14:37:49,+761.45,+024.79,+11.889,+11.920,+12.000,Air
2026-09-14 14:37:51,+761.57,+024.82,+11.906,+11.938,+12.000,Air
2026-09-14 14:37:53,+761.50,+024.80,+11.924,+11.955,+12.000,Air
2026-09-14 14:37:55,+761.35,+024.77,+11.883,+11.914,+12.000,Air
2026-09-14 14:37:57,+761.51,+024.79,+11.921,+11.953,+12.000,Air
2026-09-14 14:37:59,+761.52,+024.78,+11.902,+11.935,+12.000,Air
2026-09-14 14:38:01,+761.56,+024.80,+11.931,+11.963,+12.000,Air
2026-09-14 14:38:03,+761.49,+024.81,+11.933,+11.964,+12.000,Air
2026-09-14 14:38:05,+761.52,+024.79,+11.929,+11.961,+12.000,Air
2026-09-14 14:38:07,+761.48,+024.77,+11.947,+11.979,+12.000,Air
2026-09-14 14:38:09,+761.46,+024.79,+11.941,+11.973,+12.000,Air
2026-09-14 14:38:11,+761.48,+024.82,+11.928,+11.959,+12.000,Air
2026-09-14 14:38:13,+761.48,+024.72,+11.946,+11.981,+12.000,Air
2026-09-14 14:38:15,+761.50,+024.79,+11.940,+11.972,+12.000,Air
2026-09-14 14:38:17,+761.46,+024.75,+11.934,+11.968,+12.000,Air
2026-09-14 14:38:19,+761.54,+024.78,+11.958,+11.991,+12.000,Air
2026-09-14 14:38:21,+761.51,+024.81,+11.944,+11.975,+12.000,Air
2026-09-14 14:38:23,+761.51,+024.77,+11.931,+11.964,+12.000,Air
2026-09-14 14:38:25,+761.54,+024.74,+11.949,+11.984,+12.000,Air
2026-09-14 14:38:27,+761.51,+024.78,+11.951,+11.983,+12.000,Air
2026-09-14 14:38:29,+761.47,+024.79,+11.990,+12.022,+12.000,Air
2026-09-14 14:38:31,+761.46,+024.76,+11.949,+11.982,+12.000,Air
2026-09-14 14:38:33,+761.42,+024.78,+11.960,+11.991,+12.000,Air
2026-09-14 14:38:35,+761.54,+024.77,+11.971,+12.004,+12.000,Air
2026-09-14 14:38:37,+761.52,+024.79,+11.965,+11.998,+12.000,Air
2026-09-14 14:38:39,+761.52,+024.81,+11.971,+12.003,+12.000,Air
2026-09-14 14:38:41,+761.39,+024.83,+11.939,+11.968,+12.000,Air
2026-09-14 14:38:43,+761.57,+024.80,+11.950,+11.983,+12.000,Air
2026-09-14 14:38:45,+761.54,+024.80,+11.960,+11.993,+12.000,Air
2026-09-14 14:38:47,+761.56,+024.76,+11.964,+11.998,+12.000,Air
2026-09-14 14:38:49,+761.50,+024.79,+11.966,+11.998,+12.000,Air
2026-09-14 14:38:51,+761.41,+024.81,+11.950,+11.980,+12.000,Air
2026-09-14 14:38:53,+761.51,+024.78,+11.961,+11.993,+12.000,Air
2026-09-14 14:38:55,+761.54,+024.79,+11.964,+11.997,+12.000,Air
2026-09-14 14:38:57,+761.52,+024.79,+11.968,+12.000,+12.000,Air
2026-09-14 14:38:59,+761.50,+024.78,+11.973,+12.005,+12.000,Air
2026-09-14 14:39:01,+761.43,+024.77,+11.963,+11.995,+12.000,Air
2026-09-14 14:39:03,+761.47,+024.77,+11.974,+12.006,+12.000,Air
2026-09-14 14:39:05,+761.40,+024.78,+11.955,+11.986,+12.000,Air
2026-09-14 14:39:07,+761.57,+024.79,+11.957,+11.990,+12.000,Air
2026-09-14 14:39:09,+761.54,+024.80,+11.978,+12.010,+12.000,Air
2026-09-14 14:39:11,+761.52,+024.81,+11.974,+12.006,+12.000,Air
2026-09-14 14:39:13,+761.46,+024.79,+11.960,+11.991,+12.000,Air
2026-09-14 14:39:15,+761.54,+024.80,+11.960,+11.993,+12.000,Air
2026-09-14 14:39:17,+761.52,+024.81,+11.984,+12.016,+12.000,Air
2026-09-14 14:39:19,+761.63,+024.81,+11.939,+11.972,+12.000,Air
2026-09-14 14:39:21,+761.54,+024.76,+11.953,+11.987,+12.000,Air
2026-09-14 14:39:23,+761.45,+024.79,+11.979,+12.010,+12.000,Air
2026-09-14 14:39:25,+761.57,+024.81,+11.958,+11.991,+12.000,Air
2026-09-14 14:39:27,+761.43,+024.82,+11.982,+12.011,+12.000,Air
2026-09-14 14:39:29,+761.55,+024.78,+11.970,+12.003,+12.000,Air
2026-09-14 14:39:31,+761.48,+024.77,+11.967,+12.000,+12.000,Air
2026-09-14 14:39:33,+761.45,+024.78,+11.939,+11.971,+12.000,Air
2026-09-14 14:39:35,+761.55,+024.77,+11.956,+11.989,+12.000,Air
2026-09-14 14:39:37,+761.54,+024.80,+11.955,+11.988,+12.000,Air
2026-09-14 14:39:39,+761.53,+024.79,+11.968,+12.001,+12.000,Air
2026-09-14 14:39:41,+761.53,+024.79,+11.961,+11.993,+12.000,Air
2026-09-14 14:39:43,+761.53,+024.84,+11.939,+11.969,+12.000,Air
2026-09-14 14:39:45,+761.55,+024.77,+12.007,+12.041,+12.000,Air
2026-09-14 14:39:47,+761.48,+024.77,+11.966,+11.998,+12.000,Air
2026-09-14 14:39:49,+761.41,+024.80,+11.972,+12.002,+12.000,Air
2026-09-14 14:39:51,+761.49,+024.82,+11.973,+12.003,+12.000,Air
2026-09-14 14:39:53,+761.54,+024.79,+11.972,+12.005,+12.000,Air
2026-09-14 14:39:55,+761.52,+024.79,+11.946,+11.978,+12.000,Air
2026-09-14 14:39:57,+761.53,+024.78,+11.974,+12.007,+12.000,Air
2026-09-14 14:39:59,+761.52,+024.79,+12.002,+12.034,+12.000,Air
2026-09-14 14:40:01,+761.40,+024.79,+11.981,+12.012,+12.000,Air
2026-09-14 14:40:03,+761.44,+024.77,+11.948,+11.980,+12.000,Air
2026-09-14 14:40:05,+761.48,+024.76,+11.981,+12.014,+12.000,Air
2026-09-14 14:40:07,+761.45,+024.78,+11.959,+11.991,+12.000,Air
2026-09-14 14:40:09,+761.51,+024.76,+11.954,+11.987,+12.000,Air
2026-09-14 14:40:11,+761.53,+024.78,+11.962,+11.995,+12.000,Air
2026-09-14 14:40:13,+761.55,+024.80,+11.971,+12.003,+12.000,Air
2026-09-14 14:40:15,+761.55,+024.82,+11.979,+12.011,+12.000,Air
2026-09-14 14:40:17,+761.44,+024.78,+11.969,+12.000,+12.000,Air
2026-09-14 14:40:19,+761.55,+024.77,+11.967,+12.000,+12.000,Air
2026-09-14 14:40:21,+761.44,+024.82,+11.965,+11.995,+12.000,Air
2026-09-14 14:40:23,+761.48,+024.79,+11.951,+11.983,+12.000,Air
2026-09-14 14:40:25,+761.50,+024.77,+11.969,+12.002,+12.000,Air
2026-09-14 14:40:27,+761.50,+024.79,+11.972,+12.004,+12.000,Air
2026-09-14 14:40:29,+761.42,+024.79,+11.926,+11.956,+12.000,Air
2026-09-14 14:40:31,+761.53,+024.83,+11.999,+12.030,+12.000,Air
2026-09-14 14:40:33,+761.55,+024.78,+11.958,+11.991,+12.000,Air
2026-09-14 14:40:35,+761.48,+024.78,+11.961,+11.993,+12.000,Air
2026-09-14 14:40:37,+761.66,+024.78,+11.970,+12.004,+12.000,Air
2026-09-14 14:40:39,+761.47,+024.81,+12.000,+12.031,+12.000,Air
2026-09-14 14:40:41,+761.57,+024.79,+11.979,+12.012,+12.000,Air
2026-09-14 14:40:43,+761.45,+024.80,+11.951,+11.982,+12.000,Air
2026-09-14 14:40:45,+761.49,+024.79,+11.935,+11.967,+12.000,Air
2026-09-14 14:40:47,+761.57,+024.78,+12.004,+12.038,+12.000,Air
2026-09-14 14:40:49,+761.48,+024.81,+11.938,+11.969,+12.000,Air
2026-09-14 14:40:51,+761.54,+024.79,+11.989,+12.022,+12.000,Air
2026-09-14 14:40:53,+761.50,+024.77,+11.973,+12.005,+12.000,Air
2026-09-14 14:40:55,+761.54,+024.81,+11.965,+11.997,+12.000,Air
2026-09-14 14:40:57,+761.49,+024.82,+11.958,+11.989,+12.000,Air
2026-09-14 14:40:59,+761.47,+024.77,+11.970,+12.003,+12.000,Air
2026-09-14 14:41:01,+761.51,+024.79,+11.941,+11.974,+12.000,Air
2026-09-14 14:41:03,+761.57,+024.78,+11.959,+11.993,+12.000,Air
2026-09-14 14:41:05,+761.53,+024.80,+11.969,+12.001,+12.000,Air
2026-09-14 14:41:07,+761.41,+024.78,+11.971,+12.002,+12.000,Air
2026-09-14 14:41:09,+761.42,+024.80,+11.948,+11.979,+12.000,Air
2026-09-14 14:41:11,+761.52,+024.81,+11.987,+12.019,+12.000,Air
2026-09-14 14:41:13,+761.46,+024.79,+11.974,+12.006,+12.000,Air
2026-09-14 14:41:15,+761.45,+024.82,+11.993,+12.023,+12.000,Air
2026-09-14 14:41:17,+761.57,+024.80,+11.961,+11.994,+12.000,Air
2026-09-14 14:41:19,+761.51,+024.79,+11.977,+12.010,+12.000,Air
2026-09-14 14:41:21,+761.58,+024.80,+11.960,+11.993,+12.000,Air
2026-09-14 14:41:23,+761.49,+024.80,+11.935,+11.966,+12.000,Air
2026-09-14 14:41:25,+761.53,+024.82,+11.985,+12.017,+12.000,Air
2026-09-14 14:41:27,+761.59,+024.81,+11.970,+12.003,+12.000,Air
2026-09-14 14:41:29,+761.47,+024.79,+11.975,+12.007,+12.000,Air
2026-09-14 14:41:31,+761.56,+024.78,+11.960,+11.993,+12.000,Air
2026-09-14 14:41:33,+761.51,+024.81,+11.981,+12.012,+12.000,Air
2026-09-14 14:41:35,+761.52,+024.78,+11.981,+12.014,+12.000,Air
2026-09-14 14:41:37,+761.46,+024.80,+11.988,+12.020,+12.000,Air
2026-09-14 14:41:39,+761.48,+024.80,+11.973,+12.004,+12.000,Air
2026-09-14 14:41:41,+761.44,+024.78,+11.941,+11.972,+12.000,Air
2026-09-14 14:41:43,+761.57,+024.82,+11.950,+11.982,+12.000,Air
2026-09-14 14:41:45,+761.56,+024.77,+11.959,+11.993,+12.000,Air
2026-09-14 14:41:47,+761.57,+024.77,+11.965,+11.999,+12.000,Air
2026-09-14 14:41:49,+761.53,+024.77,+11.971,+12.004,+12.000,Air
2026-09-14 14:41:51,+761.50,+024.80,+11.932,+11.964,+12.000,Air
2026-09-14 14:41:53,+761.55,+024.82,+11.976,+12.008,+12.000,Air
2026-09-14 14:41:55,+761.59,+024.81,+11.962,+11.995,+12.000,Air
2026-09-14 14:41:57,+761.55,+024.81,+11.964,+11.996,+12.000,Air
2026-09-14 14:41:59,+761.52,+024.81,+11.963,+11.994,+12.000,Air
2026-09-14 14:42:01,+761.57,+024.82,+11.971,+12.003,+12.000,Air
2026-09-14 14:42:03,+761.56,+024.81,+11.965,+11.998,+12.000,Air
2026-09-14 14:42:05,+761.51,+024.76,+11.992,+12.026,+12.000,Air
2026-09-14 14:42:07,+761.54,+024.82,+11.952,+11.984,+12.000,Air
2026-09-14 14:42:09,+761.55,+024.81,+11.954,+11.987,+12.000,Air
2026-09-14 14:42:11,+761.60,+024.80,+11.946,+11.979,+12.000,Air
2026-09-14 14:42:13,+761.51,+024.78,+11.956,+11.989,+12.000,Air
2026-09-14 14:42:15,+761.50,+024.80,+11.975,+12.007,+12.000,Air
2026-09-14 14:42:17,+761.51,+024.79,+11.964,+11.997,+12.000,Air
2026-09-14 14:42:19,+761.47,+024.78,+11.982,+12.014,+12.000,Air
2026-09-14 14:42:21,+761.51,+024.81,+11.975,+12.006,+12.000,Air
2026-09-14 14:42:23,+761.50,+024.80,+11.964,+11.996,+12.000,Air
2026-09-14 14:42:25,+761.53,+024.79,+11.947,+11.979,+12.000,Air
2026-09-14 14:42:27,+761.53,+024.80,+11.961,+11.993,+12.000,Air
2026-09-14 14:42:29,+761.50,+024.78,+11.964,+11.997,+12.000,Air
2026-09-14 14:42:31,+761.52,+024.80,+12.008,+12.040,+12.000,Air
2026-09-14 14:42:33,+761.48,+024.80,+11.963,+11.995,+12.000,Air
2026-09-14 14:42:35,+761.51,+024.79,+11.959,+11.991,+12.000,Air
2026-09-14 14:42:37,+761.42,+024.80,+11.979,+12.009,+12.000,Air
2026-09-14 14:42:39,+761.55,+024.77,+11.949,+11.982,+12.000,Air
2026-09-14 14:42:41,+761.50,+024.78,+11.999,+12.031,+12.000,Air
2026-09-14 14:42:43,+761.53,+024.85,+12.025,+12.056,+12.000,Air
2026-09-14 14:42:45,+761.56,+024.79,+11.952,+11.985,+12.000,Air
2026-09-14 14:42:47,+761.58,+024.83,+11.977,+12.009,+12.000,Air
2026-09-14 14:42:49,+761.54,+024.82,+11.970,+12.001,+12.000,Air
2026-09-14 14:42:51,+761.52,+024.79,+11.964,+11.996,+12.000,Air
2026-09-14 14:42:53,+761.41,+024.81,+11.995,+12.025,+12.000,Air
2026-09-14 14:42:55,+761.45,+024.81,+11.979,+12.009,+12.000,Air
2026-09-14 14:42:57,+761.49,+024.80,+11.969,+12.001,+12.000,Air
2026-09-14 14:42:59,+761.48,+024.79,+11.961,+11.992,+12.000,Air
2026-09-14 14:43:01,+761.54,+024.82,+11.939,+11.970,+12.000,Air
2026-09-14 14:43:03,+761.44,+024.80,+11.966,+11.997,+12.000,Air
2026-09-14 14:43:05,+761.48,+024.81,+11.955,+11.986,+12.000,Air
2026-09-14 14:43:07,+761.52,+024.79,+11.985,+12.017,+12.000,Air
2026-09-14 14:43:09,+761.52,+024.78,+11.969,+12.002,+12.000,Air
2026-09-14 14:43:11,+761.57,+024.79,+11.954,+11.987,+12.000,Air
2026-09-14 14:43:13,+761.48,+024.81,+11.972,+12.003,+12.000,Air
2026-09-14 14:43:15,+761.46,+024.81,+11.971,+12.001,+12.000,Air
2026-09-14 14:43:17,+761.50,+024.79,+11.968,+12.000,+12.000,Air
2026-09-14 14:43:19,+761.41,+024.83,+11.949,+11.978,+12.000,Air
2026-09-14 14:43:21,+761.50,+024.79,+11.989,+12.021,+12.000,Air
2026-09-14 14:43:23,+761.55,+024.79,+11.948,+11.981,+12.000,Air
2026-09-14 14:43:25,+761.55,+024.81,+11.956,+11.987,+12.000,Air
2026-09-14 14:43:27,+761.55,+024.79,+11.978,+12.011,+12.000,Air
2026-09-14 14:43:29,+761.52,+024.74,+11.988,+12.022,+12.000,Air
2026-09-14 14:43:31,+761.49,+024.81,+11.965,+11.996,+12.000,Air
2026-09-14 14:43:33,+761.50,+024.81,+11.971,+12.003,+12.000,Air
2026-09-14 14:43:35,+761.56,+024.78,+11.955,+11.989,+12.000,Air
2026-09-14 14:43:37,+761.54,+024.84,+11.973,+12.004,+12.000,Air
2026-09-14 14:43:39,+761.53,+024.79,+11.975,+12.008,+12.000,Air
2026-09-14 14:43:41,+761.52,+024.81,+11.988,+12.019,+12.000,Air
2026-09-14 14:43:43,+761.45,+024.79,+11.981,+12.012,+12.000,Air
2026-09-14 14:43:45,+761.58,+024.81,+11.967,+11.999,+12.000,Air
2026-09-14 14:43:47,+761.44,+024.82,+11.956,+11.987,+12.000,Air
2026-09-14 14:43:49,+761.59,+024.77,+11.960,+11.994,+12.000,Air
2026-09-14 14:43:51,+761.47,+024.78,+11.962,+11.994,+12.000,Air
2026-09-14 14:43:53,+761.51,+024.79,+11.965,+11.998,+12.000,Air
2026-09-14 14:43:55,+761.53,+024.82,+11.965,+11.996,+12.000,Air
2026-09-14 14:43:57,+761.45,+024.79,+12.003,+12.034,+12.000,Air
2026-09-14 14:43:59,+761.57,+024.81,+11.940,+11.972,+12.000,Air
2026-09-14 14:44:01,+761.54,+024.80,+11.938,+11.971,+12.000,Air
2026-09-14 14:44:03,+761.46,+024.82,+11.968,+11.998,+12.000,Air
2026-09-14 14:44:05,+761.48,+024.80,+11.959,+11.991,+12.000,Air
2026-09-14 14:44:07,+761.45,+024.82,+11.976,+12.006,+12.000,Air
2026-09-14 14:44:09,+761.57,+024.82,+11.960,+11.992,+12.000,Air
2026-09-14 14:44:11,+761.56,+024.81,+11.998,+12.031,+12.000,Air
2026-09-14 14:44:13,+761.48,+024.81,+11.970,+12.001,+12.000,Air
2026-09-14 14:44:15,+761.59,+024.80,+11.968,+12.001,+12.000,Air
2026-09-14 14:44:17,+761.56,+024.79,+11.973,+12.005,+12.000,Air
2026-09-14 14:44:19,+761.51,+024.84,+11.956,+11.986,+12.000,Air
2026-09-14 14:44:21,+761.61,+024.81,+11.963,+11.996,+12.000,Air
2026-09-14 14:44:23,+761.51,+024.81,+11.970,+12.002,+12.000,Air
2026-09-14 14:44:25,+761.48,+024.78,+11.989,+12.021,+12.000,Air
2026-09-14 14:44:27,+761.48,+024.81,+11.954,+11.985,+12.000,Air
2026-09-14 14:44:29,+761.52,+024.79,+11.978,+12.010,+12.000,Air
2026-09-14 14:44:31,+761.63,+024.78,+11.970,+12.005,+12.000,Air
2026-09-14 14:44:33,+761.48,+024.79,+11.960,+11.992,+12.000,Air
2026-09-14 14:44:35,+761.51,+024.83,+11.968,+11.999,+12.000,Air
2026-09-14 14:44:37,+761.56,+024.79,+12.001,+12.035,+12.000,Air
2026-09-14 14:44:39,+761.52,+024.80,+11.953,+11.985,+12.000,Air
2026-09-14 14:44:41,+761.54,+024.82,+11.973,+12.004,+12.000,Air
2026-09-14 14:44:43,+761.57,+024.81,+11.972,+12.004,+12.000,Air
2026-09-14 14:44:45,+761.56,+024.81,+11.970,+12.003,+12.000,Air
2026-09-14 14:44:47,+761.48,+024.83,+11.963,+11.993,+12.000,Air
2026-09-14 14:44:49,+761.56,+024.82,+11.966,+11.998,+12.000,Air
2026-09-14 14:44:51,+761.56,+024.81,+11.963,+11.995,+12.000,Air
2026-09-14 14:44:53,+761.55,+024.79,+11.954,+11.987,+12.000,Air
2026-09-14 14:44:55,+761.64,+024.81,+11.966,+11.999,+12.000,Air
2026-09-14 14:44:57,+761.55,+024.80,+11.961,+11.994,+12.000,Air
2026-09-14 14:44:59,+761.54,+024.82,+11.976,+12.008,+12.000,Air
2026-09-14 14:45:01,+761.57,+024.82,+11.981,+12.013,+12.000,Air
2026-09-14 14:45:03,+761.52,+024.82,+11.986,+12.017,+12.000,Air
2026-09-14 14:45:05,+761.45,+024.79,+11.990,+12.021,+12.000,Air
2026-09-14 14:45:07,+761.60,+024.79,+11.981,+12.014,+12.000,Air
2026-09-14 14:45:09,+761.56,+024.83,+11.964,+11.995,+12.000,Air
2026-09-14 14:45:11,+761.52,+024.81,+11.958,+11.989,+12.000,Air
2026-09-14 14:45:13,+761.55,+024.78,+11.981,+12.015,+12.000,Air
2026-09-14 14:45:15,+761.54,+024.80,+11.951,+11.983,+12.000,Air
2026-09-14 14:45:17,+761.50,+024.80,+11.975,+12.007,+12.000,Air
2026-09-14 14:45:19,+761.57,+024.83,+11.974,+12.006,+12.000,Air
2026-09-14 14:45:21,+761.55,+024.83,+11.980,+12.011,+12.000,Air
2026-09-14 14:45:23,+761.52,+024.83,+11.968,+11.999,+12.000,Air
2026-09-14 14:45:25,+761.52,+024.82,+11.932,+11.963,+12.000,Air
2026-09-14 14:45:27,+761.47,+024.82,+11.978,+12.009,+12.000,Air
2026-09-14 14:45:29,+761.56,+024.80,+11.960,+11.993,+12.000,Air
2026-09-14 14:45:31,+761.48,+024.80,+11.960,+11.992,+12.000,Air
2026-09-14 14:45:33,+761.57,+024.82,+11.963,+11.995,+12.000,Air
2026-09-14 14:45:35,+761.48,+024.79,+11.969,+12.000,+12.000,Air
2026-09-14 14:45:37,+761.57,+024.79,+11.976,+12.009,+12.000,Air
2026-09-14 14:45:39,+761.50,+024.79,+11.959,+11.991,+12.000,Air
2026-09-14 14:45:41,+761.53,+024.82,+11.967,+11.998,+12.000,Air
2026-09-14 14:45:43,+761.60,+024.84,+11.972,+12.003,+12.000,Air
2026-09-14 14:45:45,+761.49,+024.77,+11.990,+12.023,+12.000,Air
2026-09-14 14:45:47,+761.59,+024.82,+11.973,+12.005,+12.000,Air
2026-09-14 14:45:49,+761.48,+024.79,+11.960,+11.992,+12.000,Air
2026-09-14 14:45:51,+761.56,+024.83,+11.985,+12.017,+12.000,Air
2026-09-14 14:45:53,+761.55,+024.86,+11.966,+11.996,+12.000,Air
2026-09-14 14:45:55,+761.52,+024.79,+11.988,+12.021,+12.000,Air
2026-09-14 14:45:57,+761.51,+024.82,+11.944,+11.975,+12.000,Air
2026-09-14 14:45:59,+761.52,+024.81,+11.975,+12.006,+12.000,Air
2026-09-14 14:46:01,+761.54,+024.81,+11.942,+11.973,+12.000,Air
2026-09-14 14:46:03,+761.53,+024.82,+11.990,+12.022,+12.000,Air
2026-09-14 14:46:05,+761.53,+024.84,+11.979,+12.010,+12.000,Air
2026-09-14 14:46:07,+761.53,+024.80,+11.974,+12.006,+12.000,Air
2026-09-14 14:46:09,+761.52,+024.80,+11.983,+12.015,+12.000,Air
2026-09-14 14:46:11,+761.59,+024.83,+11.950,+11.982,+12.000,Air
2026-09-14 14:46:13,+761.51,+024.83,+11.973,+12.004,+12.000,Air
2026-09-14 14:46:15,+761.55,+024.83,+11.952,+11.983,+12.000,Air
2026-09-14 14:46:17,+761.59,+024.80,+11.967,+12.000,+12.000,Air
2026-09-14 14:46:19,+761.62,+024.82,+11.961,+11.994,+12.000,Air
2026-09-14 14:46:21,+761.58,+024.79,+11.985,+12.019,+12.000,Air
2026-09-14 14:46:23,+761.57,+024.79,+11.975,+12.008,+12.000,Air
2026-09-14 14:46:25,+761.55,+024.82,+11.945,+11.977,+12.000,Air
2026-09-14 14:46:27,+761.51,+024.81,+11.963,+11.994,+12.000,Air
2026-09-14 14:46:29,+761.52,+024.83,+11.994,+12.024,+12.000,Air
2026-09-14 14:46:31,+761.42,+024.80,+11.960,+11.990,+12.000,Air
2026-09-14 14:46:33,+761.57,+024.81,+11.982,+12.015,+12.000,Air
2026-09-14 14:46:35,+761.57,+024.79,+11.950,+11.983,+12.000,Air
2026-09-14 14:46:37,+761.52,+024.86,+11.971,+12.001,+12.000,Air
2026-09-14 14:46:39,+761.53,+024.79,+11.971,+12.003,+12.000,Air
2026-09-14 14:46:41,+761.47,+024.81,+11.964,+11.995,+12.000,Air
2026-09-14 14:46:43,+761.56,+024.81,+11.971,+12.003,+12.000,Air
2026-09-14 14:46:45,+761.49,+024.82,+11.964,+11.995,+12.000,Air
2026-09-14 14:46:47,+761.54,+024.79,+11.956,+11.989,+12.000,Air
2026-09-14 14:46:49,+761.56,+024.82,+11.954,+11.986,+12.000,Air
2026-09-14 14:46:51,+761.52,+024.81,+11.962,+11.994,+12.000,Air
2026-09-14 14:46:53,+761.59,+024.78,+11.969,+12.003,+12.000,Air
2026-09-14 14:46:55,+761.57,+024.77,+11.955,+11.989,+12.000,Air
2026-09-14 14:46:57,+761.52,+024.80,+11.945,+11.977,+12.000,Air
2026-09-14 14:46:59,+761.61,+024.79,+11.947,+11.980,+12.000,Air
2026-09-14 14:47:01,+761.52,+024.81,+11.960,+11.991,+12.000,Air
2026-09-14 14:47:03,+761.51,+024.80,+11.957,+11.989,+12.000,Air
2026-09-14 14:47:05,+761.53,+024.80,+12.000,+12.032,+12.000,Air
2026-09-14 14:47:07,+761.54,+024.83,+11.975,+12.007,+12.000,Air
2026-09-14 14:47:09,+761.57,+024.82,+11.963,+11.995,+12.000,Air
2026-09-14 14:47:11,+761.58,+024.86,+11.965,+11.995,+12.000,Air
2026-09-14 14:47:13,+761.52,+024.80,+11.958,+11.989,+12.000,Air
2026-09-14 14:47:15,+761.53,+024.77,+11.972,+12.005,+12.000,Air
2026-09-14 14:47:17,+761.59,+024.81,+11.974,+12.007,+12.000,Air
2026-09-14 14:47:19,+761.58,+024.80,+11.962,+11.995,+12.000,Air
2026-09-14 14:47:21,+761.51,+024.83,+11.977,+12.007,+12.000,Air
2026-09-14 14:47:23,+761.46,+024.79,+11.960,+11.992,+12.000,Air
2026-09-14 14:47:25,+761.48,+024.82,+11.998,+12.028,+12.000,Air
2026-09-14 14:47:27,+761.55,+024.81,+11.951,+11.983,+12.000,Air
2026-09-14 14:47:29,+761.48,+024.82,+11.973,+12.003,+12.000,Air
2026-09-14 14:47:31,+761.48,+024.83,+11.991,+12.021,+12.000,Air
2026-09-14 14:47:33,+761.56,+024.83,+11.972,+12.004,+12.000,Air
2026-09-14 14:47:35,+761.51,+024.82,+11.947,+11.978,+12.000,Air
2026-09-14 14:47:37,+761.54,+024.83,+11.982,+12.013,+12.000,Air
2026-09-14 14:47:39,+761.56,+024.82,+11.951,+11.983,+12.000,Air
2026-09-14 14:47:41,+761.57,+024.83,+11.976,+12.007,+12.000,Air
2026-09-14 14:47:43,+761.57,+024.82,+12.000,+12.032,+12.000,Air
2026-09-14 14:47:45,+761.53,+024.84,+11.950,+11.981,+12.000,Air
2026-09-14 14:47:47,+761.58,+024.81,+11.970,+12.003,+12.000,Air
2026-09-14 14:47:49,+761.53,+024.84,+11.955,+11.986,+12.000,Air
2026-09-14 14:47:51,+761.52,+024.80,+11.968,+12.000,+12.000,Air
2026-09-14 14:47:53,+761.55,+024.82,+11.958,+11.990,+12.000,Air
2026-09-14 14:47:55,+761.55,+024.80,+11.966,+11.998,+12.000,Air
2026-09-14 14:47:57,+761.56,+024.80,+11.977,+12.010,+12.000,Air
2026-09-14 14:47:59,+761.55,+024.82,+11.971,+12.003,+12.000,Air
2026-09-14 14:48:01,+761.54,+024.82,+11.983,+12.014,+12.000,Air
2026-09-14 14:48:03,+761.59,+024.80,+11.972,+12.005,+12.000,Air
2026-09-14 14:48:05,+761.51,+024.81,+11.951,+11.982,+12.000,Air
2026-09-14 14:48:07,+761.50,+024.78,+12.009,+12.041,+12.000,Air
2026-09-14 14:48:09,+761.58,+024.82,+11.946,+11.978,+12.000,Air
2026-09-14 14:48:11,+761.54,+024.80,+11.982,+12.014,+12.000,Air
2026-09-14 14:48:13,+761.55,+024.82,+11.953,+11.985,+12.000,Air
2026-09-14 14:48:15,+761.48,+024.84,+11.970,+12.000,+12.000,Air
2026-09-14 14:48:17,+761.58,+024.80,+11.954,+11.987,+12.000,Air
2026-09-14 14:48:19,+761.54,+024.85,+11.961,+11.992,+12.000,Air
2026-09-14 14:48:21,+761.49,+024.83,+11.950,+11.980,+12.000,Air
2026-09-14 14:48:23,+761.53,+024.82,+12.010,+12.041,+12.000,Air
2026-09-14 14:48:25,+761.53,+024.83,+11.985,+12.016,+12.000,Air
2026-09-14 14:48:27,+761.55,+024.84,+11.963,+11.994,+12.000,Air
2026-09-14 14:48:29,+761.61,+024.79,+11.970,+12.004,+12.000,Air
2026-09-14 14:48:31,+761.53,+024.83,+11.978,+12.009,+12.000,Air
2026-09-14 14:48:33,+761.51,+024.80,+11.974,+12.006,+12.000,Air
2026-09-14 14:48:35,+761.61,+024.81,+11.955,+11.989,+12.000,Air
2026-09-14 14:48:37,+761.61,+024.82,+11.967,+12.000,+12.000,Air
2026-09-14 14:48:39,+761.48,+024.84,+11.941,+11.971,+12.000,Air
2026-09-14 14:48:41,+761.51,+024.81,+11.983,+12.015,+12.000,Air
2026-09-14 14:48:43,+761.56,+024.82,+11.973,+12.005,+12.000,Air
2026-09-14 14:48:45,+761.62,+024.83,+11.954,+11.987,+12.000,Air
2026-09-14 14:48:47,+761.49,+024.85,+11.982,+12.012,+12.000,Air
2026-09-14 14:48:49,+761.58,+024.86,+11.980,+12.010,+12.000,Air
2026-09-14 14:48:51,+761.51,+024.77,+11.954,+11.987,+12.000,Air
2026-09-14 14:48:53,+761.49,+024.83,+11.997,+12.028,+12.000,Air
2026-09-14 14:48:55,+761.49,+024.79,+11.996,+12.028,+12.000,Air
2026-09-14 14:48:57,+761.54,+024.82,+11.982,+12.013,+12.000,Air
2026-09-14 14:48:59,+761.54,+024.83,+11.950,+11.981,+12.000,Air
2026-09-14 14:49:01,+761.58,+024.82,+11.947,+11.979,+12.000,Air
2026-09-14 14:49:03,+761.59,+024.83,+11.975,+12.007,+12.000,Air
2026-09-14 14:49:05,+761.53,+024.81,+11.980,+12.012,+12.000,Air
2026-09-14 14:49:07,+761.44,+024.80,+11.949,+11.980,+12.000,Air
2026-09-14 14:49:09,+761.58,+024.83,+11.976,+12.007,+12.000,Air
2026-09-14 14:49:11,+761.54,+024.85,+11.968,+11.998,+12.000,Air
2026-09-14 14:49:13,+761.48,+024.82,+11.972,+12.003,+12.000,Air
2026-09-14 14:49:15,+761.52,+024.82,+11.960,+11.991,+12.000,Air
2026-09-14 14:49:17,+761.54,+024.85,+11.981,+12.012,+12.000,Air
2026-09-14 14:49:19,+761.57,+024.80,+11.965,+11.997,+12.000,Air
2026-09-14 14:49:21,+761.56,+024.82,+11.973,+12.004,+12.000,Air
2026-09-14 14:49:23,+761.56,+024.81,+11.959,+11.991,+12.000,Air
2026-09-14 14:49:25,+761.55,+024.81,+11.972,+12.004,+12.000,Air
2026-09-14 14:49:27,+761.52,+024.84,+11.966,+11.997,+12.000,Air
2026-09-14 14:49:29,+761.54,+024.81,+11.970,+12.002,+12.000,Air
2026-09-14 14:49:31,+761.47,+024.83,+11.957,+11.987,+12.000,Air
2026-09-14 14:49:33,+761.61,+024.80,+11.953,+11.987,+12.000,Air
2026-09-14 14:49:35,+761.58,+024.84,+11.962,+11.993,+12.000,Air
2026-09-14 14:49:37,+761.50,+024.79,+11.965,+11.997,+12.000,Air
2026-09-14 14:49:39,+761.52,+024.85,+11.955,+11.985,+12.000,Air
2026-09-14 14:49:41,+761.51,+024.83,+11.969,+12.000,+12.000,Air
2026-09-14 14:49:43,+761.49,+024.84,+11.949,+11.979,+12.000,Air
2026-09-14 14:49:45,+761.50,+024.86,+11.965,+11.995,+12.000,Air
2026-09-14 14:49:47,+761.55,+024.80,+11.988,+12.020,+12.000,Air
2026-09-14 14:49:49,+761.46,+024.81,+11.959,+11.990,+12.000,Air
2026-09-14 14:49:51,+761.52,+024.80,+11.965,+11.997,+12.000,Air
2026-09-14 14:49:53,+761.52,+024.82,+11.968,+11.999,+12.000,Air
2026-09-14 14:49:55,+761.56,+024.82,+11.985,+12.017,+12.000,Air
2026-09-14 14:49:57,+761.53,+024.85,+11.931,+11.961,+12.000,Air
2026-09-14 14:49:59,+761.50,+024.82,+11.962,+11.993,+12.000,Air
2026-09-14 14:50:01,+761.54,+024.80,+12.002,+12.035,+12.000,Air
2026-09-14 14:50:03,+761.50,+024.79,+11.975,+12.007,+12.000,Air
2026-09-14 14:50:05,+761.54,+024.86,+11.947,+11.977,+12.000,Air
2026-09-14 14:50:07,+761.47,+024.82,+11.953,+11.983,+12.000,Air
2026-09-14 14:50:09,+761.52,+024.81,+11.957,+11.989,+12.000,Air
2026-09-14 14:50:11,+761.57,+024.83,+11.973,+12.005,+12.000,Air
2026-09-14 14:50:13,+761.57,+024.80,+11.959,+11.992,+12.000,Air
2026-09-14 14:50:15,+761.58,+024.77,+11.984,+12.018,+12.000,Air
2026-09-14 14:50:17,+761.52,+024.85,+11.989,+12.019,+12.000,Air
2026-09-14 14:50:19,+761.50,+024.82,+11.966,+11.997,+12.000,Air
2026-09-14 14:50:21,+761.49,+024.79,+11.970,+12.002,+12.000,Air
2026-09-14 14:50:23,+761.58,+024.84,+11.987,+12.019,+12.000,Air
2026-09-14 14:50:25,+761.61,+024.85,+11.965,+11.997,+12.000,Air
2026-09-14 14:50:27,+761.59,+024.85,+11.977,+12.008,+12.000,Air
2026-09-14 14:50:29,+761.54,+024.84,+11.991,+12.021,+12.000,Air
2026-09-14 14:50:31,+761.52,+024.82,+11.951,+11.982,+12.000,Air
2026-09-14 14:50:33,+761.59,+024.80,+11.987,+12.020,+12.000,Air
2026-09-14 14:50:35,+761.53,+024.86,+11.979,+12.009,+12.000,Air
2026-09-14 14:50:37,+761.50,+024.82,+11.939,+11.970,+12.000,Air
2026-09-14 14:50:39,+761.55,+024.82,+11.962,+11.994,+12.000,Air
2026-09-14 14:50:41,+761.51,+024.84,+11.957,+11.988,+12.000,Air
2026-09-14 14:50:43,+761.53,+024.85,+11.983,+12.014,+12.000,Air
2026-09-14 14:50:45,+761.55,+024.82,+11.978,+12.009,+12.000,Air
2026-09-14 14:50:47,+761.54,+024.81,+11.959,+11.991,+12.000,Air
2026-09-14 14:50:49,+761.50,+024.84,+11.980,+12.010,+12.000,Air
2026-09-14 14:50:51,+761.60,+024.82,+11.967,+12.000,+12.000,Air
2026-09-14 14:50:53,+761.52,+024.81,+11.979,+12.010,+12.000,Air
2026-09-14 14:50:55,+761.60,+024.82,+11.962,+11.995,+12.000,Air
2026-09-14 14:50:57,+761.59,+024.82,+11.950,+11.982,+12.000,Air
2026-09-14 14:50:59,+761.54,+024.84,+11.970,+12.001,+12.000,Air
2026-09-14 14:51:01,+761.66,+024.82,+11.988,+12.021,+12.000,Air
2026-09-14 14:51:03,+761.52,+024.85,+11.969,+11.999,+12.000,Air
2026-09-14 14:51:05,+761.49,+024.84,+11.967,+11.996,+12.000,Air
2026-09-14 14:51:07,+761.60,+024.80,+11.970,+12.003,+12.000,Air
2026-09-14 14:51:09,+761.53,+024.79,+11.988,+12.020,+12.000,Air
2026-09-14 14:51:11,+761.50,+024.82,+11.966,+11.997,+12.000,Air
2026-09-14 14:51:13,+761.66,+024.81,+11.959,+11.993,+12.000,Air
2026-09-14 14:51:15,+761.45,+024.81,+11.969,+12.000,+12.000,Air
2026-09-14 14:51:17,+761.48,+024.80,+11.989,+12.021,+12.000,Air
2026-09-14 14:51:19,+761.53,+024.81,+11.970,+12.002,+12.000,Air
2026-09-14 14:51:21,+761.51,+024.82,+12.015,+12.047,+12.000,Air
2026-09-14 14:51:23,+761.54,+024.84,+11.960,+11.990,+12.000,Air
2026-09-14 14:51:25,+761.50,+024.81,+11.961,+11.992,+12.000,Air
2026-09-14 14:51:27,+761.58,+024.80,+11.972,+12.005,+12.000,Air
2026-09-14 14:51:29,+761.48,+024.83,+11.948,+11.978,+12.000,Air
2026-09-14 14:51:31,+761.56,+024.84,+11.999,+12.031,+12.000,Air
2026-09-14 14:51:33,+761.49,+024.82,+11.971,+12.002,+12.000,Air
2026-09-14 14:51:35,+761.54,+024.83,+11.951,+11.982,+12.000,Air
2026-09-14 14:51:37,+761.54,+024.86,+11.977,+12.007,+12.000,Air
2026-09-14 14:51:39,+761.49,+024.85,+11.975,+12.005,+12.000,Air
2026-09-14 14:51:41,+761.53,+024.81,+11.963,+11.995,+12.000,Air
2026-09-14 14:51:43,+761.52,+024.82,+11.963,+11.994,+12.000,Air
2026-09-14 14:51:45,+761.48,+024.80,+11.972,+12.004,+12.000,Air
2026-09-14 14:51:47,+761.60,+024.84,+11.994,+12.026,+12.000,Air
2026-09-14 14:51:49,+761.51,+024.81,+11.985,+12.017,+12.000,Air
2026-09-14 14:51:51,+761.54,+024.83,+11.977,+12.008,+12.000,Air
2026-09-14 14:51:53,+761.59,+024.82,+11.936,+11.968,+12.000,Air
2026-09-14 14:51:55,+761.49,+024.85,+11.947,+11.976,+12.000,Air
2026-09-14 14:51:57,+761.55,+024.82,+11.965,+11.997,+12.000,Air
2026-09-14 14:51:59,+761.55,+024.83,+11.970,+12.002,+12.000,Air
2026-09-14 14:52:01,+761.54,+024.82,+11.985,+12.017,+12.000,Air
2026-09-14 14:52:03,+761.61,+024.84,+11.982,+12.014,+12.000,Air
2026-09-14 14:52:05,+761.50,+024.84,+11.970,+12.000,+12.000,Air
2026-09-14 14:52:07,+761.50,+024.85,+12.009,+12.038,+12.000,Air
2026-09-14 14:52:09,+761.56,+024.82,+11.974,+12.006,+12.000,Air
2026-09-14 14:52:11,+761.58,+024.82,+11.956,+11.988,+12.000,Air
2026-09-14 14:52:13,+761.50,+024.83,+11.973,+12.003,+12.000,Air
2026-09-14 14:52:15,+761.54,+024.86,+11.970,+12.000,+12.000,Air
2026-09-14 14:52:17,+761.49,+024.85,+11.973,+12.002,+12.000,Air
2026-09-14 14:52:19,+761.57,+024.83,+11.987,+12.018,+12.000,Air
2026-09-14 14:52:21,+761.61,+024.87,+11.969,+11.999,+12.000,Air
2026-09-14 14:52:23,+761.58,+024.82,+11.984,+12.016,+12.000,Air
2026-09-14 14:52:25,+761.57,+024.83,+11.941,+11.972,+12.000,Air
2026-09-14 14:52:27,+761.53,+024.82,+11.980,+12.011,+12.000,Air
2026-09-14 14:52:29,+761.51,+024.82,+11.969,+12.000,+12.000,Air
2026-09-14 14:52:31,+761.56,+024.85,+11.995,+12.025,+12.000,Air
2026-09-14 14:52:33,+761.50,+024.85,+11.995,+12.025,+12.000,Air
2026-09-14 14:52:35,+761.45,+024.81,+11.948,+11.978,+12.000,Air
2026-09-14 14:52:37,+761.49,+024.85,+11.971,+12.000,+12.000,Air
2026-09-14 14:52:39,+761.55,+024.82,+11.964,+11.996,+12.000,Air
2026-09-14 14:52:41,+761.51,+024.84,+11.973,+12.003,+12.000,Air
2026-09-14 14:52:43,+761.53,+024.80,+11.958,+11.990,+12.000,Air
2026-09-14 14:52:45,+761.56,+024.82,+11.978,+12.010,+12.000,Air
2026-09-14 14:52:47,+761.45,+024.79,+11.977,+12.008,+12.000,Air
2026-09-14 14:52:49,+761.61,+024.83,+11.993,+12.025,+12.000,Air
2026-09-14 14:52:51,+761.50,+024.87,+11.987,+12.016,+12.000,Air
2026-09-14 14:52:53,+761.56,+024.84,+11.991,+12.022,+12.000,Air
2026-09-14 14:52:55,+761.55,+024.81,+11.985,+12.017,+12.000,Air
2026-09-14 14:52:57,+761.54,+024.83,+11.947,+11.978,+12.000,Air
2026-09-14 14:52:59,+761.60,+024.85,+11.972,+12.003,+12.000,Air
2026-09-14 14:53:01,+761.53,+024.81,+11.966,+11.998,+12.000,Air
2026-09-14 14:53:03,+761.48,+024.85,+11.978,+12.008,+12.000,Air
2026-09-14 14:53:05,+761.46,+024.83,+11.955,+11.985,+12.000,Air
2026-09-14 14:53:07,+761.52,+024.83,+11.976,+12.007,+12.000,Air
2026-09-14 14:53:09,+761.53,+024.84,+11.996,+12.027,+12.000,Air
2026-09-14 14:53:11,+761.54,+024.82,+11.960,+11.992,+12.000,Air
2026-09-14 14:53:13,+761.51,+024.82,+11.976,+12.007,+12.000,Air
2026-09-14 14:53:15,+761.55,+024.79,+11.959,+11.992,+12.000,Air
2026-09-14 14:53:17,+761.52,+024.85,+11.996,+12.026,+12.000,Air
2026-09-14 14:53:19,+761.54,+024.83,+11.956,+11.987,+12.000,Air
2026-09-14 14:53:21,+761.57,+024.84,+11.981,+12.012,+12.000,Air
2026-09-14 14:53:23,+761.51,+024.83,+11.954,+11.984,+12.000,Air
2026-09-14 14:53:25,+761.66,+024.81,+11.993,+12.027,+12.000,Air
2026-09-14 14:53:27,+761.54,+024.84,+11.985,+12.016,+12.000,Air
2026-09-14 14:53:29,+761.57,+024.80,+11.966,+11.998,+12.000,Air
2026-09-14 14:53:31,+761.54,+024.85,+11.970,+12.001,+12.000,Air
2026-09-14 14:53:33,+761.54,+024.85,+11.981,+12.012,+12.000,Air
2026-09-14 14:53:35,+761.54,+024.84,+11.963,+11.994,+12.000,Air
2026-09-14 14:53:37,+761.61,+024.85,+11.981,+12.013,+12.000,Air
2026-09-14 14:53:39,+761.58,+024.85,+11.970,+12.001,+12.000,Air
2026-09-14 14:53:41,+761.44,+024.80,+11.947,+11.977,+12.000,Air
2026-09-14 14:53:43,+761.54,+024.83,+11.959,+11.990,+12.000,Air
2026-09-14 14:53:45,+761.64,+024.82,+11.963,+11.996,+12.000,Air
2026-09-14 14:53:47,+761.50,+024.81,+11.953,+11.984,+12.000,Air
2026-09-14 14:53:49,+761.43,+024.85,+11.978,+12.006,+12.000,Air
2026-09-14 14:53:51,+761.52,+024.82,+11.961,+11.992,+12.000,Air
2026-09-14 14:53:53,+761.58,+024.85,+11.976,+12.007,+12.000,Air
2026-09-14 14:53:55,+761.57,+024.84,+11.938,+11.969,+12.000,Air
2026-09-14 14:53:57,+761.48,+024.86,+11.962,+11.991,+12.000,Air
2026-09-14 14:53:59,+761.55,+024.80,+11.958,+11.990,+12.000,Air
2026-09-14 14:54:01,+761.50,+024.79,+11.966,+11.998,+12.000,Air
2026-09-14 14:54:03,+761.55,+024.83,+11.956,+11.987,+12.000,Air
2026-09-14 14:54:05,+761.52,+024.86,+11.971,+12.000,+12.000,Air
2026-09-14 14:54:07,+761.54,+024.85,+11.945,+11.975,+12.000,Air
2026-09-14 14:54:09,+761.47,+024.82,+11.973,+12.003,+12.000,Air
2026-09-14 14:54:11,+761.54,+024.83,+11.979,+12.010,+12.000,Air
2026-09-14 14:54:13,+761.58,+024.84,+11.984,+12.016,+12.000,Air
2026-09-14 14:54:15,+761.47,+024.82,+11.961,+11.991,+12.000,Air
2026-09-14 14:54:17,+761.57,+024.84,+11.999,+12.030,+12.000,Air
2026-09-14 14:54:19,+761.52,+024.82,+11.979,+12.010,+12.000,Air
2026-09-14 14:54:21,+761.49,+024.84,+11.965,+11.995,+12.000,Air
2026-09-14 14:54:23,+761.63,+024.83,+11.965,+11.997,+12.000,Air
2026-09-14 14:54:25,+761.56,+024.82,+11.948,+11.980,+12.000,Air
2026-09-14 14:54:27,+761.54,+024.83,+11.944,+11.975,+12.000,Air
2026-09-14 14:54:29,+761.56,+024.80,+11.970,+12.002,+12.000,Air
2026-09-14 14:54:31,+761.56,+024.85,+11.942,+11.973,+12.000,Air
2026-09-14 14:54:33,+761.61,+024.83,+11.948,+11.980,+12.000,Air
2026-09-14 14:54:35,+761.48,+024.84,+11.956,+11.985,+12.000,Air
2026-09-14 14:54:37,+761.55,+024.86,+11.970,+12.000,+12.000,Air
2026-09-14 14:54:39,+761.48,+024.82,+11.964,+11.995,+12.000,Air
2026-09-14 14:54:41,+761.59,+024.80,+11.968,+12.001,+12.000,Air
2026-09-14 14:54:43,+761.44,+024.83,+11.962,+11.991,+12.000,Air
2026-09-14 14:54:45,+761.57,+024.82,+11.962,+11.993,+12.000,Air
2026-09-14 14:54:47,+761.53,+024.83,+11.949,+11.980,+12.000,Air
2026-09-14 14:54:49,+761.61,+024.83,+11.986,+12.018,+12.000,Air
2026-09-14 14:54:51,+761.53,+024.80,+11.964,+11.996,+12.000,Air
2026-09-14 14:54:53,+761.52,+024.79,+11.980,+12.012,+12.000,Air
2026-09-14 14:54:55,+761.51,+024.82,+11.973,+12.004,+12.000,Air
2026-09-14 14:54:57,+761.57,+024.82,+11.969,+12.001,+12.000,Air
2026-09-14 14:54:59,+761.46,+024.82,+11.974,+12.004,+12.000,Air
2026-09-14 14:55:01,+761.53,+024.80,+11.980,+12.012,+12.000,Air
2026-09-14 14:55:03,+761.56,+024.86,+11.966,+11.997,+12.000,Air
2026-09-14 14:55:05,+761.46,+024.83,+11.990,+12.020,+12.000,Air
2026-09-14 14:55:07,+761.47,+024.83,+11.970,+12.000,+12.000,Air
2026-09-14 14:55:09,+761.52,+024.83,+11.965,+11.996,+12.000,Air
2026-09-14 14:55:11,+761.49,+024.82,+11.971,+12.002,+12.000,Air
2026-09-14 14:55:13,+761.60,+024.86,+11.989,+12.020,+12.000,Air
2026-09-14 14:55:15,+761.50,+024.88,+11.973,+12.002,+12.000,Air
2026-09-14 14:55:17,+761.54,+024.81,+11.994,+12.026,+12.000,Air
2026-09-14 14:55:19,+761.50,+024.84,+11.966,+11.996,+12.000,Air
2026-09-14 14:55:21,+761.54,+024.81,+11.990,+12.022,+12.000,Air
2026-09-14 14:55:23,+761.55,+024.85,+11.976,+12.007,+12.000,Air
2026-09-14 14:55:25,+761.52,+024.85,+11.976,+12.006,+12.000,Air
2026-09-14 14:55:27,+761.57,+024.86,+11.974,+12.004,+12.000,Air
2026-09-14 14:55:29,+761.59,+024.84,+11.962,+11.994,+12.000,Air
2026-09-14 14:55:31,+761.51,+024.82,+11.960,+11.991,+12.000,Air
2026-09-14 14:55:33,+761.56,+024.81,+11.947,+11.979,+12.000,Air
2026-09-14 14:55:35,+761.54,+024.83,+11.987,+12.018,+12.000,Air
2026-09-14 14:55:37,+761.49,+024.77,+11.974,+12.007,+12.000,Air
2026-09-14 14:55:39,+761.55,+024.87,+11.969,+11.999,+12.000,Air
2026-09-14 14:55:41,+761.57,+024.81,+11.949,+11.982,+12.000,Air
2026-09-14 14:55:43,+761.55,+024.85,+11.986,+12.016,+12.000,Air
2026-09-14 14:55:45,+761.60,+024.85,+11.972,+12.003,+12.000,Air
2026-09-14 14:55:47,+761.54,+024.86,+11.982,+12.012,+12.000,Air
2026-09-14 14:55:49,+761.50,+024.84,+11.977,+12.007,+12.000,Air
2026-09-14 14:55:51,+761.58,+024.84,+11.960,+11.992,+12.000,Air
2026-09-14 14:55:53,+761.52,+024.85,+11.979,+12.009,+12.000,Air
2026-09-14 14:55:55,+761.54,+024.80,+12.003,+12.036,+12.000,Air
2026-09-14 14:55:57,+761.57,+024.84,+11.973,+12.004,+12.000,Air
2026-09-14 14:55:59,+761.44,+024.84,+11.974,+12.004,+12.000,Air
2026-09-14 14:56:01,+761.54,+024.85,+11.968,+11.998,+12.000,Air
2026-09-14 14:56:03,+761.57,+024.79,+11.984,+12.017,+12.000,Air
2026-09-14 14:56:05,+761.53,+024.84,+11.957,+11.987,+12.000,Air
2026-09-14 14:56:07,+761.54,+024.88,+11.992,+12.021,+12.000,Air
2026-09-14 14:56:09,+761.50,+024.85,+11.974,+12.003,+12.000,Air
2026-09-14 14:56:11,+761.62,+024.84,+11.967,+11.999,+12.000,Air
2026-09-14 14:56:13,+761.52,+024.84,+11.957,+11.988,+12.000,Air
2026-09-14 14:56:15,+761.55,+024.82,+11.979,+12.011,+12.000,Air
2026-09-14 14:56:17,+761.57,+024.86,+11.972,+12.002,+12.000,Air
2026-09-14 14:56:19,+761.50,+024.83,+11.987,+12.018,+12.000,Air
2026-09-14 14:56:21,+761.53,+024.81,+11.944,+11.975,+12.000,Air
2026-09-14 14:56:23,+761.53,+024.85,+11.986,+12.017,+12.000,Air
2026-09-14 14:56:25,+761.52,+024.85,+11.993,+12.024,+12.000,Air
2026-09-14 14:56:27,+761.58,+024.87,+11.975,+12.005,+12.000,Air
2026-09-14 14:56:29,+761.63,+024.85,+11.963,+11.995,+12.000,Air
2026-09-14 14:56:31,+761.56,+024.83,+11.971,+12.003,+12.000,Air
2026-09-14 14:56:33,+761.52,+024.84,+11.978,+12.009,+12.000,Air
2026-09-14 14:56:35,+761.64,+024.85,+11.967,+11.998,+12.000,Air
2026-09-14 14:56:37,+761.59,+024.84,+11.971,+12.003,+12.000,Air
2026-09-14 14:56:39,+761.49,+024.85,+11.939,+11.968,+12.000,Air
2026-09-14 14:56:41,+761.55,+024.87,+11.954,+11.984,+12.000,Air
2026-09-14 14:56:43,+761.50,+024.84,+11.980,+12.010,+12.000,Air
2026-09-14 14:56:45,+761.57,+024.85,+11.965,+11.996,+12.000,Air
2026-09-14 14:56:47,+761.54,+024.85,+11.957,+11.988,+12.000,Air
2026-09-14 14:56:49,+761.53,+024.80,+11.969,+12.002,+12.000,Air
2026-09-14 14:56:51,+761.62,+024.81,+11.967,+12.000,+12.000,Air
2026-09-14 14:56:53,+761.55,+024.84,+11.946,+11.976,+12.000,Air
2026-09-14 14:56:55,+761.53,+024.83,+11.969,+12.000,+12.000,Air
2026-09-14 14:56:57,+761.49,+024.80,+11.958,+11.990,+12.000,Air
2026-09-14 14:56:59,+761.43,+024.81,+11.992,+12.022,+12.000,Air
2026-09-14 14:57:01,+761.55,+024.83,+11.974,+12.005,+12.000,Air
2026-09-14 14:57:03,+761.52,+024.84,+11.952,+11.983,+12.000,Air
2026-09-14 14:57:05,+761.52,+024.82,+11.946,+11.978,+12.000,Air
2026-09-14 14:57:07,+761.61,+024.82,+11.984,+12.017,+12.000,Air
2026-09-14 14:57:09,+761.60,+024.84,+11.971,+12.002,+12.000,Air
2026-09-14 14:57:11,+761.45,+024.81,+11.965,+11.995,+12.000,Air
2026-09-14 14:57:13,+761.54,+024.82,+11.943,+11.975,+12.000,Air
2026-09-14 14:57:15,+761.60,+024.81,+11.972,+12.005,+12.000,Air
2026-09-14 14:57:17,+761.60,+024.89,+11.971,+12.001,+12.000,Air
2026-09-14 14:57:19,+761.55,+024.83,+11.924,+11.956,+12.000,Air
2026-09-14 14:57:21,+761.49,+024.84,+11.974,+12.004,+12.000,Air
2026-09-14 14:57:23,+761.61,+024.85,+11.960,+11.991,+12.000,Air
2026-09-14 14:57:25,+761.56,+024.82,+11.956,+11.987,+12.000,Air
2026-09-14 14:57:27,+761.56,+024.83,+11.949,+11.980,+12.000,Air
2026-09-14 14:57:29,+761.51,+024.84,+11.973,+12.003,+12.000,Air
2026-09-14 14:57:31,+761.61,+024.81,+11.950,+11.983,+12.000,Air
2026-09-14 14:57:33,+761.55,+024.87,+11.967,+11.996,+12.000,Air
2026-09-14 14:57:35,+761.57,+024.80,+11.960,+11.993,+12.000,Air
2026-09-14 14:57:37,+761.57,+024.83,+11.985,+12.017,+12.000,Air
2026-09-14 14:57:39,+761.51,+024.84,+11.990,+12.020,+12.000,Air
2026-09-14 14:57:41,+761.49,+024.85,+11.968,+11.998,+12.000,Air
2026-09-14 14:57:43,+761.55,+024.84,+11.975,+12.006,+12.000,Air
2026-09-14 14:57:45,+761.55,+024.84,+11.977,+12.007,+12.000,Air
2026-09-14 14:57:47,+761.52,+024.85,+11.964,+11.994,+12.000,Air
2026-09-14 14:57:49,+761.47,+024.83,+11.945,+11.975,+12.000,Air
2026-09-14 14:57:51,+761.50,+024.85,+11.974,+12.004,+12.000,Air
2026-09-14 14:57:53,+761.53,+024.84,+11.991,+12.022,+12.000,Air
2026-09-14 14:57:55,+761.63,+024.84,+11.953,+11.984,+12.000,Air
2026-09-14 14:57:57,+761.52,+024.84,+11.962,+11.992,+12.000,Air
2026-09-14 14:57:59,+761.49,+024.81,+11.985,+12.016,+12.000,Air
2026-09-14 14:58:01,+761.51,+024.85,+11.952,+11.982,+12.000,Air
2026-09-14 14:58:03,+761.60,+024.85,+11.953,+11.984,+12.000,Air
2026-09-14 14:58:05,+761.53,+024.83,+11.964,+11.995,+12.000,Air
2026-09-14 14:58:07,+761.61,+024.86,+11.956,+11.987,+12.000,Air
2026-09-14 14:58:09,+761.53,+024.89,+11.981,+12.009,+12.000,Air
2026-09-14 14:58:11,+761.55,+024.88,+11.972,+12.001,+12.000,Air
2026-09-14 14:58:13,+761.58,+024.80,+11.977,+12.010,+12.000,Air
2026-09-14 14:58:15,+761.52,+024.84,+11.979,+12.009,+12.000,Air
2026-09-14 14:58:17,+761.55,+024.84,+11.951,+11.982,+12.000,Air
2026-09-14 14:58:19,+761.51,+024.82,+11.976,+12.007,+12.000,Air
2026-09-14 14:58:21,+761.46,+024.83,+11.949,+11.979,+12.000,Air
2026-09-14 14:58:23,+761.59,+024.80,+11.955,+11.988,+12.000,Air
2026-09-14 14:58:25,+761.42,+024.83,+11.953,+11.982,+12.000,Air
2026-09-14 14:58:27,+761.50,+024.83,+11.947,+11.977,+12.000,Air
2026-09-14 14:58:29,+761.61,+024.81,+11.974,+12.007,+12.000,Air
2026-09-14 14:58:31,+761.51,+024.82,+11.993,+12.024,+12.000,Air
2026-09-14 14:58:33,+761.47,+024.85,+11.976,+12.005,+12.000,Air
2026-09-14 14:58:35,+761.51,+024.82,+11.962,+11.993,+12.000,Air
2026-09-14 14:58:37,+761.59,+024.84,+11.976,+12.007,+12.000,Air
2026-09-14 14:58:39,+761.52,+024.85,+11.981,+12.011,+12.000,Air
2026-09-14 14:58:41,+761.51,+024.82,+11.982,+12.013,+12.000,Air
2026-09-14 14:58:43,+761.62,+024.83,+11.953,+11.985,+12.000,Air
2026-09-14 14:58:45,+761.46,+024.88,+11.986,+12.014,+12.000,Air
2026-09-14 14:58:47,+761.54,+024.81,+11.971,+12.003,+12.000,Air
2026-09-14 14:58:49,+761.52,+024.86,+11.984,+12.013,+12.000,Air
2026-09-14 14:58:51,+761.54,+024.83,+11.969,+12.000,+12.000,Air
2026-09-14 14:58:53,+761.51,+024.85,+11.956,+11.986,+12.000,Air
2026-09-14 14:58:55,+761.49,+024.81,+11.960,+11.991,+12.000,Air
2026-09-14 14:58:57,+761.46,+024.83,+11.948,+11.977,+12.000,Air
2026-09-14 14:58:59,+761.56,+024.83,+11.969,+12.000,+12.000,Air
2026-09-14 14:59:01,+761.53,+024.83,+11.963,+11.994,+12.000,Air
2026-09-14 14:59:03,+761.39,+024.88,+11.978,+12.005,+12.000,Air
2026-09-14 14:59:05,+761.53,+024.83,+11.978,+12.009,+12.000,Air
2026-09-14 14:59:07,+761.55,+024.84,+11.965,+11.996,+12.000,Air
2026-09-14 14:59:09,+761.44,+024.88,+11.973,+12.001,+12.000,Air
2026-09-14 14:59:11,+761.49,+024.87,+11.973,+12.002,+12.000,Air
2026-09-14 14:59:13,+761.46,+024.88,+11.960,+11.988,+12.000,Air
2026-09-14 14:59:15,+761.56,+024.81,+11.992,+12.025,+12.000,Air
2026-09-14 14:59:17,+761.49,+024.86,+11.987,+12.016,+12.000,Air
2026-09-14 14:59:19,+761.53,+024.82,+11.987,+12.018,+12.000,Air
2026-09-14 14:59:21,+761.51,+024.84,+11.947,+11.978,+12.000,Air
2026-09-14 14:59:23,+761.49,+024.83,+11.983,+12.013,+12.000,Air
2026-09-14 14:59:25,+761.53,+024.83,+11.984,+12.015,+12.000,Air
2026-09-14 14:59:27,+761.50,+024.84,+11.967,+11.997,+12.000,Air
2026-09-14 14:59:29,+761.50,+024.82,+11.938,+11.969,+12.000,Air
2026-09-14 14:59:31,+761.68,+024.82,+11.981,+12.015,+12.000,Air
2026-09-14 14:59:33,+761.46,+024.84,+11.977,+12.007,+12.000,Air
2026-09-14 14:59:35,+761.62,+024.85,+11.958,+11.989,+12.000,Air
2026-09-14 14:59:37,+761.56,+024.86,+11.995,+12.026,+12.000,Air
2026-09-14 14:59:39,+761.53,+024.84,+11.963,+11.994,+12.000,Air
2026-09-14 14:59:41,+761.56,+024.86,+11.978,+12.009,+12.000,Air
2026-09-14 14:59:43,+761.59,+024.86,+11.975,+12.006,+12.000,Air
2026-09-14 14:59:45,+761.53,+024.84,+11.958,+11.989,+12.000,Air
2026-09-14 14:59:47,+761.58,+024.85,+11.958,+11.989,+12.000,Air
2026-09-14 14:59:49,+761.46,+024.87,+11.950,+11.978,+12.000,Air
2026-09-14 14:59:51,+761.44,+024.83,+11.951,+11.981,+12.000,Air
2026-09-14 14:59:53,+761.51,+024.87,+11.971,+12.000,+12.000,Air
2026-09-14 14:59:55,+761.48,+024.84,+11.979,+12.009,+12.000,Air
2026-09-14 14:59:57,+761.60,+024.87,+11.968,+11.999,+12.000,Air
2026-09-14 14:59:59,+761.58,+024.84,+11.975,+12.006,+12.000,Air
2026-09-14 15:00:01,+761.53,+024.85,+11.994,+12.024,+12.000,Air
2026-09-14 15:00:03,+761.52,+024.82,+11.956,+11.987,+12.000,Air
2026-09-14 15:00:05,+761.63,+024.86,+11.978,+12.009,+12.000,Air
2026-09-14 15:00:07,+761.56,+024.86,+11.978,+12.008,+12.000,Air
2026-09-14 15:00:09,+761.49,+024.85,+11.958,+11.987,+12.000,Air
2026-09-14 15:00:11,+761.46,+024.81,+11.983,+12.013,+12.000,Air
2026-09-14 15:00:13,+761.46,+024.85,+11.968,+11.997,+12.000,Air
2026-09-14 15:00:15,+761.55,+024.81,+11.962,+11.994,+12.000,Air
2026-09-14 15:00:17,+761.43,+024.86,+11.973,+12.002,+12.000,Air
2026-09-14 15:00:19,+761.49,+024.85,+11.968,+11.998,+12.000,Air
2026-09-14 15:00:21,+761.53,+024.85,+11.972,+12.003,+12.000,Air
2026-09-14 15:00:23,+761.48,+024.85,+11.982,+12.012,+12.000,Air
2026-09-14 15:00:25,+761.54,+024.83,+11.947,+11.978,+12.000,Air
2026-09-14 15:00:27,+761.43,+024.86,+12.001,+12.029,+12.000,Air
2026-09-14 15:00:29,+761.54,+024.85,+11.976,+12.006,+12.000,Air
2026-09-14 15:00:31,+761.54,+024.80,+11.987,+12.019,+12.000,Air
2026-09-14 15:00:33,+761.55,+024.86,+11.967,+11.998,+12.000,Air
2026-09-14 15:00:35,+761.55,+024.84,+11.956,+11.986,+12.000,Air
2026-09-14 15:00:37,+761.54,+024.84,+11.961,+11.992,+12.000,Air
2026-09-14 15:00:39,+761.57,+024.82,+11.995,+12.027,+12.000,Air
2026-09-14 15:00:41,+761.51,+024.91,+12.014,+12.042,+12.000,Air
2026-09-14 15:00:43,+761.46,+024.84,+11.954,+11.983,+12.000,Air
2026-09-14 15:00:45,+761.51,+024.84,+11.976,+12.006,+12.000,Air
2026-09-14 15:00:47,+761.46,+024.84,+11.974,+12.003,+12.000,Air
2026-09-14 15:00:49,+761.53,+024.86,+11.941,+11.971,+12.000,Air
2026-09-14 15:00:51,+761.46,+024.85,+11.963,+11.992,+12.000,Air
2026-09-14 15:00:53,+761.50,+024.80,+11.956,+11.988,+12.000,Air
2026-09-14 15:00:55,+761.45,+024.83,+11.942,+11.972,+12.000,Air
2026-09-14 15:00:57,+761.60,+024.81,+11.977,+12.010,+12.000,Air
2026-09-14 15:00:59,+761.52,+024.85,+11.967,+11.997,+12.000,Air
2026-09-14 15:01:01,+761.56,+024.85,+11.978,+12.009,+12.000,Air
2026-09-14 15:01:03,+761.57,+024.85,+11.955,+11.986,+12.000,Air
2026-09-14 15:01:05,+761.53,+024.88,+11.931,+11.960,+12.000,Air
2026-09-14 15:01:07,+761.52,+024.84,+11.988,+12.019,+12.000,Air
2026-09-14 15:01:09,+761.57,+024.85,+11.979,+12.010,+12.000,Air
2026-09-14 15:01:11,+761.58,+024.84,+11.964,+11.995,+12.000,Air
2026-09-14 15:01:13,+761.49,+024.84,+11.977,+12.007,+12.000,Air
2026-09-14 15:01:15,+761.57,+024.88,+11.977,+12.007,+12.000,Air
2026-09-14 15:01:17,+761.53,+024.80,+11.963,+11.995,+12.000,Air
2026-09-14 15:01:19,+761.48,+024.87,+11.976,+12.005,+12.000,Air
2026-09-14 15:01:21,+761.53,+024.88,+11.970,+11.998,+12.000,Air
2026-09-14 15:01:23,+761.53,+024.87,+11.956,+11.985,+12.000,Air
2026-09-14 15:01:25,+761.57,+024.81,+11.984,+12.016,+12.000,Air
2026-09-14 15:01:27,+761.54,+024.82,+11.970,+12.002,+12.000,Air
2026-09-14 15:01:29,+761.60,+024.90,+11.982,+12.012,+12.000,Air
2026-09-14 15:01:31,+761.45,+024.81,+11.995,+12.026,+12.000,Air
2026-09-14 15:01:33,+761.49,+024.87,+11.973,+12.002,+12.000,Air
2026-09-14 15:01:35,+761.45,+024.83,+11.961,+11.990,+12.000,Air
2026-09-14 15:01:37,+761.56,+024.82,+11.967,+11.999,+12.000,Air
2026-09-14 15:01:39,+761.63,+024.82,+11.958,+11.991,+12.000,Air
2026-09-14 15:01:41,+761.50,+024.85,+11.979,+12.009,+12.000,Air
2026-09-14 15:01:43,+761.60,+024.84,+11.944,+11.976,+12.000,Air
2026-09-14 15:01:45,+761.51,+024.85,+11.952,+11.982,+12.000,Air
2026-09-14 15:01:47,+761.54,+024.87,+11.951,+11.981,+12.000,Air
2026-09-14 15:01:49,+761.55,+024.84,+11.990,+12.021,+12.000,Air
2026-09-14 15:01:51,+761.55,+024.87,+11.970,+12.000,+12.000,Air
2026-09-14 15:01:53,+761.51,+024.83,+11.981,+12.012,+12.000,Air
2026-09-14 15:01:55,+761.59,+024.85,+11.964,+11.995,+12.000,Air
2026-09-14 15:01:57,+761.53,+024.83,+11.969,+12.000,+12.000,Air
2026-09-14 15:01:59,+761.51,+024.82,+11.961,+11.991,+12.000,Air
2026-09-14 15:02:01,+761.45,+024.82,+11.958,+11.988,+12.000,Air
2026-09-14 15:02:03,+761.43,+024.82,+11.969,+11.999,+12.000,Air
2026-09-14 15:02:05,+761.54,+024.86,+11.966,+11.996,+12.000,Air
2026-09-14 15:02:07,+761.51,+024.87,+12.002,+12.032,+12.000,Air
2026-09-14 15:02:09,+761.56,+024.90,+11.977,+12.006,+12.000,Air
2026-09-14 15:02:11,+761.60,+024.84,+11.964,+11.996,+12.000,Air
2026-09-14 15:02:13,+761.57,+024.82,+11.962,+11.994,+12.000,Air
2026-09-14 15:02:15,+761.53,+024.83,+11.988,+12.019,+12.000,Air
2026-09-14 15:02:17,+761.51,+024.86,+11.967,+11.997,+12.000,Air
2026-09-14 15:02:19,+761.48,+024.86,+11.973,+12.002,+12.000,Air
2026-09-14 15:02:21,+761.55,+024.83,+11.975,+12.006,+12.000,Air
2026-09-14 15:02:23,+761.48,+024.87,+11.965,+11.994,+12.000,Air
2026-09-14 15:02:25,+761.41,+024.84,+11.992,+12.021,+12.000,Air
2026-09-14 15:02:27,+761.58,+024.86,+11.965,+11.996,+12.000,Air
2026-09-14 15:02:29,+761.57,+024.86,+11.979,+12.010,+12.000,Air
2026-09-14 15:02:31,+761.57,+024.81,+11.961,+11.993,+12.000,Air
2026-09-14 15:02:33,+761.47,+024.82,+11.970,+12.001,+12.000,Air
2026-09-14 15:02:35,+761.46,+024.83,+11.979,+12.009,+12.000,Air
2026-09-14 15:02:37,+761.50,+024.87,+11.960,+11.989,+12.000,Air
2026-09-14 15:02:39,+761.49,+024.84,+11.987,+12.017,+12.000,Air
2026-09-14 15:02:41,+761.49,+024.86,+11.949,+11.978,+12.000,Air
2026-09-14 15:02:43,+761.48,+024.85,+11.954,+11.983,+12.000,Air
2026-09-14 15:02:45,+761.53,+024.82,+11.972,+12.004,+12.000,Air
2026-09-14 15:02:47,+761.54,+024.86,+11.974,+12.004,+12.000,Air
2026-09-14 15:02:49,+761.57,+024.83,+11.980,+12.011,+12.000,Air
2026-09-14 15:02:51,+761.49,+024.86,+11.974,+12.003,+12.000,Air
2026-09-14 15:02:53,+761.56,+024.85,+11.969,+12.000,+12.000,Air
2026-09-14 15:02:55,+761.53,+024.84,+11.996,+12.026,+12.000,Air
2026-09-14 15:02:57,+761.62,+024.82,+11.972,+12.005,+12.000,Air
2026-09-14 15:02:59,+761.60,+024.87,+11.970,+12.000,+12.000,Air
2026-09-14 15:03:01,+761.56,+024.90,+11.957,+11.985,+12.000,Air
2026-09-14 15:03:03,+761.47,+024.85,+11.963,+11.992,+12.000,Air
2026-09-14 15:03:05,+761.42,+024.84,+11.965,+11.994,+12.000,Air
2026-09-14 15:03:07,+761.58,+024.87,+11.988,+12.018,+12.000,Air
2026-09-14 15:03:09,+761.49,+024.85,+11.988,+12.018,+12.000,Air
2026-09-14 15:03:11,+761.53,+024.86,+11.967,+11.997,+12.000,Air
2026-09-14 15:03:13,+761.47,+024.87,+11.962,+11.991,+12.000,Air
2026-09-14 15:03:15,+761.53,+024.84,+11.970,+12.001,+12.000,Air
2026-09-14 15:03:17,+761.48,+024.80,+11.973,+12.004,+12.000,Air
2026-09-14 15:03:19,+761.54,+024.85,+11.964,+11.994,+12.000,Air
2026-09-14 15:03:21,+761.54,+024.85,+11.978,+12.008,+12.000,Air
2026-09-14 15:03:23,+761.49,+024.86,+11.990,+12.019,+12.000,Air
2026-09-14 15:03:25,+761.54,+024.84,+11.964,+11.995,+12.000,Air
2026-09-14 15:03:27,+761.51,+024.88,+11.988,+12.017,+12.000,Air
2026-09-14 15:03:29,+761.52,+024.85,+11.969,+11.999,+12.000,Air
2026-09-14 15:03:31,+761.56,+024.82,+11.993,+12.024,+12.000,Air
2026-09-14 15:03:33,+761.45,+024.84,+11.970,+11.999,+12.000,Air
2026-09-14 15:03:35,+761.55,+024.84,+11.959,+11.990,+12.000,Air
2026-09-14 15:03:37,+761.53,+024.82,+11.968,+11.999,+12.000,Air
2026-09-14 15:03:39,+761.49,+024.85,+11.976,+12.006,+12.000,Air
2026-09-14 15:03:41,+761.56,+024.84,+11.980,+12.011,+12.000,Air
2026-09-14 15:03:43,+761.58,+024.89,+11.969,+11.998,+12.000,Air
2026-09-14 15:03:45,+761.57,+024.81,+11.975,+12.008,+12.000,Air
2026-09-14 15:03:47,+761.56,+024.85,+11.975,+12.006,+12.000,Air
2026-09-14 15:03:49,+761.44,+024.86,+11.959,+11.987,+12.000,Air
2026-09-14 15:03:51,+761.49,+024.87,+11.975,+12.004,+12.000,Air
2026-09-14 15:03:53,+761.50,+024.83,+11.957,+11.987,+12.000,Air
2026-09-14 15:03:55,+761.56,+024.86,+11.970,+12.001,+12.000,Air
2026-09-14 15:03:57,+761.43,+024.86,+11.953,+11.981,+12.000,Air
2026-09-14 15:03:59,+761.50,+024.84,+11.958,+11.988,+12.000,Air
2026-09-14 15:04:01,+761.46,+024.85,+11.957,+11.986,+12.000,Air
2026-09-14 15:04:03,+761.48,+024.85,+11.958,+11.988,+12.000,Air
2026-09-14 15:04:05,+761.51,+024.85,+11.933,+11.963,+12.000,Air
2026-09-14 15:04:07,+761.57,+024.83,+11.986,+12.018,+12.000,Air
2026-09-14 15:04:09,+761.52,+024.85,+11.962,+11.991,+12.000,Air
2026-09-14 15:04:11,+761.63,+024.85,+11.971,+12.002,+12.000,Air
2026-09-14 15:04:13,+761.52,+024.87,+11.933,+11.962,+12.000,Air
2026-09-14 15:04:15,+761.51,+024.86,+11.985,+12.015,+12.000,Air
2026-09-14 15:04:17,+761.48,+024.84,+11.960,+11.990,+12.000,Air
2026-09-14 15:04:19,+761.47,+024.84,+11.955,+11.984,+12.000,Air
2026-09-14 15:04:21,+761.64,+024.88,+11.962,+11.993,+12.000,Air
2026-09-14 15:04:23,+761.54,+024.86,+11.977,+12.007,+12.000,Air
2026-09-14 15:04:25,+761.56,+024.81,+11.969,+12.002,+12.000,Air
2026-09-14 15:04:27,+761.55,+024.87,+11.971,+12.001,+12.000,Air
2026-09-14 15:04:29,+761.58,+024.85,+11.998,+12.029,+12.000,Air
2026-09-14 15:04:31,+761.45,+024.86,+11.952,+11.980,+12.000,Air
2026-09-14 15:04:33,+761.55,+024.84,+11.974,+12.005,+12.000,Air
2026-09-14 15:04:35,+761.52,+024.86,+11.981,+12.010,+12.000,Air
2026-09-14 15:04:37,+761.56,+024.88,+11.951,+11.980,+12.000,Air
2026-09-14 15:04:39,+761.42,+024.89,+11.960,+11.987,+12.000,Air
2026-09-14 15:04:41,+761.55,+024.84,+11.976,+12.007,+12.000,Air
2026-09-14 15:04:43,+761.47,+024.86,+11.951,+11.980,+12.000,Air
2026-09-14 15:04:45,+761.58,+024.87,+11.970,+12.000,+12.000,Air
2026-09-14 15:04:47,+761.59,+024.88,+11.937,+11.967,+12.000,Air
2026-09-14 15:04:49,+761.45,+024.85,+11.968,+11.997,+12.000,Air
2026-09-14 15:04:51,+761.46,+024.80,+11.947,+11.978,+12.000,Air
2026-09-14 15:04:53,+761.54,+024.85,+11.974,+12.004,+12.000,Air
2026-09-14 15:04:55,+761.56,+024.85,+11.974,+12.004,+12.000,Air
2026-09-14 15:04:57,+761.62,+024.83,+11.978,+12.011,+12.000,Air
2026-09-14 15:04:59,+761.44,+024.84,+11.977,+12.006,+12.000,Air
2026-09-14 15:05:01,+761.44,+024.85,+11.974,+12.003,+12.000,Air
2026-09-14 15:05:03,+761.60,+024.84,+11.983,+12.015,+12.000,Air
2026-09-14 15:05:05,+761.48,+024.84,+11.964,+11.994,+12.000,Air
2026-09-14 15:05:07,+761.49,+024.84,+11.982,+12.012,+12.000,Air
2026-09-14 15:05:09,+761.58,+024.82,+11.983,+12.015,+12.000,Air
2026-09-14 15:05:11,+761.49,+024.80,+11.978,+12.009,+12.000,Air
2026-09-14 15:05:13,+761.53,+024.88,+11.960,+11.989,+12.000,Air
2026-09-14 15:05:15,+761.59,+024.83,+11.986,+12.018,+12.000,Air
2026-09-14 15:05:17,+761.46,+024.86,+11.962,+11.991,+12.000,Air
2026-09-14 15:05:19,+761.55,+024.85,+11.964,+11.995,+12.000,Air
2026-09-14 15:05:21,+761.50,+024.82,+11.973,+12.003,+12.000,Air
2026-09-14 15:05:23,+761.52,+024.84,+11.964,+11.994,+12.000,Air
2026-09-14 15:05:25,+761.51,+024.89,+12.000,+12.029,+12.000,Air
2026-09-14 15:05:27,+761.51,+024.84,+11.990,+12.020,+12.000,Air
2026-09-14 15:05:29,+761.53,+024.87,+11.975,+12.004,+12.000,Air
2026-09-14 15:05:31,+761.51,+024.88,+11.959,+11.987,+12.000,Air
2026-09-14 15:05:33,+761.56,+024.85,+11.961,+11.991,+12.000,Air
2026-09-14 15:05:35,+761.52,+024.82,+11.967,+11.998,+12.000,Air
2026-09-14 15:05:37,+761.49,+024.87,+11.977,+12.006,+12.000,Air
2026-09-14 15:05:39,+761.50,+024.86,+11.968,+11.997,+12.000,Air
2026-09-14 15:05:41,+761.48,+024.87,+11.972,+12.000,+12.000,Air
2026-09-14 15:05:43,+761.49,+024.87,+11.968,+11.997,+12.000,Air
2026-09-14 15:05:45,+761.59,+024.89,+11.982,+12.011,+12.000,Air
2026-09-14 15:05:47,+761.53,+024.83,+11.962,+11.993,+12.000,Air
2026-09-14 15:05:49,+761.50,+024.84,+11.971,+12.001,+12.000,Air
2026-09-14 15:05:51,+761.46,+024.83,+11.985,+12.015,+12.000,Air
2026-09-14 15:05:53,+761.53,+024.85,+11.947,+11.977,+12.000,Air
2026-09-14 15:05:55,+761.43,+024.84,+11.973,+12.002,+12.000,Air
2026-09-14 15:05:57,+761.54,+024.86,+11.982,+12.012,+12.000,Air
2026-09-14 15:05:59,+761.46,+024.82,+11.945,+11.975,+12.000,Air
2026-09-14 15:06:01,+761.52,+024.84,+11.977,+12.008,+12.000,Air
2026-09-14 15:06:03,+761.54,+024.86,+11.976,+12.006,+12.000,Air
2026-09-14 15:06:05,+761.54,+024.89,+11.959,+11.988,+12.000,Air
2026-09-14 15:06:07,+761.47,+024.84,+12.007,+12.037,+12.000,Air
2026-09-14 15:06:09,+761.59,+024.88,+11.949,+11.979,+12.000,Air
2026-09-14 15:06:11,+761.56,+024.83,+11.967,+11.998,+12.000,Air
2026-09-14 15:06:13,+761.63,+024.86,+11.975,+12.006,+12.000,Air
2026-09-14 15:06:15,+761.49,+024.83,+12.004,+12.035,+12.000,Air
2026-09-14 15:06:17,+761.58,+024.84,+11.927,+11.959,+12.000,Air
2026-09-14 15:06:19,+761.53,+024.83,+11.959,+11.990,+12.000,Air
2026-09-14 15:06:21,+761.27,+024.83,+11.291,+11.316,+05.000,Air
2026-09-14 15:06:23,+760.93,+024.84,+10.688,+10.707,+05.000,Air
2026-09-14 15:06:25,+760.74,+024.84,+10.202,+10.217,+05.000,Air
2026-09-14 15:06:27,+760.57,+024.82,+09.671,+09.684,+05.000,Air
2026-09-14 15:06:29,+760.30,+024.86,+09.241,+09.249,+05.000,Air
2026-09-14 15:06:31,+760.25,+024.82,+08.835,+08.843,+05.000,Air
2026-09-14 15:06:33,+759.96,+024.82,+08.471,+08.476,+05.000,Air
2026-09-14 15:06:35,+759.90,+024.85,+08.168,+08.171,+05.000,Air
2026-09-14 15:06:37,+759.73,+024.85,+07.843,+07.845,+05.000,Air
2026-09-14 15:06:39,+759.62,+024.80,+07.553,+07.555,+05.000,Air
2026-09-14 15:06:41,+759.60,+024.86,+07.307,+07.307,+05.000,Air
2026-09-14 15:06:43,+759.49,+024.87,+07.116,+07.115,+05.000,Air
2026-09-14 15:06:45,+759.33,+024.82,+06.896,+06.894,+05.000,Air
2026-09-14 15:06:47,+759.33,+024.89,+06.720,+06.716,+05.000,Air
2026-09-14 15:06:49,+759.17,+024.83,+06.576,+06.573,+05.000,Air
2026-09-14 15:06:51,+759.19,+024.84,+06.437,+06.434,+05.000,Air
2026-09-14 15:06:53,+759.07,+024.86,+06.271,+06.266,+05.000,Air
2026-09-14 15:06:55,+759.01,+024.86,+06.148,+06.143,+05.000,Air
2026-09-14 15:06:57,+758.91,+024.87,+06.048,+06.042,+05.000,Air
2026-09-14 15:06:59,+758.98,+024.87,+05.968,+05.963,+05.000,Air
2026-09-14 15:07:01,+758.88,+024.83,+05.880,+05.874,+05.000,Air
2026-09-14 15:07:03,+758.99,+024.85,+05.799,+05.794,+05.000,Air
2026-09-14 15:07:05,+758.81,+024.82,+05.699,+05.694,+05.000,Air
2026-09-14 15:07:07,+758.74,+024.86,+05.613,+05.606,+05.000,Air
2026-09-14 15:07:09,+758.76,+024.85,+05.566,+05.559,+05.000,Air
2026-09-14 15:07:11,+758.73,+024.85,+05.535,+05.529,+05.000,Air
2026-09-14 15:07:13,+758.71,+024.86,+05.489,+05.483,+05.000,Air
2026-09-14 15:07:15,+758.81,+024.87,+05.446,+05.440,+05.000,Air
2026-09-14 15:07:17,+758.67,+024.85,+05.385,+05.379,+05.000,Air
2026-09-14 15:07:19,+758.80,+024.88,+05.368,+05.362,+05.000,Air
2026-09-14 15:07:21,+758.70,+024.83,+05.336,+05.330,+05.000,Air
2026-09-14 15:07:23,+758.64,+024.87,+05.272,+05.265,+05.000,Air
2026-09-14 15:07:25,+758.70,+024.85,+05.273,+05.267,+05.000,Air
2026-09-14 15:07:27,+758.68,+024.82,+05.248,+05.242,+05.000,Air
2026-09-14 15:07:29,+758.66,+024.85,+05.204,+05.197,+05.000,Air
2026-09-14 15:07:31,+758.68,+024.85,+05.226,+05.219,+05.000,Air
2026-09-14 15:07:33,+758.58,+024.84,+05.178,+05.171,+05.000,Air
2026-09-14 15:07:35,+758.60,+024.87,+05.137,+05.130,+05.000,Air
2026-09-14 15:07:37,+758.65,+024.84,+05.149,+05.143,+05.000,Air
2026-09-14 15:07:39,+758.55,+024.87,+05.120,+05.112,+05.000,Air
2026-09-14 15:07:41,+758.59,+024.84,+05.131,+05.125,+05.000,Air
2026-09-14 15:07:43,+758.65,+024.85,+05.096,+05.089,+05.000,Air
2026-09-14 15:07:45,+758.61,+024.85,+05.104,+05.097,+05.000,Air
2026-09-14 15:07:47,+758.53,+024.88,+05.100,+05.092,+05.000,Air
2026-09-14 15:07:49,+758.54,+024.83,+05.090,+05.083,+05.000,Air
2026-09-14 15:07:51,+758.60,+024.83,+05.077,+05.070,+05.000,Air
2026-09-14 15:07:53,+758.56,+024.84,+05.086,+05.080,+05.000,Air
2026-09-14 15:07:55,+758.60,+024.86,+05.061,+05.055,+05.000,Air
2026-09-14 15:07:57,+758.51,+024.86,+05.088,+05.081,+05.000,Air
2026-09-14 15:07:59,+758.64,+024.84,+05.048,+05.042,+05.000,Air
2026-09-14 15:08:01,+758.60,+024.81,+05.071,+05.065,+05.000,Air
2026-09-14 15:08:03,+758.60,+024.85,+05.048,+05.041,+05.000,Air
2026-09-14 15:08:05,+758.57,+024.85,+05.036,+05.030,+05.000,Air
2026-09-14 15:08:07,+758.72,+024.86,+05.059,+05.053,+05.000,Air
2026-09-14 15:08:09,+758.62,+024.84,+05.039,+05.033,+05.000,Air
2026-09-14 15:08:11,+758.60,+024.83,+05.043,+05.036,+05.000,Air
2026-09-14 15:08:13,+758.56,+024.86,+05.036,+05.029,+05.000,Air
2026-09-14 15:08:15,+758.55,+024.86,+05.031,+05.024,+05.000,Air
2026-09-14 15:08:17,+758.55,+024.83,+05.037,+05.031,+05.000,Air
2026-09-14 15:08:19,+758.57,+024.83,+05.013,+05.006,+05.000,Air
2026-09-14 15:08:21,+758.68,+024.86,+05.054,+05.048,+05.000,Air
2026-09-14 15:08:23,+758.53,+024.83,+05.009,+05.002,+05.000,Air
2026-09-14 15:08:25,+758.63,+024.85,+05.046,+05.039,+05.000,Air
2026-09-14 15:08:27,+758.63,+024.85,+05.013,+05.007,+05.000,Air
2026-09-14 15:08:29,+758.49,+024.80,+05.014,+05.007,+05.000,Air
2026-09-14 15:08:31,+758.56,+024.85,+05.026,+05.019,+05.000,Air
2026-09-14 15:08:33,+758.56,+024.83,+05.015,+05.008,+05.000,Air
2026-09-14 15:08:35,+758.65,+024.82,+05.026,+05.020,+05.000,Air
2026-09-14 15:08:37,+758.56,+024.89,+05.005,+04.997,+05.000,Air
2026-09-14 15:08:39,+758.52,+024.81,+05.007,+05.000,+05.000,Air
2026-09-14 15:08:41,+758.60,+024.83,+05.017,+05.010,+05.000,Air
2026-09-14 15:08:43,+758.61,+024.86,+05.014,+05.007,+05.000,Air
2026-09-14 15:08:45,+758.62,+024.89,+04.999,+04.992,+05.000,Air
2026-09-14 15:08:47,+758.72,+024.89,+05.022,+05.016,+05.000,Air
2026-09-14 15:08:49,+758.59,+024.87,+05.004,+04.997,+05.000,Air
2026-09-14 15:08:51,+758.53,+024.83,+04.986,+04.979,+05.000,Air
2026-09-14 15:08:53,+758.54,+024.86,+04.997,+04.990,+05.000,Air
2026-09-14 15:08:55,+758.61,+024.88,+05.013,+05.006,+05.000,Air
2026-09-14 15:08:57,+758.57,+024.84,+05.019,+05.012,+05.000,Air
2026-09-14 15:08:59,+758.55,+024.84,+05.045,+05.039,+05.000,Air
2026-09-14 15:09:01,+758.54,+024.85,+05.013,+05.006,+05.000,Air
2026-09-14 15:09:03,+758.47,+024.82,+05.022,+05.015,+05.000,Air
2026-09-14 15:09:05,+758.60,+024.85,+04.988,+04.981,+05.000,Air
2026-09-14 15:09:07,+758.61,+024.83,+05.001,+04.995,+05.000,Air
2026-09-14 15:09:09,+758.59,+024.84,+05.012,+05.005,+05.000,Air
2026-09-14 15:09:11,+758.48,+024.84,+05.004,+04.996,+05.000,Air
2026-09-14 15:09:13,+758.67,+024.82,+05.005,+05.000,+05.000,Air
2026-09-14 15:09:15,+758.54,+024.86,+04.998,+04.991,+05.000,Air
2026-09-14 15:09:17,+758.61,+024.85,+05.003,+04.996,+05.000,Air
2026-09-14 15:09:19,+758.58,+024.85,+05.021,+05.014,+05.000,Air
2026-09-14 15:09:21,+758.58,+024.87,+05.005,+04.997,+05.000,Air
2026-09-14 15:09:23,+758.63,+024.83,+05.002,+04.996,+05.000,Air
2026-09-14 15:09:25,+758.60,+024.87,+04.978,+04.971,+05.000,Air
2026-09-14 15:09:27,+758.61,+024.87,+05.014,+05.006,+05.000,Air
2026-09-14 15:09:29,+758.55,+024.82,+04.994,+04.987,+05.000,Air
2026-09-14 15:09:31,+758.67,+024.87,+05.013,+05.007,+05.000,Air
2026-09-14 15:09:33,+758.61,+024.86,+04.996,+04.989,+05.000,Air
2026-09-14 15:09:35,+758.57,+024.87,+05.009,+05.002,+05.000,Air
2026-09-14 15:09:37,+758.56,+024.85,+05.008,+05.001,+05.000,Air
2026-09-14 15:09:39,+758.53,+024.84,+05.008,+05.001,+05.000,Air
2026-09-14 15:09:41,+758.59,+024.83,+05.010,+05.004,+05.000,Air
2026-09-14 15:09:43,+758.54,+024.85,+04.982,+04.975,+05.000,Air
2026-09-14 15:09:45,+758.63,+024.84,+05.015,+05.009,+05.000,Air
2026-09-14 15:09:47,+758.55,+024.81,+05.005,+04.999,+05.000,Air
2026-09-14 15:09:49,+758.54,+024.82,+05.006,+04.999,+05.000,Air
2026-09-14 15:09:51,+758.59,+024.83,+04.999,+04.992,+05.000,Air
2026-09-14 15:09:53,+758.56,+024.87,+04.995,+04.988,+05.000,Air
2026-09-14 15:09:55,+758.61,+024.85,+05.007,+05.000,+05.000,Air
2026-09-14 15:09:57,+758.49,+024.85,+04.997,+04.990,+05.000,Air
2026-09-14 15:09:59,+758.56,+024.84,+05.023,+05.016,+05.000,Air
2026-09-14 15:10:01,+758.55,+024.85,+05.009,+05.002,+05.000,Air
2026-09-14 15:10:03,+758.59,+024.86,+05.016,+05.009,+05.000,Air
2026-09-14 15:10:05,+758.43,+024.84,+05.013,+05.005,+05.000,Air
2026-09-14 15:10:07,+758.62,+024.86,+04.986,+04.979,+05.000,Air
2026-09-14 15:10:09,+758.52,+024.86,+05.019,+05.012,+05.000,Air
2026-09-14 15:10:11,+758.64,+024.86,+05.027,+05.020,+05.000,Air
2026-09-14 15:10:13,+758.62,+024.87,+04.991,+04.984,+05.000,Air
2026-09-14 15:10:15,+758.59,+024.86,+05.010,+05.003,+05.000,Air
2026-09-14 15:10:17,+758.49,+024.82,+05.000,+04.993,+05.000,Air
2026-09-14 15:10:19,+758.60,+024.89,+05.023,+05.016,+05.000,Air
2026-09-14 15:10:21,+758.56,+024.83,+04.998,+04.992,+05.000,Air
2026-09-14 15:10:23,+758.55,+024.83,+05.018,+05.011,+05.000,Air
2026-09-14 15:10:25,+758.53,+024.86,+04.995,+04.987,+05.000,Air
2026-09-14 15:10:27,+758.59,+024.85,+04.987,+04.980,+05.000,Air
2026-09-14 15:10:29,+758.55,+024.81,+05.020,+05.013,+05.000,Air
2026-09-14 15:10:31,+758.52,+024.87,+05.020,+05.012,+05.000,Air
2026-09-14 15:10:33,+758.59,+024.83,+05.013,+05.007,+05.000,Air
2026-09-14 15:10:35,+758.55,+024.89,+04.983,+04.975,+05.000,Air
2026-09-14 15:10:37,+758.52,+024.84,+04.983,+04.976,+05.000,Air
2026-09-14 15:10:39,+758.65,+024.86,+05.037,+05.031,+05.000,Air
2026-09-14 15:10:41,+758.57,+024.86,+05.003,+04.996,+05.000,Air
2026-09-14 15:10:43,+758.53,+024.85,+04.999,+04.992,+05.000,Air
2026-09-14 15:10:45,+758.48,+024.84,+05.003,+04.995,+05.000,Air
2026-09-14 15:10:47,+758.54,+024.87,+04.993,+04.985,+05.000,Air
2026-09-14 15:10:49,+758.48,+024.84,+04.978,+04.971,+05.000,Air
2026-09-14 15:10:51,+758.55,+024.86,+05.018,+05.011,+05.000,Air
2026-09-14 15:10:53,+758.55,+024.88,+05.034,+05.026,+05.000,Air
2026-09-14 15:10:55,+758.61,+024.87,+05.014,+05.007,+05.000,Air
2026-09-14 15:10:57,+758.59,+024.82,+04.993,+04.987,+05.000,Air
2026-09-14 15:10:59,+758.65,+024.85,+04.991,+04.985,+05.000,Air
2026-09-14 15:11:01,+758.48,+024.81,+05.009,+05.002,+05.000,Air
2026-09-14 15:11:03,+758.53,+024.85,+05.038,+05.030,+05.000,Air
2026-09-14 15:11:05,+758.42,+024.86,+05.000,+04.992,+05.000,Air
2026-09-14 15:11:07,+758.54,+024.84,+05.019,+05.012,+05.000,Air
2026-09-14 15:11:09,+758.63,+024.84,+04.993,+04.987,+05.000,Air
2026-09-14 15:11:11,+758.56,+024.85,+04.999,+04.992,+05.000,Air
2026-09-14 15:11:13,+758.52,+024.84,+05.029,+05.021,+05.000,Air
2026-09-14 15:11:15,+758.60,+024.85,+05.017,+05.010,+05.000,Air
2026-09-14 15:11:17,+758.54,+024.84,+05.006,+04.999,+05.000,Air
2026-09-14 15:11:19,+758.62,+024.87,+05.008,+05.001,+05.000,Air
2026-09-14 15:11:21,+758.49,+024.85,+05.008,+05.001,+05.000,Air
2026-09-14 15:11:23,+758.54,+024.86,+05.007,+05.000,+05.000,Air
2026-09-14 15:11:25,+758.62,+024.83,+05.033,+05.026,+05.000,Air
2026-09-14 15:11:27,+758.55,+024.86,+04.992,+04.985,+05.000,Air
2026-09-14 15:11:29,+758.64,+024.83,+05.019,+05.013,+05.000,Air
2026-09-14 15:11:31,+758.56,+024.87,+05.033,+05.026,+05.000,Air
2026-09-14 15:11:33,+758.44,+024.82,+05.004,+04.997,+05.000,Air
2026-09-14 15:11:35,+758.57,+024.85,+05.002,+04.995,+05.000,Air
2026-09-14 15:11:37,+758.51,+024.84,+05.023,+05.015,+05.000,Air
2026-09-14 15:11:39,+758.52,+024.87,+05.030,+05.022,+05.000,Air
2026-09-14 15:11:41,+758.53,+024.86,+04.995,+04.988,+05.000,Air
2026-09-14 15:11:43,+758.54,+024.80,+05.006,+04.999,+05.000,Air
2026-09-14 15:11:45,+758.51,+024.85,+05.023,+05.015,+05.000,Air
2026-09-14 15:11:47,+758.49,+024.82,+05.033,+05.026,+05.000,Air
2026-09-14 15:11:49,+758.60,+024.83,+04.984,+04.977,+05.000,Air
2026-09-14 15:11:51,+758.44,+024.88,+04.997,+04.989,+05.000,Air
2026-09-14 15:11:53,+758.53,+024.86,+05.029,+05.022,+05.000,Air
2026-09-14 15:11:55,+758.52,+024.86,+04.999,+04.992,+05.000,Air
2026-09-14 15:11:57,+758.56,+024.85,+05.023,+05.016,+05.000,Air
2026-09-14 15:11:59,+758.52,+024.84,+05.005,+04.998,+05.000,Air
2026-09-14 15:12:01,+758.51,+024.85,+05.025,+05.018,+05.000,Air
2026-09-14 15:12:03,+758.48,+024.85,+05.028,+05.020,+05.000,Air
2026-09-14 15:12:05,+758.48,+024.81,+04.969,+04.963,+05.000,Air
2026-09-14 15:12:07,+758.46,+024.83,+04.996,+04.988,+05.000,Air
2026-09-14 15:12:09,+758.52,+024.85,+05.011,+05.004,+05.000,Air
2026-09-14 15:12:11,+758.55,+024.84,+04.989,+04.982,+05.000,Air
2026-09-14 15:12:13,+758.46,+024.85,+04.997,+04.989,+05.000,Air
2026-09-14 15:12:15,+758.52,+024.82,+05.016,+05.009,+05.000,Air
2026-09-14 15:12:17,+758.49,+024.86,+05.012,+05.004,+05.000,Air
2026-09-14 15:12:19,+758.53,+024.86,+05.025,+05.018,+05.000,Air
2026-09-14 15:12:21,+758.52,+024.86,+05.004,+04.997,+05.000,Air
2026-09-14 15:12:23,+758.56,+024.84,+05.043,+05.036,+05.000,Air
2026-09-14 15:12:25,+758.62,+024.87,+05.005,+04.998,+05.000,Air
2026-09-14 15:12:27,+758.59,+024.86,+05.007,+05.000,+05.000,Air
2026-09-14 15:12:29,+758.51,+024.84,+05.008,+05.001,+05.000,Air
2026-09-14 15:12:31,+758.56,+024.88,+05.011,+05.004,+05.000,Air
2026-09-14 15:12:33,+758.50,+024.86,+05.006,+04.999,+05.000,Air
2026-09-14 15:12:35,+758.50,+024.85,+05.009,+05.002,+05.000,Air
2026-09-14 15:12:37,+758.57,+024.81,+04.985,+04.979,+05.000,Air
2026-09-14 15:12:39,+758.44,+024.85,+05.018,+05.010,+05.000,Air
2026-09-14 15:12:41,+758.57,+024.85,+05.028,+05.021,+05.000,Air
2026-09-14 15:12:43,+758.50,+024.85,+05.031,+05.023,+05.000,Air
2026-09-14 15:12:45,+758.54,+024.83,+05.001,+04.994,+05.000,Air
2026-09-14 15:12:47,+758.52,+024.85,+05.017,+05.010,+05.000,Air
2026-09-14 15:12:49,+758.57,+024.89,+05.032,+05.024,+05.000,Air
2026-09-14 15:12:51,+758.58,+024.82,+05.025,+05.018,+05.000,Air
2026-09-14 15:12:53,+758.62,+024.86,+05.012,+05.006,+05.000,Air
2026-09-14 15:12:55,+758.54,+024.89,+05.007,+04.999,+05.000,Air
2026-09-14 15:12:57,+758.58,+024.83,+04.987,+04.980,+05.000,Air
2026-09-14 15:12:59,+758.58,+024.86,+04.990,+04.983,+05.000,Air
2026-09-14 15:13:01,+758.45,+024.87,+04.996,+04.988,+05.000,Air
2026-09-14 15:13:03,+758.48,+024.80,+05.024,+05.017,+05.000,Air
2026-09-14 15:13:05,+758.60,+024.82,+04.984,+04.978,+05.000,Air
2026-09-14 15:13:07,+758.55,+024.88,+05.029,+05.021,+05.000,Air
2026-09-14 15:13:09,+758.57,+024.86,+05.004,+04.997,+05.000,Air
2026-09-14 15:13:11,+758.59,+024.83,+05.001,+04.995,+05.000,Air
2026-09-14 15:13:13,+758.57,+024.86,+05.006,+04.999,+05.000,Air
2026-09-14 15:13:15,+758.51,+024.83,+05.018,+05.011,+05.000,Air
2026-09-14 15:13:17,+758.45,+024.85,+05.004,+04.996,+05.000,Air
2026-09-14 15:13:19,+758.62,+024.84,+04.985,+04.979,+05.000,Air
2026-09-14 15:13:21,+758.52,+024.83,+04.983,+04.976,+05.000,Air
2026-09-14 15:13:23,+758.50,+024.86,+05.025,+05.017,+05.000,Air
2026-09-14 15:13:25,+758.48,+024.87,+05.013,+05.005,+05.000,Air
2026-09-14 15:13:27,+758.52,+024.89,+04.997,+04.989,+05.000,Air
2026-09-14 15:13:29,+758.53,+024.85,+05.012,+05.005,+05.000,Air
2026-09-14 15:13:31,+758.50,+024.85,+05.007,+05.000,+05.000,Air
2026-09-14 15:13:33,+758.51,+024.84,+05.014,+05.007,+05.000,Air
2026-09-14 15:13:35,+758.56,+024.84,+04.966,+04.959,+05.000,Air
2026-09-14 15:13:37,+758.40,+024.85,+04.989,+04.981,+05.000,Air
2026-09-14 15:13:39,+758.52,+024.81,+04.995,+04.989,+05.000,Air
2026-09-14 15:13:41,+758.59,+024.84,+04.990,+04.984,+05.000,Air
2026-09-14 15:13:43,+758.62,+024.85,+04.998,+04.992,+05.000,Air
2026-09-14 15:13:45,+758.49,+024.86,+05.024,+05.017,+05.000,Air
2026-09-14 15:13:47,+758.54,+024.83,+05.000,+04.993,+05.000,Air
2026-09-14 15:13:49,+758.56,+024.81,+05.016,+05.010,+05.000,Air
2026-09-14 15:13:51,+758.53,+024.86,+05.011,+05.004,+05.000,Air
2026-09-14 15:13:53,+758.56,+024.82,+04.996,+04.990,+05.000,Air
2026-09-14 15:13:55,+758.49,+024.85,+05.024,+05.017,+05.000,Air
2026-09-14 15:13:57,+758.47,+024.82,+05.017,+05.010,+05.000,Air
2026-09-14 15:13:59,+758.48,+024.84,+05.006,+04.999,+05.000,Air
2026-09-14 15:14:01,+758.47,+024.91,+05.021,+05.013,+05.000,Air
2026-09-14 15:14:03,+758.53,+024.85,+05.011,+05.004,+05.000,Air
2026-09-14 15:14:05,+758.58,+024.86,+05.005,+04.998,+05.000,Air
2026-09-14 15:14:07,+758.58,+024.86,+05.028,+05.021,+05.000,Air
2026-09-14 15:14:09,+758.52,+024.86,+05.001,+04.993,+05.000,Air
2026-09-14 15:14:11,+758.51,+024.85,+05.030,+05.023,+05.000,Air
2026-09-14 15:14:13,+758.50,+024.84,+04.994,+04.986,+05.000,Air
2026-09-14 15:14:15,+758.55,+024.85,+05.009,+05.002,+05.000,Air
2026-09-14 15:14:17,+758.56,+024.89,+05.005,+04.997,+05.000,Air
2026-09-14 15:14:19,+758.53,+024.82,+04.999,+04.993,+05.000,Air
2026-09-14 15:14:21,+758.46,+024.85,+05.016,+05.008,+05.000,Air
2026-09-14 15:14:23,+758.59,+024.84,+05.011,+05.004,+05.000,Air
2026-09-14 15:14:25,+758.55,+024.86,+05.045,+05.037,+05.000,Air
2026-09-14 15:14:27,+758.42,+024.82,+04.995,+04.988,+05.000,Air
2026-09-14 15:14:29,+758.61,+024.84,+05.001,+04.994,+05.000,Air
2026-09-14 15:14:31,+758.57,+024.87,+05.009,+05.001,+05.000,Air
2026-09-14 15:14:33,+758.45,+024.85,+04.993,+04.985,+05.000,Air
2026-09-14 15:14:35,+758.52,+024.86,+05.022,+05.015,+05.000,Air
2026-09-14 15:14:37,+758.47,+024.85,+05.022,+05.014,+05.000,Air
2026-09-14 15:14:39,+758.51,+024.80,+04.991,+04.984,+05.000,Air
2026-09-14 15:14:41,+758.60,+024.90,+04.983,+04.976,+05.000,Air
2026-09-14 15:14:43,+758.61,+024.87,+05.021,+05.014,+05.000,Air
2026-09-14 15:14:45,+758.49,+024.84,+05.021,+05.013,+05.000,Air
2026-09-14 15:14:47,+758.57,+024.82,+05.004,+04.997,+05.000,Air
2026-09-14 15:14:49,+758.55,+024.86,+05.007,+05.000,+05.000,Air
2026-09-14 15:14:51,+758.50,+024.86,+05.019,+05.012,+05.000,Air
2026-09-14 15:14:53,+758.50,+024.87,+05.011,+05.003,+05.000,Air
2026-09-14 15:14:55,+758.57,+024.82,+05.010,+05.003,+05.000,Air
2026-09-14 15:14:57,+758.49,+024.87,+04.981,+04.973,+05.000,Air
2026-09-14 15:14:59,+758.57,+024.86,+05.012,+05.005,+05.000,Air
2026-09-14 15:15:01,+758.51,+024.85,+05.009,+05.002,+05.000,Air
2026-09-14 15:15:03,+758.58,+024.87,+05.003,+04.996,+05.000,Air
2026-09-14 15:15:05,+758.47,+024.85,+05.005,+04.998,+05.000,Air
2026-09-14 15:15:07,+758.53,+024.86,+05.006,+04.999,+05.000,Air
2026-09-14 15:15:09,+758.56,+024.82,+05.002,+04.996,+05.000,Air
2026-09-14 15:15:11,+758.46,+024.83,+05.005,+04.998,+05.000,Air
2026-09-14 15:15:13,+758.52,+024.85,+04.999,+04.992,+05.000,Air
2026-09-14 15:15:15,+758.64,+024.86,+05.039,+05.033,+05.000,Air
2026-09-14 15:15:17,+758.51,+024.89,+04.983,+04.975,+05.000,Air
2026-09-14 15:15:19,+758.64,+024.84,+05.005,+04.999,+05.000,Air
2026-09-14 15:15:21,+758.57,+024.87,+05.021,+05.014,+05.000,Air
2026-09-14 15:15:23,+758.47,+024.84,+05.020,+05.013,+05.000,Air
2026-09-14 15:15:25,+758.58,+024.81,+05.014,+05.008,+05.000,Air
2026-09-14 15:15:27,+758.58,+024.84,+05.019,+05.013,+05.000,Air
2026-09-14 15:15:29,+758.48,+024.80,+05.020,+05.014,+05.000,Air
2026-09-14 15:15:31,+758.56,+024.88,+04.995,+04.987,+05.000,Air
2026-09-14 15:15:33,+758.45,+024.88,+04.999,+04.990,+05.000,Air
2026-09-14 15:15:35,+758.55,+024.86,+05.016,+05.009,+05.000,Air
2026-09-14 15:15:37,+758.49,+024.86,+05.014,+05.006,+05.000,Air
2026-09-14 15:15:39,+758.62,+024.81,+04.998,+04.992,+05.000,Air
2026-09-14 15:15:41,+758.54,+024.81,+05.028,+05.021,+05.000,Air
2026-09-14 15:15:43,+758.54,+024.84,+05.024,+05.017,+05.000,Air
2026-09-14 15:15:45,+758.47,+024.87,+05.003,+04.995,+05.000,Air
2026-09-14 15:15:47,+758.49,+024.84,+05.000,+04.992,+05.000,Air
2026-09-14 15:15:49,+758.49,+024.86,+05.005,+04.997,+05.000,Air
2026-09-14 15:15:51,+758.59,+024.86,+05.016,+05.009,+05.000,Air
2026-09-14 15:15:53,+758.55,+024.85,+05.032,+05.025,+05.000,Air
2026-09-14 15:15:55,+758.52,+024.81,+04.988,+04.981,+05.000,Air
2026-09-14 15:15:57,+758.46,+024.87,+05.002,+04.994,+05.000,Air
2026-09-14 15:15:59,+758.48,+024.91,+04.976,+04.967,+05.000,Air
2026-09-14 15:16:01,+758.54,+024.84,+05.024,+05.017,+05.000,Air
2026-09-14 15:16:03,+758.54,+024.86,+05.022,+05.015,+05.000,Air
2026-09-14 15:16:05,+758.53,+024.83,+05.017,+05.010,+05.000,Air
2026-09-14 15:16:07,+758.52,+024.86,+04.990,+04.983,+05.000,Air
2026-09-14 15:16:09,+758.53,+024.84,+04.998,+04.991,+05.000,Air
2026-09-14 15:16:11,+758.50,+024.87,+04.989,+04.982,+05.000,Air
2026-09-14 15:16:13,+758.49,+024.86,+04.989,+04.981,+05.000,Air
2026-09-14 15:16:15,+758.51,+024.84,+05.002,+04.995,+05.000,Air
2026-09-14 15:16:17,+758.55,+024.83,+05.022,+05.015,+05.000,Air
2026-09-14 15:16:19,+758.53,+024.87,+05.021,+05.013,+05.000,Air
2026-09-14 15:16:21,+758.48,+024.84,+05.000,+04.993,+05.000,Air
2026-09-14 15:16:23,+758.46,+024.84,+05.018,+05.010,+05.000,Air
2026-09-14 15:16:25,+758.54,+024.87,+05.026,+05.019,+05.000,Air
2026-09-14 15:16:27,+758.51,+024.85,+04.992,+04.984,+05.000,Air
2026-09-14 15:16:29,+758.54,+024.82,+04.988,+04.981,+05.000,Air
2026-09-14 15:16:31,+758.58,+024.84,+04.997,+04.990,+05.000,Air
2026-09-14 15:16:33,+758.46,+024.85,+05.008,+05.001,+05.000,Air
2026-09-14 15:16:35,+758.41,+024.86,+04.993,+04.985,+05.000,Air
2026-09-14 15:16:37,+758.51,+024.84,+04.992,+04.985,+05.000,Air
2026-09-14 15:16:39,+758.49,+024.86,+04.982,+04.974,+05.000,Air
2026-09-14 15:16:41,+758.50,+024.81,+04.983,+04.976,+05.000,Air
2026-09-14 15:16:43,+758.44,+024.85,+05.002,+04.995,+05.000,Air
2026-09-14 15:16:45,+758.51,+024.88,+05.014,+05.006,+05.000,Air
2026-09-14 15:16:47,+758.50,+024.83,+04.988,+04.982,+05.000,Air
2026-09-14 15:16:49,+758.50,+024.81,+04.992,+04.985,+05.000,Air
2026-09-14 15:16:51,+758.59,+024.87,+04.991,+04.984,+05.000,Air
2026-09-14 15:16:53,+758.52,+024.83,+05.015,+05.008,+05.000,Air
2026-09-14 15:16:55,+758.47,+024.85,+04.999,+04.991,+05.000,Air
2026-09-14 15:16:57,+758.58,+024.86,+05.002,+04.995,+05.000,Air
2026-09-14 15:16:59,+758.55,+024.86,+04.984,+04.976,+05.000,Air
2026-09-14 15:17:01,+758.44,+024.85,+04.999,+04.991,+05.000,Air
2026-09-14 15:17:03,+758.53,+024.87,+05.004,+04.996,+05.000,Air
2026-09-14 15:17:05,+758.51,+024.85,+05.006,+04.999,+05.000,Air
2026-09-14 15:17:07,+758.55,+024.84,+05.002,+04.995,+05.000,Air
2026-09-14 15:17:09,+758.53,+024.83,+05.001,+04.994,+05.000,Air
2026-09-14 15:17:11,+758.40,+024.84,+05.002,+04.994,+05.000,Air
2026-09-14 15:17:13,+758.53,+024.84,+05.022,+05.015,+05.000,Air
2026-09-14 15:17:15,+758.59,+024.87,+04.991,+04.984,+05.000,Air
2026-09-14 15:17:17,+758.53,+024.86,+05.010,+05.003,+05.000,Air
2026-09-14 15:17:19,+758.57,+024.84,+04.987,+04.980,+05.000,Air
2026-09-14 15:17:21,+758.48,+024.83,+04.992,+04.985,+05.000,Air
2026-09-14 15:17:23,+758.56,+024.87,+05.001,+04.993,+05.000,Air
2026-09-14 15:17:25,+758.52,+024.85,+05.011,+05.004,+05.000,Air
2026-09-14 15:17:27,+758.46,+024.83,+05.006,+04.999,+05.000,Air
2026-09-14 15:17:29,+758.40,+024.84,+05.013,+05.006,+05.000,Air
2026-09-14 15:17:31,+758.43,+024.88,+05.006,+04.998,+05.000,Air
2026-09-14 15:17:33,+758.47,+024.84,+04.984,+04.977,+05.000,Air
2026-09-14 15:17:35,+758.40,+024.85,+05.013,+05.005,+05.000,Air
2026-09-14 15:17:37,+758.49,+024.83,+05.004,+04.997,+05.000,Air
2026-09-14 15:17:39,+758.52,+024.86,+05.018,+05.010,+05.000,Air
2026-09-14 15:17:41,+758.55,+024.86,+05.008,+05.001,+05.000,Air
2026-09-14 15:17:43,+758.44,+024.84,+04.987,+04.980,+05.000,Air
2026-09-14 15:17:45,+758.48,+024.86,+05.007,+04.999,+05.000,Air
2026-09-14 15:17:47,+758.52,+024.88,+05.011,+05.003,+05.000,Air
2026-09-14 15:17:49,+758.47,+024.86,+05.005,+04.997,+05.000,Air
2026-09-14 15:17:51,+758.53,+024.81,+04.977,+04.970,+05.000,Air
2026-09-14 15:17:53,+758.55,+024.87,+05.018,+05.011,+05.000,Air
2026-09-14 15:17:55,+758.44,+024.86,+05.004,+04.996,+05.000,Air
2026-09-14 15:17:57,+758.51,+024.84,+04.984,+04.977,+05.000,Air
2026-09-14 15:17:59,+758.48,+024.81,+04.991,+04.984,+05.000,Air
2026-09-14 15:18:01,+758.48,+024.84,+05.012,+05.005,+05.000,Air
2026-09-14 15:18:03,+758.58,+024.86,+05.006,+04.999,+05.000,Air
2026-09-14 15:18:05,+758.56,+024.86,+05.034,+05.027,+05.000,Air
2026-09-14 15:18:07,+758.56,+024.85,+05.000,+04.993,+05.000,Air
2026-09-14 15:18:09,+758.49,+024.83,+05.007,+05.000,+05.000,Air
2026-09-14 15:18:11,+758.52,+024.84,+04.998,+04.991,+05.000,Air
2026-09-14 15:18:13,+758.54,+024.81,+05.014,+05.008,+05.000,Air
2026-09-14 15:18:15,+758.44,+024.88,+05.013,+05.005,+05.000,Air
2026-09-14 15:18:17,+758.39,+024.84,+05.010,+05.002,+05.000,Air
2026-09-14 15:18:19,+758.50,+024.84,+05.000,+04.992,+05.000,Air
2026-09-14 15:18:21,+758.47,+024.83,+04.980,+04.973,+05.000,Air
2026-09-14 15:18:23,+758.49,+024.84,+05.026,+05.019,+05.000,Air
2026-09-14 15:18:25,+758.48,+024.86,+04.984,+04.977,+05.000,Air
2026-09-14 15:18:27,+758.44,+024.88,+05.014,+05.006,+05.000,Air
2026-09-14 15:18:29,+758.44,+024.84,+05.034,+05.027,+05.000,Air
2026-09-14 15:18:31,+758.47,+024.85,+05.009,+05.001,+05.000,Air
2026-09-14 15:18:33,+758.46,+024.86,+05.002,+04.994,+05.000,Air
2026-09-14 15:18:35,+758.46,+024.85,+04.998,+04.990,+05.000,Air
2026-09-14 15:18:37,+758.46,+024.81,+04.990,+04.983,+05.000,Air
2026-09-14 15:18:39,+758.46,+024.83,+04.995,+04.988,+05.000,Air
2026-09-14 15:18:41,+758.60,+024.86,+05.006,+04.999,+05.000,Air
2026-09-14 15:18:43,+758.52,+024.88,+05.017,+05.009,+05.000,Air
2026-09-14 15:18:45,+758.49,+024.83,+04.998,+04.991,+05.000,Air
2026-09-14 15:18:47,+758.51,+024.82,+05.023,+05.017,+05.000,Air
2026-09-14 15:18:49,+758.43,+024.85,+05.002,+04.995,+05.000,Air
2026-09-14 15:18:51,+758.47,+024.86,+05.026,+05.018,+05.000,Air
2026-09-14 15:18:53,+758.47,+024.84,+05.001,+04.994,+05.000,Air
2026-09-14 15:18:55,+758.54,+024.85,+04.976,+04.969,+05.000,Air
2026-09-14 15:18:57,+758.48,+024.84,+05.008,+05.001,+05.000,Air
2026-09-14 15:18:59,+758.51,+024.86,+05.016,+05.008,+05.000,Air
2026-09-14 15:19:01,+758.50,+024.85,+05.011,+05.004,+05.000,Air
2026-09-14 15:19:03,+758.47,+024.87,+04.983,+04.975,+05.000,Air
2026-09-14 15:19:05,+758.52,+024.83,+04.991,+04.984,+05.000,Air
2026-09-14 15:19:07,+758.47,+024.84,+05.010,+05.003,+05.000,Air
2026-09-14 15:19:09,+758.54,+024.86,+05.043,+05.036,+05.000,Air
2026-09-14 15:19:11,+758.44,+024.85,+05.006,+04.998,+05.000,Air
2026-09-14 15:19:13,+758.54,+024.83,+05.039,+05.032,+05.000,Air
2026-09-14 15:19:15,+758.47,+024.82,+05.000,+04.993,+05.000,Air
2026-09-14 15:19:17,+758.53,+024.82,+05.014,+05.008,+05.000,Air
2026-09-14 15:19:19,+758.44,+024.84,+05.006,+04.999,+05.000,Air
2026-09-14 15:19:21,+758.48,+024.85,+05.016,+05.009,+05.000,Air
2026-09-14 15:19:23,+758.57,+024.87,+05.014,+05.007,+05.000,Air
2026-09-14 15:19:25,+758.51,+024.84,+05.017,+05.010,+05.000,Air
2026-09-14 15:19:27,+758.46,+024.83,+04.991,+04.984,+05.000,Air
2026-09-14 15:19:29,+758.39,+024.84,+04.988,+04.980,+05.000,Air
2026-09-14 15:19:31,+758.46,+024.85,+05.008,+05.001,+05.000,Air
2026-09-14 15:19:33,+758.49,+024.85,+05.006,+04.998,+05.000,Air
2026-09-14 15:19:35,+758.52,+024.85,+05.004,+04.997,+05.000,Air
2026-09-14 15:19:37,+758.49,+024.82,+05.008,+05.001,+05.000,Air
2026-09-14 15:19:39,+758.43,+024.86,+05.030,+05.022,+05.000,Air
2026-09-14 15:19:41,+758.50,+024.84,+05.008,+05.001,+05.000,Air
2026-09-14 15:19:43,+758.50,+024.82,+05.014,+05.007,+05.000,Air
2026-09-14 15:19:45,+758.55,+024.82,+04.986,+04.979,+05.000,Air
2026-09-14 15:19:47,+758.42,+024.83,+05.013,+05.006,+05.000,Air
2026-09-14 15:19:49,+758.48,+024.85,+05.013,+05.005,+05.000,Air
2026-09-14 15:19:51,+758.45,+024.83,+04.997,+04.990,+05.000,Air
2026-09-14 15:19:53,+758.48,+024.83,+05.012,+05.005,+05.000,Air
2026-09-14 15:19:55,+758.63,+024.84,+05.027,+05.020,+05.000,Air
2026-09-14 15:19:57,+758.53,+024.82,+05.028,+05.021,+05.000,Air
2026-09-14 15:19:59,+758.52,+024.86,+05.025,+05.018,+05.000,Air
2026-09-14 15:20:01,+758.48,+024.84,+04.987,+04.979,+05.000,Air
2026-09-14 15:20:03,+758.51,+024.86,+05.013,+05.005,+05.000,Air
2026-09-14 15:20:05,+758.51,+024.87,+05.001,+04.993,+05.000,Air
2026-09-14 15:20:07,+758.52,+024.85,+05.014,+05.006,+05.000,Air
2026-09-14 15:20:09,+758.62,+024.80,+05.002,+04.997,+05.000,Air
2026-09-14 15:20:11,+758.52,+024.86,+05.009,+05.002,+05.000,Air
2026-09-14 15:20:13,+758.50,+024.85,+05.011,+05.004,+05.000,Air
2026-09-14 15:20:15,+758.44,+024.83,+04.997,+04.989,+05.000,Air
2026-09-14 15:20:17,+758.46,+024.85,+04.999,+04.992,+05.000,Air
2026-09-14 15:20:19,+758.51,+024.81,+05.012,+05.005,+05.000,Air
2026-09-14 15:20:21,+758.49,+024.84,+04.985,+04.978,+05.000,Air
2026-09-14 15:20:23,+758.55,+024.85,+05.037,+05.030,+05.000,Air
2026-09-14 15:20:25,+758.47,+024.83,+05.014,+05.006,+05.000,Air
2026-09-14 15:20:27,+758.44,+024.85,+04.996,+04.988,+05.000,Air
2026-09-14 15:20:29,+758.51,+024.82,+04.995,+04.989,+05.000,Air
2026-09-14 15:20:31,+758.55,+024.87,+04.994,+04.987,+05.000,Air
2026-09-14 15:20:33,+758.43,+024.83,+05.011,+05.003,+05.000,Air
2026-09-14 15:20:35,+758.45,+024.81,+05.010,+05.003,+05.000,Air
2026-09-14 15:20:37,+758.48,+024.87,+05.027,+05.019,+05.000,Air
2026-09-14 15:20:39,+758.39,+024.85,+05.015,+05.007,+05.000,Air
2026-09-14 15:20:41,+758.49,+024.86,+04.990,+04.983,+05.000,Air
2026-09-14 15:20:43,+758.52,+024.87,+05.041,+05.033,+05.000,Air
2026-09-14 15:20:45,+758.45,+024.83,+04.997,+04.990,+05.000,Air
2026-09-14 15:20:47,+758.44,+024.85,+04.999,+04.992,+05.000,Air
2026-09-14 15:20:49,+758.54,+024.82,+05.021,+05.015,+05.000,Air
2026-09-14 15:20:51,+758.48,+024.87,+05.040,+05.032,+05.000,Air
2026-09-14 15:20:53,+758.55,+024.83,+05.018,+05.011,+05.000,Air
2026-09-14 15:20:55,+758.56,+024.80,+05.003,+04.997,+05.000,Air
2026-09-14 15:20:57,+758.46,+024.86,+05.009,+05.001,+05.000,Air
2026-09-14 15:20:59,+758.53,+024.85,+05.037,+05.030,+05.000,Air
2026-09-14 15:21:01,+758.51,+024.84,+05.008,+05.000,+05.000,Air
2026-09-14 15:21:03,+758.47,+024.83,+05.004,+04.997,+05.000,Air
2026-09-14 15:21:05,+758.44,+024.83,+04.998,+04.991,+05.000,Air
2026-09-14 15:21:07,+758.44,+024.85,+05.025,+05.017,+05.000,Air
2026-09-14 15:21:09,+758.47,+024.79,+05.004,+04.997,+05.000,Air
2026-09-14 15:21:11,+758.37,+024.87,+05.008,+04.999,+05.000,Air
2026-09-14 15:21:13,+758.41,+024.78,+05.014,+05.007,+05.000,Air
2026-09-14 15:21:15,+758.47,+024.83,+05.012,+05.005,+05.000,Air
2026-09-14 15:21:17,+758.45,+024.84,+05.030,+05.022,+05.000,Air
2026-09-14 15:21:19,+758.52,+024.84,+04.990,+04.983,+05.000,Air
2026-09-14 15:21:21,+758.50,+024.83,+05.004,+04.997,+05.000,Air
2026-09-14 15:21:23,+758.49,+024.86,+04.997,+04.990,+05.000,Air
2026-09-14 15:21:25,+758.47,+024.85,+05.014,+05.006,+05.000,Air
2026-09-14 15:21:27,+758.52,+024.85,+05.007,+05.000,+05.000,Air
2026-09-14 15:21:29,+758.44,+024.85,+05.018,+05.010,+05.000,Air
2026-09-14 15:21:31,+758.51,+024.79,+04.995,+04.988,+05.000,Air
2026-09-14 15:21:33,+758.47,+024.86,+05.007,+05.000,+05.000,Air
2026-09-14 15:21:35,+758.57,+024.84,+04.989,+04.982,+05.000,Air
2026-09-14 15:21:37,+758.41,+024.82,+05.002,+04.995,+05.000,Air
2026-09-14 15:21:39,+758.41,+024.83,+05.023,+05.016,+05.000,Air
2026-09-14 15:21:41,+758.55,+024.81,+05.029,+05.023,+05.000,Air
2026-09-14 15:21:43,+758.58,+024.84,+05.015,+05.008,+05.000,Air
2026-09-14 15:21:45,+758.46,+024.86,+05.006,+04.998,+05.000,Air
2026-09-14 15:21:47,+758.49,+024.85,+05.011,+05.004,+05.000,Air
2026-09-14 15:21:49,+758.61,+024.82,+05.017,+05.010,+05.000,Air
2026-09-14 15:21:51,+758.45,+024.84,+05.003,+04.995,+05.000,Air
2026-09-14 15:21:53,+758.51,+024.81,+05.026,+05.019,+05.000,Air
2026-09-14 15:21:55,+758.44,+024.87,+04.996,+04.988,+05.000,Air
2026-09-14 15:21:57,+758.55,+024.84,+05.001,+04.994,+05.000,Air
2026-09-14 15:21:59,+758.40,+024.84,+04.995,+04.988,+05.000,Air
2026-09-14 15:22:01,+758.54,+024.82,+05.005,+04.999,+05.000,Air
2026-09-14 15:22:03,+758.52,+024.86,+05.022,+05.014,+05.000,Air
2026-09-14 15:22:05,+758.47,+024.85,+05.026,+05.019,+05.000,Air
2026-09-14 15:22:07,+758.45,+024.82,+05.005,+04.998,+05.000,Air
2026-09-14 15:22:09,+758.50,+024.87,+05.000,+04.992,+05.000,Air
2026-09-14 15:22:11,+758.48,+024.81,+04.988,+04.981,+05.000,Air
2026-09-14 15:22:13,+758.46,+024.84,+04.989,+04.981,+05.000,Air
2026-09-14 15:22:15,+758.43,+024.82,+04.972,+04.965,+05.000,Air
2026-09-14 15:22:17,+758.52,+024.79,+05.019,+05.013,+05.000,Air
2026-09-14 15:22:19,+758.51,+024.84,+05.014,+05.007,+05.000,Air
2026-09-14 15:22:21,+758.55,+024.85,+04.996,+04.989,+05.000,Air
2026-09-14 15:22:23,+758.48,+024.82,+05.002,+04.995,+05.000,Air
2026-09-14 15:22:25,+758.39,+024.84,+04.998,+04.990,+05.000,Air
2026-09-14 15:22:27,+758.43,+024.83,+05.000,+04.992,+05.000,Air
2026-09-14 15:22:29,+758.35,+024.83,+05.005,+04.996,+05.000,Air
2026-09-14 15:22:31,+758.47,+024.82,+05.008,+05.001,+05.000,Air
2026-09-14 15:22:33,+758.43,+024.82,+05.029,+05.021,+05.000,Air
2026-09-14 15:22:35,+758.45,+024.78,+05.005,+04.999,+05.000,Air
2026-09-14 15:22:37,+758.43,+024.81,+05.000,+04.993,+05.000,Air
2026-09-14 15:22:39,+758.45,+024.88,+04.991,+04.983,+05.000,Air
2026-09-14 15:22:41,+758.46,+024.83,+04.995,+04.987,+05.000,Air
2026-09-14 15:22:43,+758.48,+024.84,+05.000,+04.992,+05.000,Air
2026-09-14 15:22:45,+758.53,+024.84,+05.016,+05.009,+05.000,Air
2026-09-14 15:22:47,+758.47,+024.85,+05.036,+05.028,+05.000,Air
2026-09-14 15:22:49,+758.42,+024.81,+05.010,+05.003,+05.000,Air
2026-09-14 15:22:51,+758.48,+024.83,+05.023,+05.016,+05.000,Air
2026-09-14 15:22:53,+758.43,+024.84,+04.996,+04.989,+05.000,Air
2026-09-14 15:22:55,+758.44,+024.85,+05.018,+05.010,+05.000,Air
2026-09-14 15:22:57,+758.49,+024.81,+05.023,+05.016,+05.000,Air
2026-09-14 15:22:59,+758.48,+024.83,+04.995,+04.988,+05.000,Air
2026-09-14 15:23:01,+758.48,+024.87,+05.021,+05.013,+05.000,Air
2026-09-14 15:23:03,+758.36,+024.81,+05.014,+05.006,+05.000,Air
2026-09-14 15:23:05,+758.46,+024.84,+05.031,+05.023,+05.000,Air
2026-09-14 15:23:07,+758.53,+024.82,+05.043,+05.036,+05.000,Air
2026-09-14 15:23:09,+758.43,+024.85,+05.007,+04.999,+05.000,Air
2026-09-14 15:23:11,+758.51,+024.85,+04.974,+04.967,+05.000,Air
2026-09-14 15:23:13,+758.50,+024.83,+04.994,+04.987,+05.000,Air
2026-09-14 15:23:15,+758.49,+024.85,+04.986,+04.978,+05.000,Air
2026-09-14 15:23:17,+758.47,+024.82,+04.996,+04.989,+05.000,Air
2026-09-14 15:23:19,+758.41,+024.83,+05.019,+05.012,+05.000,Air
2026-09-14 15:23:21,+758.48,+024.81,+05.014,+05.007,+05.000,Air
2026-09-14 15:23:23,+758.43,+024.80,+05.001,+04.994,+05.000,Air
2026-09-14 15:23:25,+758.52,+024.82,+05.005,+04.999,+05.000,Air
2026-09-14 15:23:27,+758.49,+024.86,+04.997,+04.990,+05.000,Air
2026-09-14 15:23:29,+758.43,+024.83,+05.016,+05.009,+05.000,Air
2026-09-14 15:23:31,+758.40,+024.84,+04.976,+04.969,+05.000,Air
2026-09-14 15:23:33,+758.41,+024.83,+05.020,+05.013,+05.000,Air
2026-09-14 15:23:35,+758.41,+024.82,+05.011,+05.004,+05.000,Air
2026-09-14 15:23:37,+758.39,+024.84,+05.011,+05.003,+05.000,Air
2026-09-14 15:23:39,+758.46,+024.85,+04.994,+04.986,+05.000,Air
2026-09-14 15:23:41,+758.42,+024.83,+04.979,+04.972,+05.000,Air
2026-09-14 15:23:43,+758.48,+024.84,+05.012,+05.005,+05.000,Air
2026-09-14 15:23:45,+758.49,+024.84,+05.006,+04.999,+05.000,Air
2026-09-14 15:23:47,+758.46,+024.83,+05.006,+04.999,+05.000,Air
2026-09-14 15:23:49,+758.34,+024.82,+04.987,+04.980,+05.000,Air
2026-09-14 15:23:51,+758.46,+024.82,+05.009,+05.002,+05.000,Air
2026-09-14 15:23:53,+758.52,+024.83,+05.009,+05.002,+05.000,Air
2026-09-14 15:23:55,+758.39,+024.86,+04.987,+04.979,+05.000,Air
2026-09-14 15:23:57,+758.35,+024.85,+05.017,+05.008,+05.000,Air
2026-09-14 15:23:59,+758.34,+024.84,+04.985,+04.976,+05.000,Air
2026-09-14 15:24:01,+758.51,+024.88,+04.996,+04.989,+05.000,Air
2026-09-14 15:24:03,+758.45,+024.86,+04.980,+04.972,+05.000,Air
2026-09-14 15:24:05,+758.39,+024.81,+05.014,+05.006,+05.000,Air
2026-09-14 15:24:07,+758.41,+024.83,+05.009,+05.001,+05.000,Air
2026-09-14 15:24:09,+758.36,+024.84,+04.979,+04.971,+05.000,Air
2026-09-14 15:24:11,+758.39,+024.85,+05.011,+05.003,+05.000,Air
2026-09-14 15:24:13,+758.41,+024.83,+05.014,+05.007,+05.000,Air
2026-09-14 15:24:15,+758.48,+024.80,+04.994,+04.987,+05.000,Air
2026-09-14 15:24:17,+758.36,+024.82,+04.999,+04.992,+05.000,Air
2026-09-14 15:24:19,+758.48,+024.81,+05.008,+05.001,+05.000,Air
2026-09-14 15:24:21,+758.49,+024.82,+05.035,+05.028,+05.000,Air
2026-09-14 15:24:23,+758.42,+024.82,+05.027,+05.020,+05.000,Air
2026-09-14 15:24:25,+758.36,+024.84,+04.984,+04.976,+05.000,Air
2026-09-14 15:24:27,+758.44,+024.82,+05.044,+05.037,+05.000,Air
2026-09-14 15:24:29,+758.48,+024.87,+04.993,+04.986,+05.000,Air
2026-09-14 15:24:31,+758.42,+024.85,+05.000,+04.992,+05.000,Air
2026-09-14 15:24:33,+758.49,+024.80,+05.006,+04.999,+05.000,Air
2026-09-14 15:24:35,+758.46,+024.81,+05.018,+05.012,+05.000,Air
2026-09-14 15:24:37,+758.36,+024.81,+05.024,+05.017,+05.000,Air
2026-09-14 15:24:39,+758.39,+024.83,+05.002,+04.994,+05.000,Air
2026-09-14 15:24:41,+758.49,+024.85,+05.022,+05.014,+05.000,Air
2026-09-14 15:24:43,+758.40,+024.81,+05.021,+05.013,+05.000,Air
2026-09-14 15:24:45,+758.50,+024.83,+05.004,+04.997,+05.000,Air
2026-09-14 15:24:47,+758.33,+024.84,+04.997,+04.989,+05.000,Air
2026-09-14 15:24:49,+758.44,+024.89,+05.008,+04.999,+05.000,Air
2026-09-14 15:24:51,+758.47,+024.84,+05.013,+05.006,+05.000,Air
2026-09-14 15:24:53,+758.45,+024.88,+05.017,+05.009,+05.000,Air
2026-09-14 15:24:55,+758.43,+024.84,+05.036,+05.028,+05.000,Air
2026-09-14 15:24:57,+758.44,+024.79,+05.010,+05.004,+05.000,Air
2026-09-14 15:24:59,+758.43,+024.82,+05.029,+05.022,+05.000,Air
2026-09-14 15:25:01,+758.33,+024.87,+05.005,+04.996,+05.000,Air
2026-09-14 15:25:03,+758.44,+024.83,+05.004,+04.997,+05.000,Air
2026-09-14 15:25:05,+758.40,+024.78,+05.009,+05.002,+05.000,Air
2026-09-14 15:25:07,+758.44,+024.82,+05.005,+04.998,+05.000,Air
2026-09-14 15:25:09,+758.45,+024.82,+05.016,+05.009,+05.000,Air
2026-09-14 15:25:11,+758.43,+024.85,+04.995,+04.988,+05.000,Air
2026-09-14 15:25:13,+758.37,+024.84,+05.021,+05.013,+05.000,Air
2026-09-14 15:25:15,+758.46,+024.87,+05.016,+05.008,+05.000,Air
2026-09-14 15:25:17,+758.47,+024.87,+05.025,+05.018,+05.000,Air
2026-09-14 15:25:19,+758.45,+024.85,+04.994,+04.986,+05.000,Air
2026-09-14 15:25:21,+758.44,+024.82,+04.989,+04.982,+05.000,Air
2026-09-14 15:25:23,+758.44,+024.86,+04.990,+04.982,+05.000,Air
2026-09-14 15:25:25,+758.44,+024.85,+05.023,+05.016,+05.000,Air
2026-09-14 15:25:27,+758.43,+024.83,+05.000,+04.992,+05.000,Air
2026-09-14 15:25:29,+758.43,+024.86,+05.037,+05.029,+05.000,Air
2026-09-14 15:25:31,+758.44,+024.87,+04.994,+04.986,+05.000,Air
2026-09-14 15:25:33,+758.43,+024.84,+05.012,+05.004,+05.000,Air
2026-09-14 15:25:35,+758.47,+024.82,+05.025,+05.018,+05.000,Air
2026-09-14 15:25:37,+758.38,+024.83,+04.998,+04.990,+05.000,Air
2026-09-14 15:25:39,+758.40,+024.84,+05.011,+05.003,+05.000,Air
2026-09-14 15:25:41,+758.51,+024.82,+05.036,+05.030,+05.000,Air
2026-09-14 15:25:43,+758.38,+024.84,+04.989,+04.981,+05.000,Air
2026-09-14 15:25:45,+758.50,+024.82,+05.019,+05.012,+05.000,Air
2026-09-14 15:25:47,+758.42,+024.85,+05.025,+05.017,+05.000,Air
2026-09-14 15:25:49,+758.44,+024.84,+05.007,+04.999,+05.000,Air
2026-09-14 15:25:51,+758.46,+024.85,+05.030,+05.023,+05.000,Air
2026-09-14 15:25:53,+758.45,+024.85,+05.024,+05.016,+05.000,Air
2026-09-14 15:25:55,+758.36,+024.83,+04.985,+04.977,+05.000,Air
2026-09-14 15:25:57,+758.43,+024.83,+04.987,+04.980,+05.000,Air
2026-09-14 15:25:59,+758.47,+024.82,+04.993,+04.986,+05.000,Air
2026-09-14 15:26:01,+758.45,+024.85,+05.010,+05.002,+05.000,Air
2026-09-14 15:26:03,+758.46,+024.87,+05.021,+05.013,+05.000,Air
2026-09-14 15:26:05,+758.52,+024.84,+05.036,+05.029,+05.000,Air
2026-09-14 15:26:07,+758.38,+024.82,+05.006,+04.999,+05.000,Air
2026-09-14 15:26:09,+758.49,+024.84,+05.018,+05.010,+05.000,Air
2026-09-14 15:26:11,+758.41,+024.83,+04.974,+04.966,+05.000,Air
2026-09-14 15:26:13,+758.50,+024.85,+05.010,+05.002,+05.000,Air
2026-09-14 15:26:15,+758.39,+024.89,+05.032,+05.023,+05.000,Air
2026-09-14 15:26:17,+758.38,+024.81,+04.990,+04.983,+05.000,Air
2026-09-14 15:26:19,+758.45,+024.82,+04.991,+04.984,+05.000,Air
2026-09-14 15:26:21,+758.36,+024.80,+05.011,+05.004,+05.000,Air
2026-09-14 15:26:23,+758.40,+024.80,+05.013,+05.006,+05.000,Air
2026-09-14 15:26:25,+758.33,+024.79,+05.010,+05.003,+05.000,Air
2026-09-14 15:26:27,+758.42,+024.83,+05.000,+04.993,+05.000,Air
2026-09-14 15:26:29,+758.41,+024.87,+04.995,+04.987,+05.000,Air
2026-09-14 15:26:31,+758.37,+024.81,+04.995,+04.987,+05.000,Air
2026-09-14 15:26:33,+758.38,+024.82,+04.984,+04.977,+05.000,Air
2026-09-14 15:26:35,+758.54,+024.85,+05.025,+05.018,+05.000,Air
2026-09-14 15:26:37,+758.45,+024.79,+05.006,+04.999,+05.000,Air
2026-09-14 15:26:39,+758.45,+024.83,+04.993,+04.985,+05.000,Air
2026-09-14 15:26:41,+758.38,+024.82,+05.002,+04.994,+05.000,Air
2026-09-14 15:26:43,+758.42,+024.86,+05.016,+05.008,+05.000,Air
2026-09-14 15:26:45,+758.33,+024.82,+05.004,+04.996,+05.000,Air
2026-09-14 15:26:47,+758.48,+024.80,+05.015,+05.008,+05.000,Air
2026-09-14 15:26:49,+758.44,+024.77,+04.997,+04.991,+05.000,Air
2026-09-14 15:26:51,+758.39,+024.83,+05.025,+05.017,+05.000,Air
2026-09-14 15:26:53,+758.32,+024.81,+04.996,+04.988,+05.000,Air
2026-09-14 15:26:55,+758.47,+024.81,+05.002,+04.995,+05.000,Air
2026-09-14 15:26:57,+758.37,+024.78,+05.009,+05.002,+05.000,Air
2026-09-14 15:26:59,+758.37,+024.83,+05.009,+05.001,+05.000,Air
2026-09-14 15:27:01,+758.35,+024.83,+04.976,+04.968,+05.000,Air
2026-09-14 15:27:03,+758.47,+024.84,+05.015,+05.007,+05.000,Air
2026-09-14 15:27:05,+758.45,+024.83,+05.002,+04.995,+05.000,Air
2026-09-14 15:27:07,+758.31,+024.84,+05.007,+04.999,+05.000,Air
2026-09-14 15:27:09,+758.41,+024.84,+05.011,+05.003,+05.000,Air
2026-09-14 15:27:11,+758.47,+024.85,+05.018,+05.011,+05.000,Air
2026-09-14 15:27:13,+758.43,+024.84,+05.005,+04.997,+05.000,Air
2026-09-14 15:27:15,+758.40,+024.83,+05.011,+05.004,+05.000,Air
2026-09-14 15:27:17,+758.46,+024.82,+04.990,+04.983,+05.000,Air
2026-09-14 15:27:19,+758.41,+024.82,+05.018,+05.011,+05.000,Air
2026-09-14 15:27:21,+758.48,+024.87,+05.001,+04.993,+05.000,Air
2026-09-14 15:27:23,+758.39,+024.83,+05.005,+04.997,+05.000,Air
2026-09-14 15:27:25,+758.45,+024.86,+05.000,+04.992,+05.000,Air
2026-09-14 15:27:27,+758.48,+024.87,+05.007,+04.999,+05.000,Air
2026-09-14 15:27:29,+758.42,+024.83,+04.983,+04.976,+05.000,Air
2026-09-14 15:27:31,+758.43,+024.84,+05.016,+05.008,+05.000,Air
2026-09-14 15:27:33,+758.37,+024.83,+05.008,+05.000,+05.000,Air
2026-09-14 15:27:35,+758.41,+024.81,+05.029,+05.022,+05.000,Air
2026-09-14 15:27:37,+758.37,+024.86,+05.013,+05.004,+05.000,Air
2026-09-14 15:27:39,+758.47,+024.82,+05.032,+05.025,+05.000,Air
2026-09-14 15:27:41,+758.43,+024.83,+05.020,+05.012,+05.000,Air
2026-09-14 15:27:43,+758.36,+024.83,+04.992,+04.984,+05.000,Air
2026-09-14 15:27:45,+758.34,+024.80,+05.028,+05.021,+05.000,Air
2026-09-14 15:27:47,+758.38,+024.82,+05.002,+04.995,+05.000,Air
2026-09-14 15:27:49,+758.35,+024.80,+04.996,+04.989,+05.000,Air
2026-09-14 15:27:51,+758.44,+024.86,+04.990,+04.982,+05.000,Air
2026-09-14 15:27:53,+758.45,+024.87,+05.002,+04.994,+05.000,Air
2026-09-14 15:27:55,+758.38,+024.81,+05.020,+05.013,+05.000,Air
2026-09-14 15:27:57,+758.38,+024.79,+04.977,+04.970,+05.000,Air
2026-09-14 15:27:59,+758.36,+024.83,+05.001,+04.993,+05.000,Air
2026-09-14 15:28:01,+758.45,+024.82,+04.988,+04.981,+05.000,Air
2026-09-14 15:28:03,+758.32,+024.82,+05.015,+05.007,+05.000,Air
2026-09-14 15:28:05,+758.39,+024.83,+05.008,+05.000,+05.000,Air
2026-09-14 15:28:07,+758.34,+024.81,+05.013,+05.005,+05.000,Air
2026-09-14 15:28:09,+758.38,+024.81,+05.032,+05.024,+05.000,Air
2026-09-14 15:28:11,+758.42,+024.81,+05.033,+05.026,+05.000,Air
2026-09-14 15:28:13,+758.45,+024.81,+05.024,+05.017,+05.000,Air
2026-09-14 15:28:15,+758.37,+024.86,+05.022,+05.014,+05.000,Air
2026-09-14 15:28:17,+758.37,+024.84,+04.997,+04.989,+05.000,Air
2026-09-14 15:28:19,+758.39,+024.84,+05.033,+05.025,+05.000,Air
2026-09-14 15:28:21,+758.29,+024.83,+05.022,+05.014,+05.000,Air
2026-09-14 15:28:23,+758.40,+024.82,+05.031,+05.023,+05.000,Air
2026-09-14 15:28:25,+758.36,+024.84,+05.004,+04.995,+05.000,Air
2026-09-14 15:28:27,+758.39,+024.87,+05.004,+04.995,+05.000,Air
2026-09-14 15:28:29,+758.37,+024.86,+04.997,+04.989,+05.000,Air
2026-09-14 15:28:31,+758.36,+024.84,+05.006,+04.998,+05.000,Air
2026-09-14 15:28:33,+758.37,+024.80,+04.988,+04.981,+05.000,Air
2026-09-14 15:28:35,+758.38,+024.82,+05.012,+05.004,+05.000,Air
2026-09-14 15:28:37,+758.39,+024.83,+05.011,+05.003,+05.000,Air
2026-09-14 15:28:39,+758.37,+024.82,+04.999,+04.991,+05.000,Air
2026-09-14 15:28:41,+758.46,+024.85,+05.002,+04.994,+05.000,Air
2026-09-14 15:28:43,+758.40,+024.83,+05.019,+05.011,+05.000,Air
2026-09-14 15:28:45,+758.42,+024.84,+05.004,+04.996,+05.000,Air
2026-09-14 15:28:47,+758.38,+024.83,+04.999,+04.992,+05.000,Air
2026-09-14 15:28:49,+758.33,+024.81,+05.006,+04.998,+05.000,Air
2026-09-14 15:28:51,+758.39,+024.83,+05.024,+05.016,+05.000,Air
2026-09-14 15:28:53,+758.37,+024.82,+05.005,+04.998,+05.000,Air
2026-09-14 15:28:55,+758.39,+024.81,+05.002,+04.995,+05.000,Air
2026-09-14 15:28:57,+758.33,+024.85,+05.018,+05.009,+05.000,Air
2026-09-14 15:28:59,+758.33,+024.82,+05.042,+05.034,+05.000,Air
2026-09-14 15:29:01,+758.50,+024.83,+04.995,+04.988,+05.000,Air
2026-09-14 15:29:03,+758.36,+024.81,+05.021,+05.013,+05.000,Air
2026-09-14 15:29:05,+758.37,+024.81,+04.973,+04.966,+05.000,Air
2026-09-14 15:29:07,+758.40,+024.79,+04.998,+04.991,+05.000,Air
2026-09-14 15:29:09,+758.36,+024.81,+05.022,+05.014,+05.000,Air
2026-09-14 15:29:11,+758.44,+024.80,+05.018,+05.011,+05.000,Air
2026-09-14 15:29:13,+758.43,+024.84,+05.021,+05.013,+05.000,Air
2026-09-14 15:29:15,+758.36,+024.79,+05.024,+05.017,+05.000,Air
2026-09-14 15:29:17,+758.31,+024.84,+05.013,+05.005,+05.000,Air
2026-09-14 15:29:19,+758.45,+024.82,+05.011,+05.004,+05.000,Air
2026-09-14 15:29:21,+758.37,+024.79,+05.018,+05.011,+05.000,Air
2026-09-14 15:29:23,+758.40,+024.79,+05.043,+05.036,+05.000,Air
2026-09-14 15:29:25,+758.38,+024.82,+05.030,+05.022,+05.000,Air
2026-09-14 15:29:27,+758.36,+024.85,+05.006,+04.998,+05.000,Air
2026-09-14 15:29:29,+758.37,+024.81,+05.012,+05.005,+05.000,Air
2026-09-14 15:29:31,+758.29,+024.82,+05.025,+05.016,+05.000,Air
2026-09-14 15:29:33,+758.36,+024.79,+04.973,+04.966,+05.000,Air
2026-09-14 15:29:35,+758.45,+024.84,+05.022,+05.015,+05.000,Air
2026-09-14 15:29:37,+758.40,+024.83,+04.973,+04.966,+05.000,Air
2026-09-14 15:29:39,+758.31,+024.81,+05.007,+04.999,+05.000,Air
2026-09-14 15:29:41,+758.45,+024.87,+05.014,+05.006,+05.000,Air
2026-09-14 15:29:43,+758.39,+024.83,+05.010,+05.002,+05.000,Air
2026-09-14 15:29:45,+758.25,+024.84,+04.982,+04.974,+05.000,Air
2026-09-14 15:29:47,+758.40,+024.82,+05.006,+04.999,+05.000,Air
2026-09-14 15:29:49,+758.45,+024.81,+05.017,+05.010,+05.000,Air
2026-09-14 15:29:51,+758.46,+024.80,+04.995,+04.988,+05.000,Air
2026-09-14 15:29:53,+758.41,+024.81,+04.978,+04.971,+05.000,Air
2026-09-14 15:29:55,+758.38,+024.83,+04.999,+04.991,+05.000,Air
2026-09-14 15:29:57,+758.39,+024.79,+04.991,+04.984,+05.000,Air
2026-09-14 15:29:59,+758.37,+024.82,+05.029,+05.022,+05.000,Air
2026-09-14 15:30:01,+758.38,+024.84,+05.039,+05.031,+05.000,Air
2026-09-14 15:30:03,+758.46,+024.83,+04.999,+04.992,+05.000,Air
2026-09-14 15:30:05,+758.34,+024.83,+04.990,+04.982,+05.000,Air
2026-09-14 15:30:07,+758.47,+024.81,+05.018,+05.011,+05.000,Air
2026-09-14 15:30:09,+758.32,+024.83,+05.007,+04.999,+05.000,Air
2026-09-14 15:30:11,+758.40,+024.80,+04.999,+04.992,+05.000,Air
2026-09-14 15:30:13,+758.33,+024.81,+05.006,+04.998,+05.000,Air
2026-09-14 15:30:15,+758.30,+024.84,+05.008,+05.000,+05.000,Air
2026-09-14 15:30:17,+758.36,+024.82,+05.016,+05.009,+05.000,Air
2026-09-14 15:30:19,+758.36,+024.82,+05.001,+04.993,+05.000,Air
2026-09-14 15:30:21,+758.42,+024.82,+04.983,+04.975,+05.000,Air
2026-09-14 15:30:23,+758.29,+024.79,+05.023,+05.015,+05.000,Air
2026-09-14 15:30:25,+758.37,+024.82,+04.988,+04.980,+05.000,Air
2026-09-14 15:30:27,+758.40,+024.85,+04.991,+04.983,+05.000,Air
2026-09-14 15:30:29,+758.30,+024.86,+05.023,+05.014,+05.000,Air
2026-09-14 15:30:31,+758.38,+024.83,+05.023,+05.015,+05.000,Air
2026-09-14 15:30:33,+758.34,+024.85,+05.010,+05.002,+05.000,Air
2026-09-14 15:30:35,+758.45,+024.83,+05.017,+05.010,+05.000,Air
2026-09-14 15:30:37,+758.39,+024.78,+05.017,+05.010,+05.000,Air
2026-09-14 15:30:39,+758.28,+024.83,+05.015,+05.006,+05.000,Air
2026-09-14 15:30:41,+758.40,+024.80,+05.015,+05.008,+05.000,Air
2026-09-14 15:30:43,+758.43,+024.87,+05.005,+04.996,+05.000,Air
2026-09-14 15:30:45,+758.35,+024.79,+04.997,+04.990,+05.000,Air
2026-09-14 15:30:47,+758.40,+024.84,+04.999,+04.992,+05.000,Air
2026-09-14 15:30:49,+758.39,+024.84,+05.015,+05.007,+05.000,Air
2026-09-14 15:30:51,+758.32,+024.83,+04.999,+04.991,+05.000,Air
2026-09-14 15:30:53,+758.35,+024.84,+05.005,+04.997,+05.000,Air
2026-09-14 15:30:55,+758.39,+024.83,+05.014,+05.006,+05.000,Air
2026-09-14 15:30:57,+758.38,+024.79,+05.029,+05.021,+05.000,Air
2026-09-14 15:30:59,+758.38,+024.84,+04.991,+04.983,+05.000,Air
2026-09-14 15:31:01,+758.36,+024.83,+04.985,+04.977,+05.000,Air
2026-09-14 15:31:03,+758.35,+024.83,+05.024,+05.016,+05.000,Air
2026-09-14 15:31:05,+758.33,+024.82,+05.004,+04.996,+05.000,Air
2026-09-14 15:31:07,+758.21,+024.81,+04.973,+04.964,+05.000,Air
2026-09-14 15:31:09,+758.34,+024.79,+05.022,+05.015,+05.000,Air
2026-09-14 15:31:11,+758.29,+024.76,+04.995,+04.988,+05.000,Air
2026-09-14 15:31:13,+758.30,+024.83,+05.000,+04.992,+05.000,Air
2026-09-14 15:31:15,+758.33,+024.81,+04.999,+04.991,+05.000,Air
2026-09-14 15:31:17,+758.41,+024.82,+04.999,+04.991,+05.000,Air
2026-09-14 15:31:19,+758.37,+024.81,+05.044,+05.036,+05.000,Air
2026-09-14 15:31:21,+758.16,+024.81,+04.515,+04.507,+00.000,Air
2026-09-14 15:31:23,+758.01,+024.79,+04.088,+04.080,+00.000,Air
2026-09-14 15:31:25,+757.80,+024.80,+03.717,+03.709,+00.000,Air
2026-09-14 15:31:27,+757.66,+024.81,+03.356,+03.348,+00.000,Air
2026-09-14 15:31:29,+757.53,+024.81,+03.024,+03.016,+00.000,Air
2026-09-14 15:31:31,+757.32,+024.79,+02.751,+02.743,+00.000,Air
2026-09-14 15:31:33,+757.34,+024.81,+02.512,+02.505,+00.000,Air
2026-09-14 15:31:35,+757.23,+024.79,+02.243,+02.236,+00.000,Air
2026-09-14 15:31:37,+757.07,+024.82,+02.035,+02.029,+00.000,Air
2026-09-14 15:31:39,+757.08,+024.83,+01.845,+01.839,+00.000,Air
2026-09-14 15:31:41,+756.97,+024.81,+01.669,+01.663,+00.000,Air
2026-09-14 15:31:43,+756.90,+024.80,+01.500,+01.495,+00.000,Air
2026-09-14 15:31:45,+756.79,+024.82,+01.367,+01.362,+00.000,Air
2026-09-14 15:31:47,+756.73,+024.80,+01.220,+01.216,+00.000,Air
2026-09-14 15:31:49,+756.74,+024.82,+01.123,+01.119,+00.000,Air
2026-09-14 15:31:51,+756.73,+024.86,+01.009,+01.005,+00.000,Air
2026-09-14 15:31:53,+756.64,+024.79,+00.928,+00.925,+00.000,Air
2026-09-14 15:31:55,+756.62,+024.81,+00.804,+00.801,+00.000,Air
2026-09-14 15:31:57,+756.48,+024.81,+00.754,+00.751,+00.000,Air
2026-09-14 15:31:59,+756.47,+024.83,+00.681,+00.678,+00.000,Air
2026-09-14 15:32:01,+756.48,+024.82,+00.612,+00.609,+00.000,Air
2026-09-14 15:32:03,+756.59,+024.77,+00.548,+00.546,+00.000,Air
2026-09-14 15:32:05,+756.47,+024.84,+00.492,+00.490,+00.000,Air
2026-09-14 15:32:07,+756.30,+024.79,+00.447,+00.445,+00.000,Air
2026-09-14 15:32:09,+756.40,+024.80,+00.402,+00.400,+00.000,Air
2026-09-14 15:32:11,+756.41,+024.84,+00.356,+00.355,+00.000,Air
2026-09-14 15:32:13,+756.44,+024.82,+00.321,+00.319,+00.000,Air
2026-09-14 15:32:15,+756.40,+024.83,+00.301,+00.300,+00.000,Air
2026-09-14 15:32:17,+756.41,+024.84,+00.252,+00.250,+00.000,Air
2026-09-14 15:32:19,+756.33,+024.81,+00.259,+00.258,+00.000,Air
2026-09-14 15:32:21,+756.41,+024.82,+00.252,+00.251,+00.000,Air
2026-09-14 15:32:23,+756.31,+024.81,+00.192,+00.191,+00.000,Air
2026-09-14 15:32:25,+756.33,+024.81,+00.183,+00.182,+00.000,Air
2026-09-14 15:32:27,+756.30,+024.82,+00.184,+00.184,+00.000,Air
2026-09-14 15:32:29,+756.36,+024.81,+00.163,+00.163,+00.000,Air
2026-09-14 15:32:31,+756.31,+024.79,+00.134,+00.133,+00.000,Air
2026-09-14 15:32:33,+756.32,+024.84,+00.133,+00.132,+00.000,Air
2026-09-14 15:32:35,+756.30,+024.79,+00.106,+00.106,+00.000,Air
2026-09-14 15:32:37,+756.26,+024.79,+00.092,+00.092,+00.000,Air
2026-09-14 15:32:39,+756.29,+024.82,+00.099,+00.098,+00.000,Air
2026-09-14 15:32:41,+756.28,+024.78,+00.098,+00.098,+00.000,Air
2026-09-14 15:32:43,+756.27,+024.79,+00.054,+00.054,+00.000,Air
2026-09-14 15:32:45,+756.23,+024.82,+00.031,+00.031,+00.000,Air
2026-09-14 15:32:47,+756.20,+024.83,+00.057,+00.057,+00.000,Air
2026-09-14 15:32:49,+756.19,+024.83,+00.040,+00.040,+00.000,Air
2026-09-14 15:32:51,+756.24,+024.81,+00.078,+00.077,+00.000,Air
2026-09-14 15:32:53,+756.19,+024.82,+00.041,+00.041,+00.000,Air
2026-09-14 15:32:55,+756.35,+024.79,+00.031,+00.031,+00.000,Air
2026-09-14 15:32:57,+756.25,+024.78,+00.033,+00.033,+00.000,Air
2026-09-14 15:32:59,+756.24,+024.83,+00.002,+00.002,+00.000,Air
2026-09-14 15:33:01,+756.28,+024.83,+00.042,+00.042,+00.000,Air
2026-09-14 15:33:03,+756.25,+024.79,+00.072,+00.071,+00.000,Air
2026-09-14 15:33:05,+756.30,+024.84,+00.007,+00.007,+00.000,Air
2026-09-14 15:33:07,+756.28,+024.81,+00.000,+00.000,+00.000,Air
2026-09-14 15:33:09,+756.18,+024.84,+00.018,+00.017,+00.000,Air
2026-09-14 15:33:11,+756.30,+024.81,+00.041,+00.041,+00.000,Air
2026-09-14 15:33:13,+756.19,+024.80,+00.015,+00.015,+00.000,Air
2026-09-14 15:33:15,+756.18,+024.83,+00.033,+00.033,+00.000,Air
2026-09-14 15:33:17,+756.28,+024.78,+00.016,+00.016,+00.000,Air
2026-09-14 15:33:19,+756.31,+024.81,+00.001,+00.001,+00.000,Air
2026-09-14 15:33:21,+756.25,+024.80,+00.000,+00.000,+00.000,Air
2026-09-14 15:33:23,+756.36,+024.81,+00.014,+00.014,+00.000,Air
2026-09-14 15:33:25,+756.30,+024.83,+00.004,+00.004,+00.000,Air
2026-09-14 15:33:27,+756.23,+024.78,+00.008,+00.008,+00.000,Air
2026-09-14 15:33:29,+756.21,+024.82,+00.016,+00.015,+00.000,Air
2026-09-14 15:33:31,+756.14,+024.81,+00.007,+00.007,+00.000,Air
2026-09-14 15:33:33,+756.33,+024.81,+00.011,+00.011,+00.000,Air
2026-09-14 15:33:35,+756.26,+024.81,+00.011,+00.011,+00.000,Air
2026-09-14 15:33:37,+756.29,+024.80,+00.000,+00.000,+00.000,Air
2026-09-14 15:33:39,+756.23,+024.81,+00.023,+00.023,+00.000,Air
2026-09-14 15:33:41,+756.17,+024.78,+00.016,+00.016,+00.000,Air
2026-09-14 15:33:43,+756.22,+024.78,+00.000,+00.000,+00.000,Air
2026-09-14 15:33:45,+756.20,+024.78,+00.000,+00.000,+00.000,Air
2026-09-14 15:33:47,+756.11,+024.81,+00.000,+00.000,+00.000,Air
2026-09-14 15:33:49,+756.30,+024.80,+00.000,+00.000,+00.000,Air
2026-09-14 15:33:51,+756.21,+024.79,+00.007,+00.007,+00.000,Air
2026-09-14 15:33:53,+756.24,+024.85,+00.000,+00.000,+00.000,Air
2026-09-14 15:33:55,+756.23,+024.83,+00.001,+00.001,+00.000,Air
2026-09-14 15:33:57,+756.22,+024.79,+00.000,+00.000,+00.000,Air
2026-09-14 15:33:59,+756.28,+024.79,+00.020,+00.019,+00.000,Air
2026-09-14 15:34:01,+756.24,+024.80,+00.000,+00.000,+00.000,Air
2026-09-14 15:34:03,+756.18,+024.81,+00.000,+00.000,+00.000,Air
2026-09-14 15:34:05,+756.17,+024.82,+00.007,+00.007,+00.000,Air
2026-09-14 15:34:07,+756.17,+024.78,+00.000,+00.000,+00.000,Air
2026-09-14 15:34:09,+756.19,+024.83,+00.000,+00.000,+00.000,Air
2026-09-14 15:34:11,+756.25,+024.82,+00.019,+00.019,+00.000,Air
2026-09-14 15:34:13,+756.19,+024.80,+00.000,+00.000,+00.000,Air
2026-09-14 15:34:15,+756.26,+024.81,+00.000,+00.000,+00.000,Air
2026-09-14 15:34:17,+756.24,+024.80,+00.003,+00.003,+00.000,Air
2026-09-14 15:34:19,+756.15,+024.84,+00.000,+00.000,+00.000,Air
2026-09-14 15:34:21,+756.29,+024.81,+00.000,+00.000,+00.000,Air
2026-09-14 15:34:23,+756.22,+024.83,+00.000,+00.000,+00.000,Air
2026-09-14 15:34:25,+756.21,+024.77,+00.000,+00.000,+00.000,Air
2026-09-14 15:34:27,+756.18,+024.80,+00.000,+00.000,+00.000,Air
2026-09-14 15:34:29,+756.17,+024.80,+00.033,+00.033,+00.000,Air
2026-09-14 15:34:31,+756.12,+024.81,+00.000,+00.000,+00.000,Air
2026-09-14 15:34:33,+756.28,+024.81,+00.009,+00.009,+00.000,Air
2026-09-14 15:34:35,+756.31,+024.79,+00.019,+00.019,+00.000,Air
2026-09-14 15:34:37,+756.28,+024.83,+00.000,+00.000,+00.000,Air
2026-09-14 15:34:39,+756.22,+024.85,+00.005,+00.005,+00.000,Air
2026-09-14 15:34:41,+756.18,+024.82,+00.007,+00.007,+00.000,Air
2026-09-14 15:34:43,+756.25,+024.80,+00.021,+00.020,+00.000,Air
2026-09-14 15:34:45,+756.21,+024.82,+00.000,+00.000,+00.000,Air
2026-09-14 15:34:47,+756.23,+024.85,+00.010,+00.010,+00.000,Air
2026-09-14 15:34:49,+756.19,+024.80,+00.010,+00.010,+00.000,Air
2026-09-14 15:34:51,+756.20,+024.78,+00.010,+00.010,+00.000,Air
2026-09-14 15:34:53,+756.18,+024.79,+00.000,+00.000,+00.000,Air
2026-09-14 15:34:55,+756.25,+024.78,+00.010,+00.010,+00.000,Air
2026-09-14 15:34:57,+756.19,+024.79,+00.000,+00.000,+00.000,Air
2026-09-14 15:34:59,+756.24,+024.80,+00.001,+00.001,+00.000,Air
2026-09-14 15:35:01,+756.19,+024.82,+00.000,+00.000,+00.000,Air
2026-09-14 15:35:03,+756.24,+024.83,+00.000,+00.000,+00.000,Air
2026-09-14 15:35:05,+756.19,+024.78,+00.008,+00.008,+00.000,Air
2026-09-14 15:35:07,+756.19,+024.81,+00.000,+00.000,+00.000,Air
2026-09-14 15:35:09,+756.23,+024.80,+00.000,+00.000,+00.000,Air
2026-09-14 15:35:11,+756.14,+024.80,+00.008,+00.008,+00.000,Air
2026-09-14 15:35:13,+756.21,+024.82,+00.000,+00.000,+00.000,Air
2026-09-14 15:35:15,+756.22,+024.80,+00.001,+00.001,+00.000,Air
2026-09-14 15:35:17,+756.20,+024.82,+00.000,+00.000,+00.000,Air
2026-09-14 15:35:19,+756.22,+024.81,+00.000,+00.000,+00.000,Air
2026-09-14 15:35:21,+756.16,+024.79,+00.000,+00.000,+00.000,Air
2026-09-14 15:35:23,+756.22,+024.77,+00.000,+00.000,+00.000,Air
2026-09-14 15:35:25,+756.23,+024.82,+00.000,+00.000,+00.000,Air
2026-09-14 15:35:27,+756.28,+024.80,+00.000,+00.000,+00.000,Air
2026-09-14 15:35:29,+756.17,+024.78,+00.000,+00.000,+00.000,Air
2026-09-14 15:35:31,+756.23,+024.76,+00.025,+00.025,+00.000,Air
2026-09-14 15:35:33,+756.10,+024.84,+00.000,+00.000,+00.000,Air
2026-09-14 15:35:35,+756.19,+024.80,+00.000,+00.000,+00.000,Air
2026-09-14 15:35:37,+756.14,+024.79,+00.001,+00.001,+00.000,Air
2026-09-14 15:35:39,+756.13,+024.80,+00.001,+00.001,+00.000,Air
2026-09-14 15:35:41,+756.18,+024.78,+00.000,+00.000,+00.000,Air
2026-09-14 15:35:43,+756.29,+024.83,+00.008,+00.008,+00.000,Air
2026-09-14 15:35:45,+756.28,+024.80,+00.028,+00.028,+00.000,Air
2026-09-14 15:35:47,+756.25,+024.78,+00.005,+00.005,+00.000,Air
2026-09-14 15:35:49,+756.30,+024.81,+00.001,+00.001,+00.000,Air
2026-09-14 15:35:51,+756.23,+024.81,+00.000,+00.000,+00.000,Air
2026-09-14 15:35:53,+756.22,+024.81,+00.040,+00.040,+00.000,Air
2026-09-14 15:35:55,+756.16,+024.81,+00.006,+00.006,+00.000,Air
2026-09-14 15:35:57,+756.20,+024.80,+00.008,+00.008,+00.000,Air
2026-09-14 15:35:59,+756.25,+024.83,+00.000,+00.000,+00.000,Air
2026-09-14 15:36:01,+756.20,+024.81,+00.016,+00.016,+00.000,Air
2026-09-14 15:36:03,+756.15,+024.79,+00.000,+00.000,+00.000,Air
2026-09-14 15:36:05,+756.11,+024.82,+00.003,+00.003,+00.000,Air
2026-09-14 15:36:07,+756.20,+024.80,+00.000,+00.000,+00.000,Air
2026-09-14 15:36:09,+756.27,+024.79,+00.018,+00.018,+00.000,Air
2026-09-14 15:36:11,+756.19,+024.80,+00.000,+00.000,+00.000,Air
2026-09-14 15:36:13,+756.10,+024.78,+00.000,+00.000,+00.000,Air
2026-09-14 15:36:15,+756.08,+024.79,+00.013,+00.013,+00.000,Air
2026-09-14 15:36:17,+756.24,+024.82,+00.000,+00.000,+00.000,Air
2026-09-14 15:36:19,+756.23,+024.80,+00.018,+00.018,+00.000,Air
2026-09-14 15:36:21,+756.12,+024.82,+00.000,+00.000,+00.000,Air
2026-09-14 15:36:23,+756.14,+024.79,+00.002,+00.002,+00.000,Air
2026-09-14 15:36:25,+756.15,+024.83,+00.000,+00.000,+00.000,Air
2026-09-14 15:36:27,+756.27,+024.82,+00.000,+00.000,+00.000,Air
2026-09-14 15:36:29,+756.15,+024.81,+00.013,+00.013,+00.000,Air
2026-09-14 15:36:31,+756.16,+024.79,+00.000,+00.000,+00.000,Air
2026-09-14 15:36:33,+756.06,+024.80,+00.000,+00.000,+00.000,Air
2026-09-14 15:36:35,+756.08,+024.80,+00.013,+00.013,+00.000,Air
2026-09-14 15:36:37,+756.16,+024.78,+00.017,+00.017,+00.000,Air
2026-09-14 15:36:39,+756.15,+024.79,+00.000,+00.000,+00.000,Air
2026-09-14 15:36:41,+756.24,+024.81,+00.017,+00.017,+00.000,Air
2026-09-14 15:36:43,+756.16,+024.85,+00.000,+00.000,+00.000,Air
2026-09-14 15:36:45,+756.18,+024.85,+00.000,+00.000,+00.000,Air
2026-09-14 15:36:47,+756.19,+024.80,+00.013,+00.013,+00.000,Air
2026-09-14 15:36:49,+756.16,+024.82,+00.000,+00.000,+00.000,Air
2026-09-14 15:36:51,+756.25,+024.82,+00.000,+00.000,+00.000,Air
2026-09-14 15:36:53,+756.21,+024.81,+00.000,+00.000,+00.000,Air
2026-09-14 15:36:55,+756.10,+024.82,+00.012,+00.012,+00.000,Air
2026-09-14 15:36:57,+756.24,+024.82,+00.000,+00.000,+00.000,Air
2026-09-14 15:36:59,+756.18,+024.80,+00.019,+00.019,+00.000,Air
2026-09-14 15:37:01,+756.14,+024.81,+00.000,+00.000,+00.000,Air
2026-09-14 15:37:03,+756.21,+024.79,+00.000,+00.000,+00.000,Air
2026-09-14 15:37:05,+756.15,+024.82,+00.000,+00.000,+00.000,Air
2026-09-14 15:37:07,+756.15,+024.81,+00.008,+00.008,+00.000,Air
2026-09-14 15:37:09,+756.11,+024.84,+00.000,+00.000,+00.000,Air
2026-09-14 15:37:11,+756.22,+024.79,+00.000,+00.000,+00.000,Air
2026-09-14 15:37:13,+756.16,+024.78,+00.001,+00.001,+00.000,Air
2026-09-14 15:37:15,+756.25,+024.81,+00.006,+00.006,+00.000,Air
2026-09-14 15:37:17,+756.10,+024.83,+00.000,+00.000,+00.000,Air
2026-09-14 15:37:19,+756.18,+024.79,+00.000,+00.000,+00.000,Air
2026-09-14 15:37:21,+756.22,+024.78,+00.023,+00.023,+00.000,Air
2026-09-14 15:37:23,+756.22,+024.78,+00.000,+00.000,+00.000,Air
2026-09-14 15:37:25,+756.18,+024.81,+00.000,+00.000,+00.000,Air
2026-09-14 15:37:27,+756.20,+024.80,+00.002,+00.002,+00.000,Air
2026-09-14 15:37:29,+756.13,+024.81,+00.000,+00.000,+00.000,Air
2026-09-14 15:37:31,+756.23,+024.74,+00.001,+00.001,+00.000,Air
2026-09-14 15:37:33,+756.24,+024.80,+00.000,+00.000,+00.000,Air
2026-09-14 15:37:35,+756.21,+024.80,+00.008,+00.008,+00.000,Air
2026-09-14 15:37:37,+756.24,+024.78,+00.000,+00.000,+00.000,Air
2026-09-14 15:37:39,+756.13,+024.84,+00.000,+00.000,+00.000,Air
2026-09-14 15:37:41,+756.21,+024.75,+00.033,+00.033,+00.000,Air
2026-09-14 15:37:43,+756.20,+024.82,+00.000,+00.000,+00.000,Air
2026-09-14 15:37:45,+756.17,+024.77,+00.000,+00.000,+00.000,Air
2026-09-14 15:37:47,+756.16,+024.81,+00.000,+00.000,+00.000,Air
2026-09-14 15:37:49,+756.15,+024.76,+00.029,+00.029,+00.000,Air
2026-09-14 15:37:51,+756.18,+024.77,+00.013,+00.013,+00.000,Air
2026-09-14 15:37:53,+756.14,+024.79,+00.006,+00.006,+00.000,Air
2026-09-14 15:37:55,+756.24,+024.82,+00.000,+00.000,+00.000,Air
2026-09-14 15:37:57,+756.09,+024.82,+00.000,+00.000,+00.000,Air
2026-09-14 15:37:59,+756.15,+024.79,+00.008,+00.008,+00.000,Air
2026-09-14 15:38:01,+756.11,+024.80,+00.000,+00.000,+00.000,Air
2026-09-14 15:38:03,+756.15,+024.79,+00.000,+00.000,+00.000,Air
2026-09-14 15:38:05,+756.22,+024.80,+00.011,+00.011,+00.000,Air
2026-09-14 15:38:07,+756.32,+024.78,+00.000,+00.000,+00.000,Air
2026-09-14 15:38:09,+756.16,+024.82,+00.000,+00.000,+00.000,Air
2026-09-14 15:38:11,+756.14,+024.78,+00.002,+00.002,+00.000,Air
2026-09-14 15:38:13,+756.17,+024.79,+00.000,+00.000,+00.000,Air
2026-09-14 15:38:15,+756.08,+024.80,+00.021,+00.021,+00.000,Air
2026-09-14 15:38:17,+756.12,+024.80,+00.000,+00.000,+00.000,Air
2026-09-14 15:38:19,+756.10,+024.81,+00.004,+00.004,+00.000,Air
2026-09-14 15:38:21,+756.12,+024.79,+00.003,+00.003,+00.000,Air
2026-09-14 15:38:23,+756.08,+024.83,+00.013,+00.013,+00.000,Air
2026-09-14 15:38:25,+756.22,+024.82,+00.016,+00.016,+00.000,Air
2026-09-14 15:38:27,+756.20,+024.78,+00.011,+00.011,+00.000,Air
2026-09-14 15:38:29,+756.06,+024.78,+00.019,+00.019,+00.000,Air
2026-09-14 15:38:31,+756.11,+024.85,+00.006,+00.006,+00.000,Air
2026-09-14 15:38:33,+756.12,+024.79,+00.000,+00.000,+00.000,Air
2026-09-14 15:38:35,+756.23,+024.79,+00.014,+00.014,+00.000,Air
2026-09-14 15:38:37,+756.13,+024.82,+00.000,+00.000,+00.000,Air
2026-09-14 15:38:39,+756.20,+024.76,+00.013,+00.013,+00.000,Air
2026-09-14 15:38:41,+756.23,+024.82,+00.032,+00.031,+00.000,Air
2026-09-14 15:38:43,+756.30,+024.79,+00.016,+00.016,+00.000,Air
2026-09-14 15:38:45,+756.15,+024.76,+00.015,+00.015,+00.000,Air
2026-09-14 15:38:47,+756.21,+024.80,+00.000,+00.000,+00.000,Air
2026-09-14 15:38:49,+756.04,+024.79,+00.000,+00.000,+00.000,Air
2026-09-14 15:38:51,+756.21,+024.78,+00.000,+00.000,+00.000,Air
2026-09-14 15:38:53,+756.15,+024.82,+00.011,+00.011,+00.000,Air
2026-09-14 15:38:55,+756.18,+024.81,+00.031,+00.031,+00.000,Air
2026-09-14 15:38:57,+756.12,+024.79,+00.000,+00.000,+00.000,Air
2026-09-14 15:38:59,+756.20,+024.77,+00.017,+00.017,+00.000,Air
2026-09-14 15:39:01,+756.18,+024.81,+00.015,+00.015,+00.000,Air
2026-09-14 15:39:03,+756.20,+024.81,+00.000,+00.000,+00.000,Air
2026-09-14 15:39:05,+756.15,+024.83,+00.000,+00.000,+00.000,Air
2026-09-14 15:39:07,+756.20,+024.80,+00.015,+00.015,+00.000,Air
2026-09-14 15:39:09,+756.23,+024.79,+00.000,+00.000,+00.000,Air
2026-09-14 15:39:11,+756.12,+024.81,+00.004,+00.004,+00.000,Air
2026-09-14 15:39:13,+756.09,+024.82,+00.000,+00.000,+00.000,Air
2026-09-14 15:39:15,+756.10,+024.76,+00.002,+00.002,+00.000,Air
2026-09-14 15:39:17,+756.14,+024.78,+00.008,+00.008,+00.000,Air
2026-09-14 15:39:19,+756.12,+024.77,+00.000,+00.000,+00.000,Air
2026-09-14 15:39:21,+756.22,+024.78,+00.000,+00.000,+00.000,Air
2026-09-14 15:39:23,+756.16,+024.80,+00.000,+00.000,+00.000,Air
2026-09-14 15:39:25,+756.06,+024.81,+00.003,+00.003,+00.000,Air
2026-09-14 15:39:27,+756.16,+024.76,+00.000,+00.000,+00.000,Air
2026-09-14 15:39:29,+756.15,+024.79,+00.006,+00.006,+00.000,Air
2026-09-14 15:39:31,+756.17,+024.81,+00.000,+00.000,+00.000,Air
2026-09-14 15:39:33,+756.25,+024.79,+00.000,+00.000,+00.000,Air
2026-09-14 15:39:35,+756.18,+024.80,+00.005,+00.005,+00.000,Air
2026-09-14 15:39:37,+756.18,+024.78,+00.009,+00.009,+00.000,Air
2026-09-14 15:39:39,+756.15,+024.78,+00.000,+00.000,+00.000,Air
2026-09-14 15:39:41,+756.13,+024.77,+00.019,+00.019,+00.000,Air
2026-09-14 15:39:43,+756.08,+024.81,+00.000,+00.000,+00.000,Air
2026-09-14 15:39:45,+756.07,+024.80,+00.000,+00.000,+00.000,Air
2026-09-14 15:39:47,+756.23,+024.81,+00.000,+00.000,+00.000,Air
2026-09-14 15:39:49,+756.14,+024.82,+00.000,+00.000,+00.000,Air
2026-09-14 15:39:51,+756.07,+024.76,+00.000,+00.000,+00.000,Air
2026-09-14 15:39:53,+756.12,+024.83,+00.000,+00.000,+00.000,Air
2026-09-14 15:39:55,+756.19,+024.77,+00.006,+00.006,+00.000,Air
2026-09-14 15:39:57,+756.19,+024.79,+00.011,+00.011,+00.000,Air
2026-09-14 15:39:59,+756.18,+024.79,+00.006,+00.006,+00.000,Air
2026-09-14 15:40:01,+756.18,+024.79,+00.002,+00.002,+00.000,Air
2026-09-14 15:40:03,+756.11,+024.78,+00.001,+00.001,+00.000,Air
2026-09-14 15:40:05,+756.13,+024.76,+00.021,+00.020,+00.000,Air
2026-09-14 15:40:07,+756.18,+024.79,+00.004,+00.004,+00.000,Air
2026-09-14 15:40:09,+756.06,+024.79,+00.001,+00.001,+00.000,Air
2026-09-14 15:40:11,+756.21,+024.76,+00.000,+00.000,+00.000,Air
2026-09-14 15:40:13,+756.16,+024.78,+00.013,+00.013,+00.000,Air
2026-09-14 15:40:15,+756.12,+024.79,+00.014,+00.013,+00.000,Air
2026-09-14 15:40:17,+756.19,+024.79,+00.034,+00.034,+00.000,Air
2026-09-14 15:40:19,+756.05,+024.79,+00.006,+00.006,+00.000,Air
2026-09-14 15:40:21,+756.16,+024.78,+00.000,+00.000,+00.000,Air
2026-09-14 15:40:23,+756.15,+024.77,+00.031,+00.031,+00.000,Air
2026-09-14 15:40:25,+756.12,+024.76,+00.005,+00.005,+00.000,Air
2026-09-14 15:40:27,+756.16,+024.80,+00.016,+00.016,+00.000,Air
2026-09-14 15:40:29,+756.03,+024.75,+00.000,+00.000,+00.000,Air
2026-09-14 15:40:31,+756.09,+024.79,+00.000,+00.000,+00.000,Air
2026-09-14 15:40:33,+756.09,+024.76,+00.000,+00.000,+00.000,Air
2026-09-14 15:40:35,+756.23,+024.82,+00.029,+00.029,+00.000,Air
2026-09-14 15:40:37,+756.15,+024.80,+00.000,+00.000,+00.000,Air
2026-09-14 15:40:39,+756.15,+024.75,+00.000,+00.000,+00.000,Air
2026-09-14 15:40:41,+756.17,+024.78,+00.000,+00.000,+00.000,Air
2026-09-14 15:40:43,+756.21,+024.79,+00.000,+00.000,+00.000,Air
2026-09-14 15:40:45,+756.13,+024.77,+00.018,+00.018,+00.000,Air
2026-09-14 15:40:47,+756.11,+024.79,+00.000,+00.000,+00.000,Air
2026-09-14 15:40:49,+756.12,+024.78,+00.006,+00.006,+00.000,Air
2026-09-14 15:40:51,+756.21,+024.81,+00.000,+00.000,+00.000,Air
2026-09-14 15:40:53,+756.14,+024.77,+00.000,+00.000,+00.000,Air
2026-09-14 15:40:55,+756.10,+024.81,+00.000,+00.000,+00.000,Air
2026-09-14 15:40:57,+756.16,+024.81,+00.014,+00.014,+00.000,Air
2026-09-14 15:40:59,+756.15,+024.81,+00.024,+00.024,+00.000,Air
2026-09-14 15:41:01,+756.14,+024.82,+00.027,+00.027,+00.000,Air
2026-09-14 15:41:03,+756.10,+024.81,+00.001,+00.001,+00.000,Air
2026-09-14 15:41:05,+756.09,+024.75,+00.000,+00.000,+00.000,Air
2026-09-14 15:41:07,+756.10,+024.76,+00.018,+00.018,+00.000,Air
2026-09-14 15:41:09,+756.20,+024.76,+00.029,+00.029,+00.000,Air
2026-09-14 15:41:11,+756.20,+024.78,+00.016,+00.016,+00.000,Air
2026-09-14 15:41:13,+756.18,+024.78,+00.009,+00.009,+00.000,Air
2026-09-14 15:41:15,+756.06,+024.79,+00.003,+00.003,+00.000,Air
2026-09-14 15:41:17,+756.24,+024.81,+00.015,+00.015,+00.000,Air
2026-09-14 15:41:19,+756.05,+024.76,+00.000,+00.000,+00.000,Air
2026-09-14 15:41:21,+756.21,+024.81,+00.001,+00.001,+00.000,Air
2026-09-14 15:41:23,+756.07,+024.76,+00.000,+00.000,+00.000,Air
2026-09-14 15:41:25,+756.15,+024.76,+00.000,+00.000,+00.000,Air
2026-09-14 15:41:27,+756.16,+024.76,+00.008,+00.008,+00.000,Air
2026-09-14 15:41:29,+756.07,+024.80,+00.000,+00.000,+00.000,Air
2026-09-14 15:41:31,+756.14,+024.80,+00.017,+00.017,+00.000,Air
2026-09-14 15:41:33,+756.14,+024.78,+00.000,+00.000,+00.000,Air
2026-09-14 15:41:35,+756.14,+024.80,+00.018,+00.018,+00.000,Air
2026-09-14 15:41:37,+756.11,+024.78,+00.000,+00.000,+00.000,Air
2026-09-14 15:41:39,+756.08,+024.79,+00.000,+00.000,+00.000,Air
2026-09-14 15:41:41,+756.08,+024.79,+00.001,+00.001,+00.000,Air
2026-09-14 15:41:43,+756.16,+024.77,+00.000,+00.000,+00.000,Air
2026-09-14 15:41:45,+756.09,+024.81,+00.000,+00.000,+00.000,Air
2026-09-14 15:41:47,+756.14,+024.76,+00.014,+00.013,+00.000,Air
2026-09-14 15:41:49,+756.13,+024.80,+00.011,+00.011,+00.000,Air
2026-09-14 15:41:51,+756.13,+024.79,+00.000,+00.000,+00.000,Air
2026-09-14 15:41:53,+756.16,+024.78,+00.000,+00.000,+00.000,Air
2026-09-14 15:41:55,+756.13,+024.77,+00.000,+00.000,+00.000,Air
2026-09-14 15:41:57,+756.17,+024.77,+00.000,+00.000,+00.000,Air
2026-09-14 15:41:59,+756.08,+024.79,+00.023,+00.023,+00.000,Air
2026-09-14 15:42:01,+755.96,+024.77,+00.000,+00.000,+00.000,Air
2026-09-14 15:42:03,+756.13,+024.78,+00.000,+00.000,+00.000,Air
2026-09-14 15:42:05,+756.12,+024.76,+00.000,+00.000,+00.000,Air
2026-09-14 15:42:07,+756.14,+024.81,+00.000,+00.000,+00.000,Air
2026-09-14 15:42:09,+756.03,+024.78,+00.018,+00.018,+00.000,Air
2026-09-14 15:42:11,+756.28,+024.78,+00.006,+00.006,+00.000,Air
2026-09-14 15:42:13,+756.09,+024.78,+00.000,+00.000,+00.000,Air
2026-09-14 15:42:15,+756.14,+024.81,+00.002,+00.002,+00.000,Air
2026-09-14 15:42:17,+756.12,+024.78,+00.000,+00.000,+00.000,Air
2026-09-14 15:42:19,+756.09,+024.77,+00.001,+00.001,+00.000,Air
2026-09-14 15:42:21,+756.10,+024.80,+00.003,+00.003,+00.000,Air
2026-09-14 15:42:23,+756.10,+024.78,+00.008,+00.008,+00.000,Air
2026-09-14 15:42:25,+756.07,+024.78,+00.013,+00.013,+00.000,Air
2026-09-14 15:42:27,+756.17,+024.79,+00.012,+00.012,+00.000,Air
2026-09-14 15:42:29,+756.09,+024.80,+00.008,+00.008,+00.000,Air
2026-09-14 15:42:31,+756.16,+024.72,+00.000,+00.000,+00.000,Air
2026-09-14 15:42:33,+756.09,+024.79,+00.001,+00.001,+00.000,Air
2026-09-14 15:42:35,+756.12,+024.82,+00.000,+00.000,+00.000,Air
2026-09-14 15:42:37,+756.17,+024.79,+00.004,+00.004,+00.000,Air
2026-09-14 15:42:39,+756.01,+024.77,+00.000,+00.000,+00.000,Air
2026-09-14 15:42:41,+756.11,+024.79,+00.000,+00.000,+00.000,Air
2026-09-14 15:42:43,+756.15,+024.77,+00.000,+00.000,+00.000,Air
2026-09-14 15:42:45,+756.14,+024.79,+00.011,+00.011,+00.000,Air
2026-09-14 15:42:47,+756.16,+024.79,+00.000,+00.000,+00.000,Air
2026-09-14 15:42:49,+756.15,+024.77,+00.004,+00.004,+00.000,Air
2026-09-14 15:42:51,+756.12,+024.77,+00.000,+00.000,+00.000,Air
2026-09-14 15:42:53,+756.04,+024.76,+00.000,+00.000,+00.000,Air
2026-09-14 15:42:55,+756.04,+024.78,+00.016,+00.016,+00.000,Air
2026-09-14 15:42:57,+756.12,+024.80,+00.015,+00.015,+00.000,Air
2026-09-14 15:42:59,+756.14,+024.74,+00.000,+00.000,+00.000,Air
2026-09-14 15:43:01,+756.05,+024.79,+00.000,+00.000,+00.000,Air
2026-09-14 15:43:03,+756.04,+024.78,+00.000,+00.000,+00.000,Air
2026-09-14 15:43:05,+756.19,+024.78,+00.011,+00.011,+00.000,Air
2026-09-14 15:43:07,+756.09,+024.75,+00.008,+00.008,+00.000,Air
2026-09-14 15:43:09,+756.09,+024.78,+00.024,+00.024,+00.000,Air
2026-09-14 15:43:11,+756.15,+024.75,+00.011,+00.011,+00.000,Air
2026-09-14 15:43:13,+756.09,+024.77,+00.000,+00.000,+00.000,Air
2026-09-14 15:43:15,+756.11,+024.79,+00.015,+00.015,+00.000,Air
2026-09-14 15:43:17,+756.20,+024.78,+00.020,+00.020,+00.000,Air
2026-09-14 15:43:19,+756.14,+024.78,+00.000,+00.000,+00.000,Air
2026-09-14 15:43:21,+756.12,+024.77,+00.000,+00.000,+00.000,Air
2026-09-14 15:43:23,+756.10,+024.80,+00.013,+00.013,+00.000,Air
2026-09-14 15:43:25,+756.17,+024.79,+00.017,+00.017,+00.000,Air
2026-09-14 15:43:27,+756.14,+024.79,+00.000,+00.000,+00.000,Air
2026-09-14 15:43:29,+756.16,+024.73,+00.000,+00.000,+00.000,Air
2026-09-14 15:43:31,+756.11,+024.80,+00.018,+00.018,+00.000,Air
2026-09-14 15:43:33,+756.10,+024.78,+00.013,+00.013,+00.000,Air
2026-09-14 15:43:35,+756.11,+024.74,+00.000,+00.000,+00.000,Air
2026-09-14 15:43:37,+756.11,+024.76,+00.000,+00.000,+00.000,Air
2026-09-14 15:43:39,+756.10,+024.77,+00.000,+00.000,+00.000,Air
2026-09-14 15:43:41,+756.11,+024.77,+00.000,+00.000,+00.000,Air
2026-09-14 15:43:43,+756.11,+024.77,+00.000,+00.000,+00.000,Air
2026-09-14 15:43:45,+756.14,+024.77,+00.002,+00.002,+00.000,Air
2026-09-14 15:43:47,+756.11,+024.75,+00.000,+00.000,+00.000,Air
2026-09-14 15:43:49,+756.00,+024.76,+00.000,+00.000,+00.000,Air
2026-09-14 15:43:51,+756.15,+024.77,+00.000,+00.000,+00.000,Air
2026-09-14 15:43:53,+756.03,+024.74,+00.000,+00.000,+00.000,Air
2026-09-14 15:43:55,+756.10,+024.77,+00.000,+00.000,+00.000,Air
2026-09-14 15:43:57,+756.12,+024.80,+00.010,+00.010,+00.000,Air
2026-09-14 15:43:59,+756.17,+024.77,+00.000,+00.000,+00.000,Air
2026-09-14 15:44:01,+756.09,+024.79,+00.000,+00.000,+00.000,Air
2026-09-14 15:44:03,+756.12,+024.76,+00.000,+00.000,+00.000,Air
2026-09-14 15:44:05,+756.10,+024.78,+00.000,+00.000,+00.000,Air
2026-09-14 15:44:07,+756.15,+024.75,+00.006,+00.006,+00.000,Air
2026-09-14 15:44:09,+756.08,+024.78,+00.000,+00.000,+00.000,Air
2026-09-14 15:44:11,+756.12,+024.76,+00.000,+00.000,+00.000,Air
2026-09-14 15:44:13,+756.03,+024.77,+00.000,+00.000,+00.000,Air
2026-09-14 15:44:15,+756.05,+024.76,+00.006,+00.006,+00.000,Air
2026-09-14 15:44:17,+756.02,+024.76,+00.012,+00.012,+00.000,Air
2026-09-14 15:44:19,+756.06,+024.76,+00.016,+00.016,+00.000,Air
2026-09-14 15:44:21,+756.16,+024.75,+00.031,+00.031,+00.000,Air
2026-09-14 15:44:23,+756.07,+024.80,+00.007,+00.007,+00.000,Air
2026-09-14 15:44:25,+756.07,+024.78,+00.004,+00.004,+00.000,Air
2026-09-14 15:44:27,+756.08,+024.75,+00.001,+00.001,+00.000,Air
2026-09-14 15:44:29,+756.12,+024.77,+00.007,+00.007,+00.000,Air
2026-09-14 15:44:31,+756.01,+024.78,+00.038,+00.038,+00.000,Air
2026-09-14 15:44:33,+756.09,+024.81,+00.000,+00.000,+00.000,Air
2026-09-14 15:44:35,+756.06,+024.74,+00.013,+00.013,+00.000,Air
2026-09-14 15:44:37,+756.10,+024.77,+00.005,+00.005,+00.000,Air
2026-09-14 15:44:39,+756.17,+024.77,+00.013,+00.013,+00.000,Air
2026-09-14 15:44:41,+756.09,+024.77,+00.000,+00.000,+00.000,Air
2026-09-14 15:44:43,+756.08,+024.78,+00.000,+00.000,+00.000,Air
2026-09-14 15:44:45,+756.04,+024.77,+00.000,+00.000,+00.000,Air
2026-09-14 15:44:47,+756.07,+024.73,+00.000,+00.000,+00.000,Air
2026-09-14 15:44:49,+756.15,+024.78,+00.014,+00.014,+00.000,Air
2026-09-14 15:44:51,+756.02,+024.74,+00.000,+00.000,+00.000,Air
2026-09-14 15:44:53,+756.11,+024.80,+00.002,+00.002,+00.000,Air
2026-09-14 15:44:55,+756.10,+024.76,+00.000,+00.000,+00.000,Air
2026-09-14 15:44:57,+756.13,+024.75,+00.000,+00.000,+00.000,Air
2026-09-14 15:44:59,+756.16,+024.76,+00.000,+00.000,+00.000,Air
2026-09-14 15:45:01,+756.06,+024.74,+00.000,+00.000,+00.000,Air
2026-09-14 15:45:03,+756.09,+024.77,+00.017,+00.017,+00.000,Air
2026-09-14 15:45:05,+756.11,+024.77,+00.000,+00.000,+00.000,Air
2026-09-14 15:45:07,+756.15,+024.76,+00.021,+00.020,+00.000,Air
2026-09-14 15:45:09,+756.06,+024.78,+00.000,+00.000,+00.000,Air
2026-09-14 15:45:11,+756.20,+024.78,+00.004,+00.004,+00.000,Air
2026-09-14 15:45:13,+756.07,+024.78,+00.000,+00.000,+00.000,Air
2026-09-14 15:45:15,+756.11,+024.78,+00.016,+00.016,+00.000,Air
2026-09-14 15:45:17,+756.10,+024.78,+00.000,+00.000,+00.000,Air
2026-09-14 15:45:19,+756.09,+024.77,+00.000,+00.000,+00.000,Air
2026-09-14 15:45:21,+756.07,+024.76,+00.033,+00.033,+00.000,Air
2026-09-14 15:45:23,+756.02,+024.73,+00.001,+00.001,+00.000,Air
2026-09-14 15:45:25,+756.04,+024.76,+00.000,+00.000,+00.000,Air
2026-09-14 15:45:27,+756.07,+024.71,+00.011,+00.011,+00.000,Air
2026-09-14 15:45:29,+756.08,+024.76,+00.000,+00.000,+00.000,Air
2026-09-14 15:45:31,+756.14,+024.73,+00.000,+00.000,+00.000,Air
2026-09-14 15:45:33,+756.04,+024.80,+00.000,+00.000,+00.000,Air
2026-09-14 15:45:35,+755.96,+024.77,+00.000,+00.000,+00.000,Air
2026-09-14 15:45:37,+756.01,+024.78,+00.002,+00.002,+00.000,Air
2026-09-14 15:45:39,+756.09,+024.81,+00.000,+00.000,+00.000,Air
2026-09-14 15:45:41,+756.16,+024.77,+00.009,+00.009,+00.000,Air
2026-09-14 15:45:43,+756.06,+024.76,+00.006,+00.006,+00.000,Air
2026-09-14 15:45:45,+756.00,+024.76,+00.012,+00.012,+00.000,Air
2026-09-14 15:45:47,+756.08,+024.77,+00.000,+00.000,+00.000,Air
2026-09-14 15:45:49,+756.12,+024.79,+00.000,+00.000,+00.000,Air
2026-09-14 15:45:51,+756.07,+024.79,+00.000,+00.000,+00.000,Air
2026-09-14 15:45:53,+756.08,+024.76,+00.000,+00.000,+00.000,Air
2026-09-14 15:45:55,+755.92,+024.78,+00.010,+00.010,+00.000,Air
2026-09-14 15:45:57,+756.09,+024.81,+00.000,+00.000,+00.000,Air
2026-09-14 15:45:59,+756.08,+024.73,+00.000,+00.000,+00.000,Air
2026-09-14 15:46:01,+756.04,+024.77,+00.000,+00.000,+00.000,Air
2026-09-14 15:46:03,+756.05,+024.74,+00.000,+00.000,+00.000,Air
2026-09-14 15:46:05,+756.01,+024.77,+00.023,+00.023,+00.000,Air
2026-09-14 15:46:07,+756.08,+024.74,+00.007,+00.007,+00.000,Air
2026-09-14 15:46:09,+756.09,+024.78,+00.000,+00.000,+00.000,Air
2026-09-14 15:46:11,+756.05,+024.75,+00.007,+00.007,+00.000,Air
2026-09-14 15:46:13,+756.08,+024.75,+00.000,+00.000,+00.000,Air
2026-09-14 15:46:15,+756.06,+024.73,+00.000,+00.000,+00.000,Air
2026-09-14 15:46:17,+755.97,+024.75,+00.006,+00.006,+00.000,Air
2026-09-14 15:46:19,+756.06,+024.77,+00.000,+00.000,+00.000,Air
2026-09-14 15:46:21,+756.10,+024.77,+00.000,+00.000,+00.000,Air
2026-09-14 15:46:23,+756.02,+024.73,+00.000,+00.000,+00.000,Air
2026-09-14 15:46:25,+756.07,+024.76,+00.004,+00.004,+00.000,Air
2026-09-14 15:46:27,+756.08,+024.75,+00.007,+00.006,+00.000,Air
2026-09-14 15:46:29,+756.08,+024.77,+00.006,+00.006,+00.000,Air
2026-09-14 15:46:31,+756.11,+024.78,+00.005,+00.005,+00.000,Air
2026-09-14 15:46:33,+755.97,+024.73,+00.005,+00.005,+00.000,Air
2026-09-14 15:46:35,+756.10,+024.73,+00.000,+00.000,+00.000,Air
2026-09-14 15:46:37,+756.03,+024.77,+00.024,+00.023,+00.000,Air
2026-09-14 15:46:39,+756.04,+024.76,+00.023,+00.023,+00.000,Air
2026-09-14 15:46:41,+756.02,+024.76,+00.025,+00.024,+00.000,Air
2026-09-14 15:46:43,+755.94,+024.78,+00.000,+00.000,+00.000,Air
2026-09-14 15:46:45,+756.09,+024.75,+00.000,+00.000,+00.000,Air
2026-09-14 15:46:47,+756.04,+024.75,+00.013,+00.013,+00.000,Air
2026-09-14 15:46:49,+756.01,+024.80,+00.000,+00.000,+00.000,Air
2026-09-14 15:46:51,+756.06,+024.77,+00.009,+00.009,+00.000,Air
2026-09-14 15:46:53,+756.12,+024.75,+00.023,+00.023,+00.000,Air
2026-09-14 15:46:55,+756.03,+024.75,+00.003,+00.003,+00.000,Air
2026-09-14 15:46:57,+755.99,+024.74,+00.000,+00.000,+00.000,Air
2026-09-14 15:46:59,+756.03,+024.76,+00.000,+00.000,+00.000,Air
2026-09-14 15:47:01,+756.02,+024.76,+00.016,+00.016,+00.000,Air
2026-09-14 15:47:03,+756.05,+024.77,+00.016,+00.016,+00.000,Air
2026-09-14 15:47:05,+756.02,+024.75,+00.014,+00.014,+00.000,Air
2026-09-14 15:47:07,+756.05,+024.76,+00.000,+00.000,+00.000,Air
2026-09-14 15:47:09,+756.02,+024.76,+00.000,+00.000,+00.000,Air
2026-09-14 15:47:11,+756.07,+024.77,+00.012,+00.012,+00.000,Air
2026-09-14 15:47:13,+756.07,+024.74,+00.031,+00.031,+00.000,Air
2026-09-14 15:47:15,+756.12,+024.76,+00.026,+00.026,+00.000,Air
2026-09-14 15:47:17,+756.04,+024.78,+00.000,+00.000,+00.000,Air
2026-09-14 15:47:19,+756.00,+024.77,+00.003,+00.003,+00.000,Air
2026-09-14 15:47:21,+755.99,+024.73,+00.000,+00.000,+00.000,Air
2026-09-14 15:47:23,+756.02,+024.76,+00.011,+00.011,+00.000,Air
2026-09-14 15:47:25,+756.09,+024.75,+00.006,+00.006,+00.000,Air
2026-09-14 15:47:27,+756.05,+024.75,+00.000,+00.000,+00.000,Air
2026-09-14 15:47:29,+756.02,+024.75,+00.011,+00.011,+00.000,Air
2026-09-14 15:47:31,+756.05,+024.77,+00.000,+00.000,+00.000,Air
2026-09-14 15:47:33,+756.05,+024.75,+00.003,+00.003,+00.000,Air
2026-09-14 15:47:35,+756.10,+024.69,+00.000,+00.000,+00.000,Air
2026-09-14 15:47:37,+756.12,+024.76,+00.000,+00.000,+00.000,Air
2026-09-14 15:47:39,+755.94,+024.77,+00.000,+00.000,+00.000,Air
2026-09-14 15:47:41,+756.00,+024.76,+00.008,+00.008,+00.000,Air
2026-09-14 15:47:43,+756.02,+024.75,+00.000,+00.000,+00.000,Air
2026-09-14 15:47:45,+756.01,+024.73,+00.023,+00.022,+00.000,Air
2026-09-14 15:47:47,+756.01,+024.74,+00.017,+00.017,+00.000,Air
2026-09-14 15:47:49,+756.01,+024.74,+00.000,+00.000,+00.000,Air
2026-09-14 15:47:51,+755.99,+024.73,+00.000,+00.000,+00.000,Air
2026-09-14 15:47:53,+755.99,+024.74,+00.000,+00.000,+00.000,Air
2026-09-14 15:47:55,+756.08,+024.74,+00.027,+00.027,+00.000,Air
2026-09-14 15:47:57,+756.06,+024.74,+00.000,+00.000,+00.000,Air
2026-09-14 15:47:59,+756.00,+024.75,+00.007,+00.007,+00.000,Air
2026-09-14 15:48:01,+756.06,+024.76,+00.001,+00.001,+00.000,Air
2026-09-14 15:48:03,+756.07,+024.74,+00.002,+00.002,+00.000,Air
2026-09-14 15:48:05,+755.95,+024.74,+00.000,+00.000,+00.000,Air
2026-09-14 15:48:07,+756.03,+024.74,+00.000,+00.000,+00.000,Air
2026-09-14 15:48:09,+756.00,+024.79,+00.000,+00.000,+00.000,Air
2026-09-14 15:48:11,+756.02,+024.75,+00.015,+00.015,+00.000,Air
2026-09-14 15:48:13,+756.03,+024.72,+00.021,+00.021,+00.000,Air
2026-09-14 15:48:15,+756.04,+024.74,+00.017,+00.017,+00.000,Air
2026-09-14 15:48:17,+756.11,+024.76,+00.000,+00.000,+00.000,Air
2026-09-14 15:48:19,+756.02,+024.74,+00.013,+00.012,+00.000,Air
2026-09-14 15:48:21,+756.06,+024.75,+00.000,+00.000,+00.000,Air
2026-09-14 15:48:23,+756.06,+024.74,+00.000,+00.000,+00.000,Air
2026-09-14 15:48:25,+756.02,+024.76,+00.000,+00.000,+00.000,Air
2026-09-14 15:48:27,+756.09,+024.75,+00.003,+00.003,+00.000,Air
2026-09-14 15:48:29,+756.02,+024.75,+00.000,+00.000,+00.000,Air
2026-09-14 15:48:31,+756.07,+024.73,+00.039,+00.039,+00.000,Air
2026-09-14 15:48:33,+756.09,+024.74,+00.007,+00.007,+00.000,Air
2026-09-14 15:48:35,+756.12,+024.75,+00.030,+00.030,+00.000,Air
2026-09-14 15:48:37,+756.06,+024.78,+00.000,+00.000,+00.000,Air
2026-09-14 15:48:39,+756.06,+024.75,+00.017,+00.017,+00.000,Air
2026-09-14 15:48:41,+755.98,+024.75,+00.000,+00.000,+00.000,Air
2026-09-14 15:48:43,+756.06,+024.78,+00.018,+00.018,+00.000,Air
2026-09-14 15:48:45,+756.09,+024.76,+00.000,+00.000,+00.000,Air
2026-09-14 15:48:47,+756.06,+024.72,+00.002,+00.002,+00.000,Air
2026-09-14 15:48:49,+755.98,+024.77,+00.008,+00.007,+00.000,Air
2026-09-14 15:48:51,+756.00,+024.74,+00.021,+00.021,+00.000,Air
2026-09-14 15:48:53,+756.00,+024.74,+00.000,+00.000,+00.000,Air
2026-09-14 15:48:55,+756.04,+024.73,+00.000,+00.000,+00.000,Air
2026-09-14 15:48:57,+756.06,+024.72,+00.017,+00.017,+00.000,Air
2026-09-14 15:48:59,+755.95,+024.76,+00.008,+00.008,+00.000,Air
2026-09-14 15:49:01,+755.98,+024.74,+00.006,+00.006,+00.000,Air
2026-09-14 15:49:03,+755.97,+024.74,+00.000,+00.000,+00.000,Air
2026-09-14 15:49:05,+756.07,+024.77,+00.000,+00.000,+00.000,Air
2026-09-14 15:49:07,+755.97,+024.73,+00.009,+00.009,+00.000,Air
2026-09-14 15:49:09,+756.02,+024.76,+00.002,+00.002,+00.000,Air
2026-09-14 15:49:11,+756.07,+024.77,+00.000,+00.000,+00.000,Air
2026-09-14 15:49:13,+756.04,+024.76,+00.000,+00.000,+00.000,Air
2026-09-14 15:49:15,+755.93,+024.76,+00.014,+00.014,+00.000,Air
2026-09-14 15:49:17,+755.98,+024.72,+00.029,+00.029,+00.000,Air
2026-09-14 15:49:19,+756.02,+024.76,+00.017,+00.017,+00.000,Air
2026-09-14 15:49:21,+756.01,+024.77,+00.017,+00.017,+00.000,Air
2026-09-14 15:49:23,+756.09,+024.74,+00.005,+00.005,+00.000,Air
2026-09-14 15:49:25,+755.99,+024.74,+00.000,+00.000,+00.000,Air
2026-09-14 15:49:27,+755.97,+024.76,+00.029,+00.029,+00.000,Air
2026-09-14 15:49:29,+756.01,+024.76,+00.000,+00.000,+00.000,Air
2026-09-14 15:49:31,+756.06,+024.69,+00.009,+00.009,+00.000,Air
2026-09-14 15:49:33,+756.05,+024.73,+00.000,+00.000,+00.000,Air
2026-09-14 15:49:35,+756.09,+024.76,+00.015,+00.015,+00.000,Air
2026-09-14 15:49:37,+755.99,+024.73,+00.000,+00.000,+00.000,Air
2026-09-14 15:49:39,+756.05,+024.71,+00.000,+00.000,+00.000,Air
2026-09-14 15:49:41,+756.04,+024.76,+00.008,+00.008,+00.000,Air
2026-09-14 15:49:43,+756.06,+024.73,+00.034,+00.034,+00.000,Air
2026-09-14 15:49:45,+756.01,+024.75,+00.000,+00.000,+00.000,Air
2026-09-14 15:49:47,+756.09,+024.77,+00.014,+00.014,+00.000,Air
2026-09-14 15:49:49,+755.99,+024.74,+00.000,+00.000,+00.000,Air
2026-09-14 15:49:51,+756.04,+024.76,+00.000,+00.000,+00.000,Air
2026-09-14 15:49:53,+755.94,+024.80,+00.000,+00.000,+00.000,Air
2026-09-14 15:49:55,+755.97,+024.71,+00.015,+00.015,+00.000,Air
2026-09-14 15:49:57,+756.10,+024.70,+00.041,+00.041,+00.000,Air
2026-09-14 15:49:59,+755.96,+024.77,+00.000,+00.000,+00.000,Air
2026-09-14 15:50:01,+756.03,+024.71,+00.000,+00.000,+00.000,Air
2026-09-14 15:50:03,+755.97,+024.78,+00.003,+00.003,+00.000,Air
2026-09-14 15:50:05,+755.97,+024.74,+00.015,+00.015,+00.000,Air
2026-09-14 15:50:07,+756.08,+024.74,+00.002,+00.002,+00.000,Air
2026-09-14 15:50:09,+756.04,+024.77,+00.018,+00.018,+00.000,Air
2026-09-14 15:50:11,+755.98,+024.71,+00.000,+00.000,+00.000,Air
2026-09-14 15:50:13,+755.98,+024.70,+00.000,+00.000,+00.000,Air
2026-09-14 15:50:15,+755.96,+024.75,+00.000,+00.000,+00.000,Air
2026-09-14 15:50:17,+756.03,+024.75,+00.002,+00.002,+00.000,Air
2026-09-14 15:50:19,+756.03,+024.76,+00.015,+00.015,+00.000,Air
2026-09-14 15:50:21,+756.02,+024.75,+00.000,+00.000,+00.000,Air
2026-09-14 15:50:23,+755.97,+024.75,+00.019,+00.019,+00.000,Air
2026-09-14 15:50:25,+755.95,+024.73,+00.013,+00.013,+00.000,Air
2026-09-14 15:50:27,+755.95,+024.72,+00.021,+00.021,+00.000,Air
2026-09-14 15:50:29,+756.02,+024.79,+00.002,+00.002,+00.000,Air
2026-09-14 15:50:31,+756.01,+024.72,+00.000,+00.000,+00.000,Air
2026-09-14 15:50:33,+755.96,+024.72,+00.027,+00.027,+00.000,Air
2026-09-14 15:50:35,+755.93,+024.73,+00.001,+00.001,+00.000,Air
2026-09-14 15:50:37,+755.98,+024.74,+00.000,+00.000,+00.000,Air
2026-09-14 15:50:39,+756.07,+024.75,+00.000,+00.000,+00.000,Air
2026-09-14 15:50:41,+755.91,+024.73,+00.000,+00.000,+00.000,Air
2026-09-14 15:50:43,+756.01,+024.70,+00.004,+00.004,+00.000,Air
2026-09-14 15:50:45,+755.97,+024.76,+00.000,+00.000,+00.000,Air
2026-09-14 15:50:47,+756.03,+024.71,+00.020,+00.020,+00.000,Air
2026-09-14 15:50:49,+755.99,+024.74,+00.000,+00.000,+00.000,Air
2026-09-14 15:50:51,+755.94,+024.71,+00.015,+00.015,+00.000,Air
2026-09-14 15:50:53,+756.00,+024.73,+00.000,+00.000,+00.000,Air
2026-09-14 15:50:55,+755.96,+024.72,+00.018,+00.018,+00.000,Air
2026-09-14 15:50:57,+756.08,+024.73,+00.000,+00.000,+00.000,Air
2026-09-14 15:50:59,+756.07,+024.73,+00.014,+00.014,+00.000,Air
2026-09-14 15:51:01,+756.02,+024.75,+00.000,+00.000,+00.000,Air
2026-09-14 15:51:03,+756.01,+024.71,+00.011,+00.011,+00.000,Air
2026-09-14 15:51:05,+756.01,+024.74,+00.000,+00.000,+00.000,Air
2026-09-14 15:51:07,+756.01,+024.75,+00.000,+00.000,+00.000,Air
2026-09-14 15:51:09,+755.97,+024.74,+00.012,+00.012,+00.000,Air
2026-09-14 15:51:11,+756.02,+024.76,+00.011,+00.011,+00.000,Air
2026-09-14 15:51:13,+756.00,+024.74,+00.003,+00.003,+00.000,Air
2026-09-14 15:51:15,+755.95,+024.74,+00.000,+00.000,+00.000,Air
2026-09-14 15:51:17,+755.87,+024.73,+00.009,+00.009,+00.000,Air
2026-09-14 15:51:19,+756.01,+024.73,+00.000,+00.000,+00.000,Air
2026-09-14 15:51:30,+755.90,+024.50,+00.000,+00.000,+00.000,Air
2026-09-14 15:55:04,+755.90,+024.50,+00.000,+00.000,+00.000,Air
2026-09-14 15:55:06,+755.90,+024.50,+00.000,+00.000,+00.000,Air
2026-09-14 15:55:08,+755.90,+024.50,+00.000,+00.000,+00.000,Air
2026-09-14 15:58:27,+755.90,+024.50,+00.000,+00.000,+00.000,Air
2026-09-14 15:58:29,+755.90,+024.50,+00.000,+00.000,+00.000,Air
2026-09-14 15:58:31,+755.90,+024.50,+00.000,+00.000,+00.000,Air
2026-09-14 16:05:37,+755.90,+024.50,+00.000,+00.000,+00.000,Air
2026-09-14 16:05:39,+755.90,+024.50,+00.000,+00.000,+00.000,Air
2026-09-14 16:05:41,+755.90,+024.50,+00.000,+00.000,+00.000,Air
2026-09-14 16:05:45,+755.90,+024.50,+00.000,+00.000,+00.000,Air
2026-09-14 16:05:47,+755.90,+024.50,+00.000,+00.000,+00.000,Air
2026-09-14 16:06:06,+755.90,+024.50,+00.000,+00.000,+00.000,Air
2026-09-14 16:06:08,+755.90,+024.50,+00.000,+00.000,+00.000,Air
2026-09-14 16:06:20,+755.90,+024.50,+00.000,+00.000,+00.000,Air
2026-09-14 16:06:22,+755.90,+024.50,+00.000,+00.000,+00.000,Air
2026-09-14 16:07:03,+755.90,+024.50,+00.000,+00.000,+00.000,Air
2026-09-14 16:07:05,+755.90,+024.50,+00.000,+00.000,+00.000,Air
2026-09-14 16:07:07,+755.90,+024.50,+00.000,+00.000,+00.000,Air
2026-09-14 16:12:30,+755.90,+024.50,+00.000,+00.000,+00.000,Air
2026-09-14 16:12:32,+755.90,+024.50,+00.000,+00.000,+00.000,Air
2026-09-14 16:13:00,+755.90,+024.50,+00.000,+00.000,+00.000,Air
2026-09-14 16:13:02,+755.90,+024.50,+00.000,+00.000,+00.000,Air
2026-09-14 16:13:04,+755.90,+024.50,+00.000,+00.000,+00.000,Air
2026-09-14 16:13:06,+755.90,+024.50,+00.000,+06.000,+06.000,Air
2026-09-14 16:23:37,+755.90,+024.50,+00.000,+00.000,+00.000,Air
2026-09-14 16:23:39,+755.90,+024.50,+00.000,+00.000,+00.000,Air
2026-09-14 16:23:41,+755.90,+024.50,+00.000,+00.000,+00.000,Air
