Time,abs_pressure_Torr,temperature_C,volumetric_flow_LPM,mass_flow_SLPM,gas_type
2026-09-14 13:51:21,+759.36,+024.99,+00.002,+00.002,Air
2026-09-14 13:51:23,+759.38,+025.00,+00.000,+00.000,Air
2026-09-14 13:51:25,+759.32,+024.99,+00.000,+00.000,Air
2026-09-14 13:51:27,+759.23,+024.99,+00.000,+00.000,Air
2026-09-14 13:51:29,+759.27,+025.02,+00.000,+00.000,Air
2026-09-14 13:51:31,+759.32,+024.97,+00.010,+00.010,Air
2026-09-14 13:51:33,+759.35,+025.00,+00.015,+00.015,Air
2026-09-14 13:51:35,+759.36,+025.02,+00.011,+00.011,Air
2026-09-14 13:51:37,+759.26,+025.03,+00.000,+00.000,Air
2026-09-14 13:51:39,+759.31,+025.00,+00.000,+00.000,Air
2026-09-14 13:51:41,+759.35,+025.02,+00.000,+00.000,Air
2026-09-14 13:51:43,+759.34,+024.98,+00.006,+00.006,Air
2026-09-14 13:51:45,+759.29,+024.98,+00.028,+00.028,Air
2026-09-14 13:51:47,+759.31,+024.98,+00.005,+00.005,Air
2026-09-14 13:51:49,+759.30,+025.03,+00.004,+00.004,Air
2026-09-14 13:51:51,+759.32,+024.98,+00.004,+00.004,Air
2026-09-14 13:51:53,+759.26,+025.01,+00.013,+00.013,Air
2026-09-14 13:51:55,+759.25,+025.00,+00.000,+00.000,Air
2026-09-14 13:51:57,+759.34,+025.00,+00.000,+00.000,Air
2026-09-14 13:51:59,+759.30,+024.99,+00.000,+00.000,Air
2026-09-14 13:52:01,+759.30,+024.99,+00.011,+00.011,Air
2026-09-14 13:52:03,+759.24,+025.00,+00.018,+00.018,Air
2026-09-14 13:52:05,+759.33,+025.00,+00.020,+00.020,Air
2026-09-14 13:52:07,+759.22,+024.98,+00.000,+00.000,Air
2026-09-14 13:52:09,+759.33,+025.03,+00.000,+00.000,Air
2026-09-14 13:52:11,+759.32,+024.95,+00.007,+00.007,Air
2026-09-14 13:52:13,+759.30,+024.99,+00.000,+00.000,Air
2026-09-14 13:52:15,+759.32,+025.02,+00.000,+00.000,Air
2026-09-14 13:52:17,+759.32,+025.00,+00.000,+00.000,Air
2026-09-14 13:52:19,+759.35,+025.00,+00.002,+00.002,Air
2026-09-14 13:52:21,+759.34,+025.02,+00.003,+00.003,Air
2026-09-14 13:52:23,+759.25,+024.99,+00.025,+00.025,Air
2026-09-14 13:52:25,+759.27,+024.98,+00.008,+00.008,Air
2026-09-14 13:52:27,+759.31,+025.00,+00.009,+00.009,Air
2026-09-14 13:52:29,+759.32,+024.99,+00.000,+00.000,Air
2026-09-14 13:52:31,+759.29,+025.03,+00.017,+00.017,Air
2026-09-14 13:52:33,+759.35,+024.99,+00.000,+00.000,Air
2026-09-14 13:52:35,+759.34,+024.99,+00.023,+00.023,Air
2026-09-14 13:52:37,+759.36,+025.01,+00.010,+00.010,Air
2026-09-14 13:52:39,+759.26,+025.01,+00.000,+00.000,Air
2026-09-14 13:52:41,+759.33,+024.99,+00.017,+00.017,Air
2026-09-14 13:52:43,+759.32,+024.98,+00.012,+00.012,Air
2026-09-14 13:52:45,+759.29,+024.99,+00.009,+00.009,Air
2026-09-14 13:52:47,+759.29,+025.01,+00.012,+00.012,Air
2026-09-14 13:52:49,+759.32,+024.99,+00.028,+00.028,Air
2026-09-14 13:52:51,+759.31,+025.00,+00.017,+00.017,Air
2026-09-14 13:52:53,+759.36,+024.97,+00.011,+00.011,Air
2026-09-14 13:52:55,+759.26,+025.02,+00.010,+00.010,Air
2026-09-14 13:52:57,+759.32,+025.03,+00.020,+00.020,Air
2026-09-14 13:52:59,+759.34,+024.98,+00.011,+00.011,Air
2026-09-14 13:53:01,+759.36,+025.03,+00.000,+00.000,Air
2026-09-14 13:53:03,+759.24,+024.99,+00.000,+00.000,Air
2026-09-14 13:53:05,+759.33,+025.04,+00.023,+00.023,Air
2026-09-14 13:53:07,+759.33,+025.05,+00.000,+00.000,Air
2026-09-14 13:53:09,+759.32,+025.03,+00.009,+00.009,Air
2026-09-14 13:53:11,+759.33,+025.03,+00.002,+00.002,Air
2026-09-14 13:53:13,+759.33,+025.01,+00.005,+00.005,Air
2026-09-14 13:53:15,+759.30,+025.01,+00.019,+00.019,Air
2026-09-14 13:53:17,+759.35,+025.01,+00.000,+00.000,Air
2026-09-14 13:53:19,+759.24,+025.01,+00.000,+00.000,Air
2026-09-14 13:53:21,+759.25,+025.01,+00.006,+00.006,Air
2026-09-14 13:53:23,+759.35,+024.99,+00.016,+00.016,Air
2026-09-14 13:53:25,+759.28,+025.01,+00.011,+00.011,Air
2026-09-14 13:53:27,+759.32,+025.01,+00.008,+00.008,Air
2026-09-14 13:53:29,+759.33,+024.99,+00.012,+00.012,Air
2026-09-14 13:53:31,+759.28,+025.02,+00.019,+00.019,Air
2026-09-14 13:53:33,+759.29,+024.99,+00.012,+00.012,Air
2026-09-14 13:53:35,+759.29,+025.00,+00.000,+00.000,Air
2026-09-14 13:53:37,+759.33,+025.03,+00.000,+00.000,Air
2026-09-14 13:53:39,+759.30,+025.04,+00.005,+00.005,Air
2026-09-14 13:53:41,+759.31,+024.99,+00.018,+00.018,Air
2026-09-14 13:53:43,+759.29,+024.99,+00.000,+00.000,Air
2026-09-14 13:53:45,+759.25,+025.03,+00.005,+00.005,Air
2026-09-14 13:53:47,+759.37,+025.03,+00.011,+00.011,Air
2026-09-14 13:53:49,+759.39,+025.01,+00.019,+00.019,Air
2026-09-14 13:53:51,+759.30,+025.00,+00.000,+00.000,Air
2026-09-14 13:53:53,+759.34,+024.98,+00.000,+00.000,Air
2026-09-14 13:53:55,+759.33,+025.01,+00.014,+00.014,Air
2026-09-14 13:53:57,+759.28,+024.99,+00.020,+00.020,Air
2026-09-14 13:53:59,+759.31,+024.99,+00.001,+00.001,Air
2026-09-14 13:54:01,+759.31,+025.03,+00.012,+00.012,Air
2026-09-14 13:54:03,+759.30,+024.98,+00.013,+00.013,Air
2026-09-14 13:54:05,+759.27,+025.01,+00.014,+00.014,Air
2026-09-14 13:54:07,+759.43,+025.01,+00.000,+00.000,Air
2026-09-14 13:54:09,+759.23,+025.00,+00.000,+00.000,Air
2026-09-14 13:54:11,+759.35,+025.01,+00.005,+00.005,Air
2026-09-14 13:54:13,+759.31,+025.00,+00.022,+00.022,Air
2026-09-14 13:54:15,+759.30,+025.02,+00.009,+00.009,Air
2026-09-14 13:54:17,+759.29,+025.02,+00.023,+00.023,Air
2026-09-14 13:54:19,+759.32,+024.98,+00.000,+00.000,Air
2026-09-14 13:54:21,+759.19,+024.97,+00.012,+00.012,Air
2026-09-14 13:54:23,+759.26,+024.99,+00.028,+00.028,Air
2026-09-14 13:54:25,+759.28,+024.99,+00.006,+00.006,Air
2026-09-14 13:54:27,+759.21,+025.04,+00.006,+00.006,Air
2026-09-14 13:54:29,+759.40,+025.01,+00.005,+00.005,Air
2026-09-14 13:54:31,+759.31,+025.00,+00.000,+00.000,Air
2026-09-14 13:54:33,+759.28,+025.02,+00.005,+00.005,Air
2026-09-14 13:54:35,+759.42,+025.02,+00.000,+00.000,Air
2026-09-14 13:54:37,+759.31,+025.03,+00.000,+00.000,Air
2026-09-14 13:54:39,+759.31,+025.03,+00.000,+00.000,Air
2026-09-14 13:54:41,+759.29,+025.04,+00.000,+00.000,Air
2026-09-14 13:54:43,+759.32,+025.00,+00.012,+00.012,Air
2026-09-14 13:54:45,+759.34,+025.02,+00.024,+00.024,Air
2026-09-14 13:54:47,+759.32,+025.01,+00.024,+00.024,Air
2026-09-14 13:54:49,+759.34,+024.96,+00.037,+00.037,Air
2026-09-14 13:54:51,+759.39,+025.00,+00.000,+00.000,Air
2026-09-14 13:54:53,+759.34,+025.04,+00.001,+00.001,Air
2026-09-14 13:54:55,+759.33,+024.99,+00.006,+00.006,Air
2026-09-14 13:54:57,+759.37,+025.02,+00.000,+00.000,Air
2026-09-14 13:54:59,+759.30,+024.99,+00.013,+00.013,Air
2026-09-14 13:55:01,+759.37,+025.01,+00.021,+00.021,Air
2026-09-14 13:55:03,+759.31,+025.00,+00.000,+00.000,Air
2026-09-14 13:55:05,+759.32,+024.98,+00.000,+00.000,Air
2026-09-14 13:55:07,+759.26,+025.02,+00.000,+00.000,Air
2026-09-14 13:55:09,+759.33,+025.00,+00.009,+00.009,Air
2026-09-14 13:55:11,+759.38,+025.02,+00.011,+00.011,Air
2026-09-14 13:55:13,+759.32,+025.04,+00.006,+00.006,Air
2026-09-14 13:55:15,+759.34,+025.00,+00.000,+00.000,Air
2026-09-14 13:55:17,+759.35,+025.01,+00.001,+00.001,Air
2026-09-14 13:55:19,+759.32,+025.02,+00.000,+00.000,Air
2026-09-14 13:55:21,+759.37,+025.03,+00.007,+00.007,Air
2026-09-14 13:55:23,+759.34,+025.01,+00.000,+00.000,Air
2026-09-14 13:55:25,+759.33,+025.01,+00.006,+00.006,Air
2026-09-14 13:55:27,+759.30,+025.02,+00.017,+00.017,Air
2026-09-14 13:55:29,+759.37,+025.01,+00.000,+00.000,Air
2026-09-14 13:55:31,+759.34,+025.02,+00.007,+00.007,Air
2026-09-14 13:55:33,+759.36,+025.01,+00.000,+00.000,Air
2026-09-14 13:55:35,+759.34,+025.00,+00.020,+00.020,Air
2026-09-14 13:55:37,+759.38,+025.02,+00.001,+00.001,Air
2026-09-14 13:55:39,+759.31,+025.02,+00.013,+00.013,Air
2026-09-14 13:55:41,+759.33,+025.03,+00.000,+00.000,Air
2026-09-14 13:55:43,+759.35,+024.99,+00.000,+00.000,Air
2026-09-14 13:55:45,+759.26,+025.02,+00.026,+00.026,Air
2026-09-14 13:55:47,+759.29,+025.00,+00.000,+00.000,Air
2026-09-14 13:55:49,+759.32,+024.98,+00.000,+00.000,Air
2026-09-14 13:55:51,+759.32,+024.99,+00.018,+00.018,Air
2026-09-14 13:55:53,+759.33,+024.99,+00.021,+00.021,Air
2026-09-14 13:55:55,+759.33,+025.02,+00.001,+00.001,Air
2026-09-14 13:55:57,+759.32,+025.03,+00.013,+00.013,Air
2026-09-14 13:55:59,+759.35,+025.04,+00.028,+00.028,Air
2026-09-14 13:56:01,+759.22,+025.01,+00.007,+00.007,Air
2026-09-14 13:56:03,+759.32,+025.02,+00.016,+00.016,Air
2026-09-14 13:56:05,+759.29,+025.04,+00.009,+00.009,Air
2026-09-14 13:56:07,+759.29,+025.03,+00.000,+00.000,Air
2026-09-14 13:56:09,+759.33,+025.00,+00.005,+00.005,Air
2026-09-14 13:56:11,+759.26,+025.01,+00.000,+00.000,Air
2026-09-14 13:56:13,+759.40,+025.02,+00.008,+00.008,Air
2026-09-14 13:56:15,+759.38,+025.01,+00.003,+00.003,Air
2026-09-14 13:56:17,+759.32,+025.06,+00.000,+00.000,Air
2026-09-14 13:56:19,+759.32,+025.01,+00.020,+00.020,Air
2026-09-14 13:56:21,+759.42,+025.01,+00.002,+00.002,Air
2026-09-14 13:56:23,+759.36,+025.02,+00.000,+00.000,Air
2026-09-14 13:56:25,+759.32,+025.03,+00.007,+00.007,Air
2026-09-14 13:56:27,+759.40,+025.00,+00.006,+00.006,Air
2026-09-14 13:56:29,+759.32,+025.02,+00.000,+00.000,Air
2026-09-14 13:56:31,+759.36,+025.02,+00.014,+00.014,Air
2026-09-14 13:56:33,+759.32,+025.00,+00.000,+00.000,Air
2026-09-14 13:56:35,+759.33,+025.03,+00.008,+00.008,Air
2026-09-14 13:56:37,+759.31,+025.00,+00.000,+00.000,Air
2026-09-14 13:56:39,+759.36,+025.05,+00.000,+00.000,Air
2026-09-14 13:56:41,+759.30,+025.02,+00.015,+00.015,Air
2026-09-14 13:56:43,+759.32,+025.00,+00.001,+00.001,Air
2026-09-14 13:56:45,+759.32,+025.02,+00.000,+00.000,Air
2026-09-14 13:56:47,+759.34,+025.02,+00.014,+00.014,Air
2026-09-14 13:56:49,+759.33,+025.00,+00.000,+00.000,Air
2026-09-14 13:56:51,+759.32,+025.02,+00.018,+00.018,Air
2026-09-14 13:56:53,+759.30,+025.01,+00.008,+00.008,Air
2026-09-14 13:56:55,+759.34,+025.03,+00.017,+00.017,Air
2026-09-14 13:56:57,+759.40,+025.00,+00.000,+00.000,Air
2026-09-14 13:56:59,+759.39,+025.00,+00.005,+00.005,Air
2026-09-14 13:57:01,+759.38,+025.02,+00.000,+00.000,Air
2026-09-14 13:57:03,+759.44,+025.00,+00.005,+00.005,Air
2026-09-14 13:57:05,+759.38,+025.01,+00.015,+00.015,Air
2026-09-14 13:57:07,+759.33,+025.03,+00.006,+00.006,Air
2026-09-14 13:57:09,+759.40,+025.00,+00.004,+00.004,Air
2026-09-14 13:57:11,+759.34,+025.02,+00.004,+00.004,Air
2026-09-14 13:57:13,+759.39,+025.01,+00.003,+00.003,Air
2026-09-14 13:57:15,+759.43,+024.98,+00.000,+00.000,Air
2026-09-14 13:57:17,+759.29,+025.00,+00.018,+00.018,Air
2026-09-14 13:57:19,+759.39,+025.01,+00.003,+00.003,Air
2026-09-14 13:57:21,+759.32,+025.02,+00.010,+00.010,Air
2026-09-14 13:57:23,+759.38,+025.02,+00.015,+00.015,Air
2026-09-14 13:57:25,+759.28,+024.97,+00.005,+00.005,Air
2026-09-14 13:57:27,+759.31,+025.05,+00.000,+00.000,Air
2026-09-14 13:57:29,+759.30,+025.00,+00.013,+00.013,Air
2026-09-14 13:57:31,+759.28,+025.06,+00.000,+00.000,Air
2026-09-14 13:57:33,+759.40,+025.03,+00.000,+00.000,Air
2026-09-14 13:57:35,+759.37,+025.00,+00.015,+00.015,Air
2026-09-14 13:57:37,+759.33,+025.05,+00.029,+00.029,Air
2026-09-14 13:57:39,+759.39,+024.98,+00.024,+00.024,Air
2026-09-14 13:57:41,+759.32,+025.03,+00.000,+00.000,Air
2026-09-14 13:57:43,+759.37,+025.03,+00.009,+00.009,Air
2026-09-14 13:57:45,+759.36,+024.98,+00.011,+00.011,Air
2026-09-14 13:57:47,+759.34,+025.04,+00.008,+00.008,Air
2026-09-14 13:57:49,+759.45,+025.02,+00.018,+00.018,Air
2026-09-14 13:57:51,+759.30,+025.02,+00.020,+00.019,Air
2026-09-14 13:57:53,+759.35,+025.04,+00.020,+00.020,Air
2026-09-14 13:57:55,+759.37,+025.01,+00.009,+00.009,Air
2026-09-14 13:57:57,+759.39,+025.03,+00.000,+00.000,Air
2026-09-14 13:57:59,+759.37,+025.02,+00.000,+00.000,Air
2026-09-14 13:58:01,+759.34,+025.04,+00.016,+00.016,Air
2026-09-14 13:58:03,+759.40,+025.01,+00.000,+00.000,Air
2026-09-14 13:58:05,+759.28,+025.02,+00.004,+00.004,Air
2026-09-14 13:58:07,+759.32,+025.02,+00.000,+00.000,Air
2026-09-14 13:58:09,+759.36,+025.03,+00.011,+00.011,Air
2026-09-14 13:58:11,+759.38,+025.01,+00.000,+00.000,Air
2026-09-14 13:58:13,+759.37,+024.99,+00.000,+00.000,Air
2026-09-14 13:58:15,+759.29,+025.02,+00.019,+00.019,Air
2026-09-14 13:58:17,+759.26,+025.02,+00.012,+00.012,Air
2026-09-14 13:58:19,+759.30,+025.04,+00.007,+00.007,Air
2026-09-14 13:58:21,+759.32,+025.04,+00.000,+00.000,Air
2026-09-14 13:58:23,+759.31,+025.04,+00.015,+00.015,Air
2026-09-14 13:58:25,+759.34,+025.00,+00.017,+00.017,Air
2026-09-14 13:58:27,+759.30,+025.04,+00.013,+00.013,Air
2026-09-14 13:58:29,+759.42,+025.07,+00.020,+00.020,Air
2026-09-14 13:58:31,+759.41,+025.03,+00.008,+00.008,Air
2026-09-14 13:58:33,+759.24,+025.02,+00.013,+00.013,Air
2026-09-14 13:58:35,+759.33,+025.03,+00.015,+00.015,Air
2026-09-14 13:58:37,+759.34,+025.00,+00.000,+00.000,Air
2026-09-14 13:58:39,+759.37,+025.04,+00.019,+00.019,Air
2026-09-14 13:58:41,+759.29,+025.01,+00.002,+00.002,Air
2026-09-14 13:58:43,+759.33,+025.05,+00.013,+00.013,Air
2026-09-14 13:58:45,+759.39,+025.03,+00.000,+00.000,Air
2026-09-14 13:58:47,+759.35,+025.03,+00.016,+00.016,Air
2026-09-14 13:58:49,+759.36,+025.05,+00.013,+00.013,Air
2026-09-14 13:58:51,+759.37,+025.06,+00.018,+00.018,Air
2026-09-14 13:58:53,+759.31,+025.03,+00.021,+00.021,Air
2026-09-14 13:58:55,+759.39,+025.03,+00.000,+00.000,Air
2026-09-14 13:58:57,+759.39,+025.02,+00.023,+00.023,Air
2026-09-14 13:58:59,+759.31,+025.00,+00.007,+00.007,Air
2026-09-14 13:59:01,+759.41,+025.03,+00.010,+00.010,Air
2026-09-14 13:59:03,+759.37,+025.01,+00.000,+00.000,Air
2026-09-14 13:59:05,+759.40,+025.08,+00.000,+00.000,Air
2026-09-14 13:59:07,+759.35,+025.05,+00.007,+00.007,Air
2026-09-14 13:59:09,+759.40,+025.00,+00.002,+00.002,Air
2026-09-14 13:59:11,+759.35,+025.07,+00.027,+00.027,Air
2026-09-14 13:59:13,+759.35,+025.02,+00.015,+00.015,Air
2026-09-14 13:59:15,+759.38,+024.99,+00.001,+00.001,Air
2026-09-14 13:59:17,+759.35,+025.01,+00.001,+00.001,Air
2026-09-14 13:59:19,+759.35,+025.05,+00.000,+00.000,Air
2026-09-14 13:59:21,+759.31,+024.97,+00.033,+00.033,Air
2026-09-14 13:59:23,+759.38,+025.01,+00.017,+00.017,Air
2026-09-14 13:59:25,+759.42,+025.01,+00.008,+00.008,Air
2026-09-14 13:59:27,+759.29,+025.05,+00.025,+00.025,Air
2026-09-14 13:59:29,+759.36,+025.00,+00.000,+00.000,Air
2026-09-14 13:59:31,+759.39,+025.04,+00.000,+00.000,Air
2026-09-14 13:59:33,+759.32,+025.06,+00.014,+00.014,Air
2026-09-14 13:59:35,+759.34,+025.04,+00.021,+00.021,Air
2026-09-14 13:59:37,+759.40,+025.03,+00.000,+00.000,Air
2026-09-14 13:59:39,+759.37,+025.05,+00.000,+00.000,Air
2026-09-14 13:59:41,+759.40,+024.99,+00.000,+00.000,Air
2026-09-14 13:59:43,+759.38,+025.01,+00.009,+00.009,Air
2026-09-14 13:59:45,+759.30,+025.01,+00.019,+00.019,Air
2026-09-14 13:59:47,+759.42,+025.04,+00.017,+00.017,Air
2026-09-14 13:59:49,+759.42,+025.05,+00.000,+00.000,Air
2026-09-14 13:59:51,+759.36,+025.04,+00.004,+00.004,Air
2026-09-14 13:59:53,+759.34,+025.03,+00.000,+00.000,Air
2026-09-14 13:59:55,+759.34,+025.06,+00.014,+00.014,Air
2026-09-14 13:59:57,+759.37,+025.03,+00.018,+00.018,Air
2026-09-14 13:59:59,+759.39,+025.09,+00.000,+00.000,Air
2026-09-14 14:00:01,+759.37,+025.05,+00.003,+00.003,Air
2026-09-14 14:00:03,+759.33,+025.01,+00.003,+00.003,Air
2026-09-14 14:00:05,+759.42,+025.01,+00.013,+00.013,Air
2026-09-14 14:00:07,+759.38,+025.03,+00.012,+00.012,Air
2026-09-14 14:00:09,+759.31,+025.06,+00.005,+00.005,Air
2026-09-14 14:00:11,+759.37,+025.05,+00.007,+00.007,Air
2026-09-14 14:00:13,+759.29,+025.02,+00.003,+00.003,Air
2026-09-14 14:00:15,+759.33,+025.04,+00.003,+00.003,Air
2026-09-14 14:00:17,+759.46,+025.02,+00.014,+00.014,Air
2026-09-14 14:00:19,+759.35,+025.06,+00.000,+00.000,Air
2026-09-14 14:00:21,+759.42,+025.06,+00.000,+00.000,Air
2026-09-14 14:00:23,+759.36,+025.00,+00.006,+00.006,Air
2026-09-14 14:00:25,+759.34,+025.01,+00.003,+00.003,Air
2026-09-14 14:00:27,+759.35,+025.03,+00.000,+00.000,Air
2026-09-14 14:00:29,+759.42,+025.00,+00.024,+00.024,Air
2026-09-14 14:00:31,+759.38,+025.06,+00.000,+00.000,Air
2026-09-14 14:00:33,+759.32,+025.03,+00.013,+00.013,Air
2026-09-14 14:00:35,+759.41,+025.01,+00.000,+00.000,Air
2026-09-14 14:00:37,+759.34,+025.03,+00.010,+00.010,Air
2026-09-14 14:00:39,+759.41,+025.03,+00.007,+00.007,Air
2026-09-14 14:00:41,+759.35,+025.04,+00.000,+00.000,Air
2026-09-14 14:00:43,+759.38,+025.05,+00.022,+00.022,Air
2026-09-14 14:00:45,+759.38,+025.03,+00.020,+00.020,Air
2026-09-14 14:00:47,+759.37,+025.05,+00.002,+00.002,Air
2026-09-14 14:00:49,+759.41,+024.99,+00.025,+00.025,Air
2026-09-14 14:00:51,+759.45,+025.00,+00.021,+00.021,Air
2026-09-14 14:00:53,+759.35,+025.03,+00.014,+00.014,Air
2026-09-14 14:00:55,+759.38,+024.99,+00.020,+00.020,Air
2026-09-14 14:00:57,+759.41,+025.02,+00.016,+00.016,Air
2026-09-14 14:00:59,+759.38,+025.03,+00.047,+00.047,Air
2026-09-14 14:01:01,+759.40,+025.05,+00.008,+00.008,Air
2026-09-14 14:01:03,+759.48,+025.04,+00.003,+00.003,Air
2026-09-14 14:01:05,+759.32,+025.03,+00.018,+00.018,Air
2026-09-14 14:01:07,+759.35,+025.03,+00.001,+00.001,Air
2026-09-14 14:01:09,+759.33,+025.04,+00.002,+00.002,Air
2026-09-14 14:01:11,+759.40,+025.02,+00.000,+00.000,Air
2026-09-14 14:01:13,+759.33,+025.01,+00.017,+00.017,Air
2026-09-14 14:01:15,+759.38,+025.01,+00.005,+00.005,Air
2026-09-14 14:01:17,+759.30,+025.04,+00.000,+00.000,Air
2026-09-14 14:01:19,+759.43,+025.03,+00.000,+00.000,Air
2026-09-14 14:01:21,+759.36,+025.08,+00.006,+00.006,Air
2026-09-14 14:01:23,+759.36,+025.05,+00.008,+00.008,Air
2026-09-14 14:01:25,+759.39,+025.04,+00.000,+00.000,Air
2026-09-14 14:01:27,+759.41,+025.03,+00.000,+00.000,Air
2026-09-14 14:01:29,+759.41,+025.04,+00.025,+00.025,Air
2026-09-14 14:01:31,+759.43,+025.06,+00.000,+00.000,Air
2026-09-14 14:01:33,+759.34,+025.01,+00.006,+00.006,Air
2026-09-14 14:01:35,+759.38,+025.03,+00.018,+00.018,Air
2026-09-14 14:01:37,+759.37,+025.03,+00.006,+00.006,Air
2026-09-14 14:01:39,+759.34,+025.05,+00.012,+00.012,Air
2026-09-14 14:01:41,+759.36,+025.02,+00.009,+00.009,Air
2026-09-14 14:01:43,+759.36,+025.08,+00.005,+00.005,Air
2026-09-14 14:01:45,+759.29,+025.06,+00.010,+00.010,Air
2026-09-14 14:01:47,+759.37,+025.05,+00.000,+00.000,Air
2026-09-14 14:01:49,+759.33,+025.06,+00.001,+00.001,Air
2026-09-14 14:01:51,+759.34,+025.04,+00.020,+00.020,Air
2026-09-14 14:01:53,+759.35,+025.06,+00.000,+00.000,Air
2026-09-14 14:01:55,+759.39,+025.04,+00.004,+00.004,Air
2026-09-14 14:01:57,+759.38,+025.02,+00.005,+00.005,Air
2026-09-14 14:01:59,+759.33,+025.04,+00.000,+00.000,Air
2026-09-14 14:02:01,+759.41,+025.04,+00.027,+00.027,Air
2026-09-14 14:02:03,+759.39,+025.01,+00.000,+00.000,Air
2026-09-14 14:02:05,+759.39,+025.05,+00.015,+00.015,Air
2026-09-14 14:02:07,+759.41,+025.03,+00.002,+00.002,Air
2026-09-14 14:02:09,+759.46,+025.03,+00.001,+00.001,Air
2026-09-14 14:02:11,+759.42,+025.02,+00.000,+00.000,Air
2026-09-14 14:02:13,+759.38,+025.02,+00.005,+00.005,Air
2026-09-14 14:02:15,+759.39,+024.99,+00.002,+00.002,Air
2026-09-14 14:02:17,+759.43,+025.02,+00.000,+00.000,Air
2026-09-14 14:02:19,+759.39,+025.03,+00.014,+00.014,Air
2026-09-14 14:02:21,+759.31,+025.05,+00.000,+00.000,Air
2026-09-14 14:02:23,+759.44,+025.06,+00.000,+00.000,Air
2026-09-14 14:02:25,+759.43,+025.02,+00.002,+00.002,Air
2026-09-14 14:02:27,+759.41,+025.06,+00.000,+00.000,Air
2026-09-14 14:02:29,+759.32,+025.01,+00.003,+00.003,Air
2026-09-14 14:02:31,+759.44,+025.02,+00.000,+00.000,Air
2026-09-14 14:02:33,+759.35,+025.05,+00.006,+00.006,Air
2026-09-14 14:02:35,+759.41,+025.03,+00.004,+00.004,Air
2026-09-14 14:02:37,+759.38,+025.03,+00.000,+00.000,Air
2026-09-14 14:02:39,+759.40,+025.05,+00.000,+00.000,Air
2026-09-14 14:02:41,+759.31,+025.01,+00.022,+00.022,Air
2026-09-14 14:02:43,+759.35,+025.04,+00.000,+00.000,Air
2026-09-14 14:02:45,+759.36,+025.02,+00.000,+00.000,Air
2026-09-14 14:02:47,+759.42,+025.04,+00.000,+00.000,Air
2026-09-14 14:02:49,+759.35,+025.06,+00.002,+00.002,Air
2026-09-14 14:02:51,+759.44,+025.08,+00.011,+00.011,Air
2026-09-14 14:02:53,+759.43,+025.05,+00.000,+00.000,Air
2026-09-14 14:02:55,+759.38,+025.03,+00.017,+00.017,Air
2026-09-14 14:02:57,+759.38,+025.03,+00.004,+00.004,Air
2026-09-14 14:02:59,+759.42,+025.01,+00.000,+00.000,Air
2026-09-14 14:03:01,+759.34,+025.02,+00.000,+00.000,Air
2026-09-14 14:03:03,+759.35,+025.04,+00.002,+00.002,Air
2026-09-14 14:03:05,+759.38,+025.07,+00.000,+00.000,Air
2026-09-14 14:03:07,+759.35,+025.02,+00.046,+00.046,Air
2026-09-14 14:03:09,+759.45,+025.03,+00.008,+00.008,Air
2026-09-14 14:03:11,+759.37,+025.04,+00.016,+00.016,Air
2026-09-14 14:03:13,+759.36,+025.04,+00.017,+00.017,Air
2026-09-14 14:03:15,+759.33,+025.05,+00.000,+00.000,Air
2026-09-14 14:03:17,+759.42,+025.03,+00.009,+00.009,Air
2026-09-14 14:03:19,+759.38,+025.00,+00.004,+00.004,Air
2026-09-14 14:03:21,+759.44,+025.06,+00.005,+00.005,Air
2026-09-14 14:03:23,+759.38,+025.03,+00.017,+00.017,Air
2026-09-14 14:03:25,+759.36,+025.05,+00.000,+00.000,Air
2026-09-14 14:03:27,+759.34,+025.06,+00.015,+00.015,Air
2026-09-14 14:03:29,+759.37,+025.04,+00.032,+00.032,Air
2026-09-14 14:03:31,+759.40,+025.05,+00.000,+00.000,Air
2026-09-14 14:03:33,+759.41,+025.07,+00.013,+00.013,Air
2026-09-14 14:03:35,+759.34,+025.01,+00.018,+00.018,Air
2026-09-14 14:03:37,+759.42,+025.01,+00.000,+00.000,Air
2026-09-14 14:03:39,+759.39,+025.02,+00.000,+00.000,Air
2026-09-14 14:03:41,+759.43,+025.03,+00.008,+00.008,Air
2026-09-14 14:03:43,+759.43,+025.04,+00.008,+00.008,Air
2026-09-14 14:03:45,+759.39,+025.08,+00.010,+00.010,Air
2026-09-14 14:03:47,+759.32,+025.03,+00.000,+00.000,Air
2026-09-14 14:03:49,+759.41,+025.04,+00.000,+00.000,Air
2026-09-14 14:03:51,+759.43,+025.03,+00.009,+00.009,Air
2026-09-14 14:03:53,+759.37,+025.08,+00.007,+00.007,Air
2026-09-14 14:03:55,+759.39,+025.02,+00.006,+00.006,Air
2026-09-14 14:03:57,+759.40,+025.05,+00.019,+00.019,Air
2026-09-14 14:03:59,+759.43,+025.06,+00.007,+00.007,Air
2026-09-14 14:04:01,+759.36,+025.06,+00.000,+00.000,Air
2026-09-14 14:04:03,+759.32,+025.04,+00.000,+00.000,Air
2026-09-14 14:04:05,+759.36,+025.03,+00.000,+00.000,Air
2026-09-14 14:04:07,+759.41,+025.02,+00.006,+00.006,Air
2026-09-14 14:04:09,+759.40,+025.08,+00.000,+00.000,Air
2026-09-14 14:04:11,+759.35,+025.06,+00.001,+00.001,Air
2026-09-14 14:04:13,+759.38,+025.01,+00.000,+00.000,Air
2026-09-14 14:04:15,+759.38,+025.04,+00.009,+00.009,Air
2026-09-14 14:04:17,+759.36,+025.04,+00.000,+00.000,Air
2026-09-14 14:04:19,+759.48,+025.04,+00.008,+00.008,Air
2026-09-14 14:04:21,+759.46,+025.07,+00.004,+00.004,Air
2026-09-14 14:04:23,+759.40,+025.06,+00.009,+00.009,Air
2026-09-14 14:04:25,+759.32,+025.07,+00.011,+00.011,Air
2026-09-14 14:04:27,+759.36,+025.09,+00.020,+00.020,Air
2026-09-14 14:04:29,+759.39,+025.03,+00.021,+00.021,Air
2026-09-14 14:04:31,+759.47,+025.05,+00.001,+00.001,Air
2026-09-14 14:04:33,+759.45,+025.03,+00.009,+00.009,Air
2026-09-14 14:04:35,+759.38,+025.05,+00.008,+00.008,Air
2026-09-14 14:04:37,+759.41,+025.04,+00.001,+00.001,Air
2026-09-14 14:04:39,+759.40,+025.07,+00.003,+00.003,Air
2026-09-14 14:04:41,+759.41,+025.06,+00.000,+00.000,Air
2026-09-14 14:04:43,+759.31,+025.04,+00.000,+00.000,Air
2026-09-14 14:04:45,+759.38,+025.05,+00.024,+00.024,Air
2026-09-14 14:04:47,+759.30,+025.01,+00.011,+00.011,Air
2026-09-14 14:04:49,+759.39,+025.01,+00.000,+00.000,Air
2026-09-14 14:04:51,+759.40,+025.05,+00.007,+00.007,Air
2026-09-14 14:04:53,+759.40,+025.07,+00.000,+00.000,Air
2026-09-14 14:04:55,+759.45,+025.07,+00.002,+00.002,Air
2026-09-14 14:04:57,+759.43,+025.10,+00.004,+00.004,Air
2026-09-14 14:04:59,+759.41,+025.06,+00.006,+00.006,Air
2026-09-14 14:05:01,+759.48,+025.02,+00.027,+00.027,Air
2026-09-14 14:05:03,+759.42,+025.04,+00.000,+00.000,Air
2026-09-14 14:05:05,+759.43,+025.06,+00.000,+00.000,Air
2026-09-14 14:05:07,+759.39,+025.05,+00.002,+00.002,Air
2026-09-14 14:05:09,+759.41,+025.09,+00.007,+00.007,Air
2026-09-14 14:05:11,+759.36,+025.05,+00.029,+00.029,Air
2026-09-14 14:05:13,+759.40,+025.03,+00.000,+00.000,Air
2026-09-14 14:05:15,+759.44,+025.04,+00.004,+00.004,Air
2026-09-14 14:05:17,+759.37,+025.08,+00.012,+00.012,Air
2026-09-14 14:05:19,+759.37,+025.05,+00.000,+00.000,Air
2026-09-14 14:05:21,+759.46,+025.07,+00.004,+00.004,Air
2026-09-14 14:05:23,+759.39,+025.07,+00.002,+00.002,Air
2026-09-14 14:05:25,+759.49,+025.05,+00.002,+00.002,Air
2026-09-14 14:05:27,+759.47,+025.08,+00.011,+00.011,Air
2026-09-14 14:05:29,+759.37,+025.06,+00.006,+00.006,Air
2026-09-14 14:05:31,+759.45,+025.06,+00.004,+00.004,Air
2026-09-14 14:05:33,+759.38,+025.05,+00.000,+00.000,Air
2026-09-14 14:05:35,+759.49,+025.04,+00.026,+00.026,Air
2026-09-14 14:05:37,+759.40,+025.05,+00.022,+00.022,Air
2026-09-14 14:05:39,+759.39,+025.06,+00.003,+00.003,Air
2026-09-14 14:05:41,+759.35,+025.06,+00.015,+00.015,Air
2026-09-14 14:05:43,+759.44,+025.06,+00.000,+00.000,Air
2026-09-14 14:05:45,+759.46,+025.07,+00.014,+00.014,Air
2026-09-14 14:05:47,+759.42,+025.05,+00.000,+00.000,Air
2026-09-14 14:05:49,+759.40,+025.07,+00.000,+00.000,Air
2026-09-14 14:05:51,+759.42,+025.02,+00.002,+00.002,Air
2026-09-14 14:05:53,+759.43,+025.05,+00.000,+00.000,Air
2026-09-14 14:05:55,+759.35,+025.05,+00.007,+00.007,Air
2026-09-14 14:05:57,+759.41,+025.01,+00.010,+00.010,Air
2026-09-14 14:05:59,+759.40,+025.04,+00.001,+00.001,Air
2026-09-14 14:06:01,+759.42,+025.06,+00.006,+00.006,Air
2026-09-14 14:06:03,+759.33,+025.08,+00.021,+00.021,Air
2026-09-14 14:06:05,+759.44,+025.07,+00.015,+00.015,Air
2026-09-14 14:06:07,+759.43,+025.04,+00.010,+00.010,Air
2026-09-14 14:06:09,+759.39,+025.08,+00.000,+00.000,Air
2026-09-14 14:06:11,+759.31,+025.04,+00.000,+00.000,Air
2026-09-14 14:06:13,+759.42,+025.06,+00.007,+00.007,Air
2026-09-14 14:06:15,+759.47,+025.04,+00.000,+00.000,Air
2026-09-14 14:06:17,+759.41,+025.05,+00.000,+00.000,Air
2026-09-14 14:06:19,+759.38,+025.06,+00.003,+00.003,Air
2026-09-14 14:06:21,+759.37,+025.06,+00.015,+00.015,Air
2026-09-14 14:06:23,+759.43,+025.04,+00.058,+00.058,Air
2026-09-14 14:06:25,+759.42,+025.03,+00.118,+00.117,Air
2026-09-14 14:06:27,+759.41,+025.07,+00.173,+00.173,Air
2026-09-14 14:06:29,+759.34,+025.03,+00.245,+00.244,Air
2026-09-14 14:06:31,+759.38,+025.05,+00.340,+00.340,Air
2026-09-14 14:06:33,+759.34,+025.07,+00.419,+00.419,Air
2026-09-14 14:06:35,+759.30,+025.03,+00.538,+00.537,Air
2026-09-14 14:06:37,+759.22,+025.07,+00.655,+00.654,Air
2026-09-14 14:06:39,+759.26,+025.03,+00.725,+00.724,Air
2026-09-14 14:06:41,+759.26,+025.06,+00.853,+00.852,Air
2026-09-14 14:06:43,+759.22,+025.06,+00.954,+00.953,Air
2026-09-14 14:06:45,+759.22,+025.03,+01.045,+01.044,Air
2026-09-14 14:06:47,+759.23,+025.07,+01.178,+01.177,Air
2026-09-14 14:06:49,+759.18,+025.04,+01.292,+01.291,Air
2026-09-14 14:06:51,+759.09,+025.05,+01.417,+01.415,Air
2026-09-14 14:06:53,+759.11,+025.05,+01.523,+01.521,Air
2026-09-14 14:06:55,+759.15,+025.06,+01.623,+01.621,Air
2026-09-14 14:06:57,+759.15,+025.03,+01.724,+01.722,Air
2026-09-14 14:06:59,+759.05,+025.03,+01.838,+01.836,Air
2026-09-14 14:07:01,+759.10,+025.08,+01.947,+01.945,Air
2026-09-14 14:07:03,+758.99,+025.02,+02.049,+02.046,Air
2026-09-14 14:07:05,+759.13,+025.05,+02.175,+02.173,Air
2026-09-14 14:07:07,+759.04,+025.06,+02.240,+02.237,Air
2026-09-14 14:07:09,+759.06,+025.04,+02.340,+02.337,Air
2026-09-14 14:07:11,+758.94,+025.06,+02.439,+02.435,Air
2026-09-14 14:07:13,+758.93,+025.06,+02.539,+02.535,Air
2026-09-14 14:07:15,+758.98,+025.04,+02.633,+02.629,Air
2026-09-14 14:07:17,+758.88,+025.07,+02.700,+02.695,Air
2026-09-14 14:07:19,+758.97,+025.06,+02.770,+02.766,Air
2026-09-14 14:07:21,+758.91,+025.02,+02.855,+02.851,Air
2026-09-14 14:07:23,+758.86,+025.06,+02.948,+02.943,Air
2026-09-14 14:07:25,+758.88,+025.07,+03.035,+03.030,Air
2026-09-14 14:07:27,+758.80,+025.05,+03.115,+03.109,Air
2026-09-14 14:07:29,+758.84,+025.07,+03.191,+03.185,Air
2026-09-14 14:07:31,+758.81,+025.06,+03.222,+03.216,Air
2026-09-14 14:07:33,+758.86,+025.07,+03.310,+03.304,Air
2026-09-14 14:07:35,+758.85,+025.04,+03.391,+03.386,Air
2026-09-14 14:07:37,+758.81,+025.07,+03.424,+03.418,Air
2026-09-14 14:07:39,+758.80,+025.09,+03.484,+03.478,Air
2026-09-14 14:07:41,+758.77,+025.06,+03.524,+03.518,Air
2026-09-14 14:07:43,+758.72,+025.03,+03.601,+03.594,Air
2026-09-14 14:07:45,+758.72,+025.07,+03.639,+03.632,Air
2026-09-14 14:07:47,+758.79,+025.03,+03.688,+03.682,Air
2026-09-14 14:07:49,+758.74,+025.03,+03.748,+03.741,Air
2026-09-14 14:07:51,+758.78,+025.08,+03.802,+03.795,Air
2026-09-14 14:07:53,+758.70,+025.07,+03.855,+03.847,Air
2026-09-14 14:07:55,+758.74,+025.05,+03.883,+03.875,Air
2026-09-14 14:07:57,+758.74,+025.08,+03.926,+03.918,Air
2026-09-14 14:07:59,+758.68,+025.06,+03.943,+03.935,Air
2026-09-14 14:08:01,+758.77,+025.05,+03.995,+03.988,Air
2026-09-14 14:08:03,+758.65,+025.04,+04.021,+04.013,Air
2026-09-14 14:08:05,+758.67,+025.06,+04.053,+04.045,Air
2026-09-14 14:08:07,+758.73,+025.03,+04.108,+04.101,Air
2026-09-14 14:08:09,+758.62,+025.05,+04.127,+04.118,Air
2026-09-14 14:08:11,+758.65,+025.09,+04.168,+04.160,Air
2026-09-14 14:08:13,+758.64,+025.05,+04.183,+04.175,Air
2026-09-14 14:08:15,+758.63,+025.05,+04.220,+04.211,Air
2026-09-14 14:08:17,+758.72,+025.05,+04.249,+04.241,Air
2026-09-14 14:08:19,+758.63,+025.06,+04.260,+04.251,Air
2026-09-14 14:08:21,+758.71,+025.05,+04.300,+04.292,Air
2026-09-14 14:08:23,+758.64,+025.04,+04.316,+04.308,Air
2026-09-14 14:08:25,+758.62,+025.09,+04.340,+04.330,Air
2026-09-14 14:08:27,+758.64,+025.06,+04.360,+04.351,Air
2026-09-14 14:08:29,+758.59,+025.04,+04.394,+04.385,Air
2026-09-14 14:08:31,+758.68,+025.04,+04.392,+04.384,Air
2026-09-14 14:08:33,+758.59,+025.05,+04.428,+04.419,Air
2026-09-14 14:08:35,+758.69,+025.05,+04.455,+04.446,Air
2026-09-14 14:08:37,+758.70,+025.06,+04.462,+04.454,Air
2026-09-14 14:08:39,+758.66,+025.06,+04.479,+04.470,Air
2026-09-14 14:08:41,+758.57,+025.08,+04.495,+04.485,Air
2026-09-14 14:08:43,+758.60,+025.04,+04.508,+04.499,Air
2026-09-14 14:08:45,+758.58,+025.04,+04.515,+04.506,Air
2026-09-14 14:08:47,+758.61,+025.08,+04.544,+04.534,Air
2026-09-14 14:08:49,+758.57,+025.07,+04.564,+04.554,Air
2026-09-14 14:08:51,+758.63,+025.07,+04.568,+04.559,Air
2026-09-14 14:08:53,+758.66,+025.04,+04.587,+04.578,Air
2026-09-14 14:08:55,+758.54,+025.10,+04.612,+04.601,Air
2026-09-14 14:08:57,+758.60,+025.03,+04.599,+04.590,Air
2026-09-14 14:08:59,+758.49,+025.10,+04.633,+04.622,Air
2026-09-14 14:09:01,+758.56,+025.04,+04.637,+04.628,Air
2026-09-14 14:09:03,+758.67,+025.08,+04.647,+04.638,Air
2026-09-14 14:09:05,+758.62,+025.05,+04.641,+04.632,Air
2026-09-14 14:09:07,+758.55,+025.07,+04.671,+04.661,Air
2026-09-14 14:09:09,+758.57,+025.06,+04.672,+04.662,Air
2026-09-14 14:09:11,+758.59,+025.06,+04.684,+04.674,Air
2026-09-14 14:09:13,+758.63,+025.06,+04.691,+04.682,Air
2026-09-14 14:09:15,+758.58,+025.08,+04.675,+04.665,Air
2026-09-14 14:09:17,+758.55,+025.08,+04.689,+04.679,Air
2026-09-14 14:09:19,+758.61,+025.04,+04.692,+04.682,Air
2026-09-14 14:09:21,+758.51,+025.04,+04.727,+04.717,Air
2026-09-14 14:09:23,+758.62,+025.08,+04.714,+04.704,Air
2026-09-14 14:09:25,+758.55,+025.09,+04.710,+04.700,Air
2026-09-14 14:09:27,+758.58,+025.05,+04.730,+04.721,Air
2026-09-14 14:09:29,+758.57,+025.09,+04.724,+04.713,Air
2026-09-14 14:09:31,+758.55,+025.05,+04.745,+04.735,Air
2026-09-14 14:09:33,+758.58,+025.09,+04.731,+04.721,Air
2026-09-14 14:09:35,+758.57,+025.03,+04.749,+04.740,Air
2026-09-14 14:09:37,+758.66,+025.07,+04.731,+04.722,Air
2026-09-14 14:09:39,+758.59,+025.07,+04.755,+04.745,Air
2026-09-14 14:09:41,+758.54,+025.06,+04.772,+04.762,Air
2026-09-14 14:09:43,+758.58,+025.05,+04.774,+04.764,Air
2026-09-14 14:09:45,+758.55,+025.06,+04.770,+04.760,Air
2026-09-14 14:09:47,+758.58,+025.06,+04.765,+04.755,Air
2026-09-14 14:09:49,+758.58,+025.06,+04.787,+04.777,Air
2026-09-14 14:09:51,+758.57,+025.06,+04.783,+04.773,Air
2026-09-14 14:09:53,+758.54,+025.08,+04.804,+04.794,Air
2026-09-14 14:09:55,+758.53,+025.10,+04.798,+04.787,Air
2026-09-14 14:09:57,+758.54,+025.08,+04.796,+04.786,Air
2026-09-14 14:09:59,+758.58,+025.09,+04.808,+04.798,Air
2026-09-14 14:10:01,+758.58,+025.08,+04.800,+04.790,Air
2026-09-14 14:10:03,+758.60,+025.07,+04.803,+04.794,Air
2026-09-14 14:10:05,+758.64,+025.08,+04.817,+04.807,Air
2026-09-14 14:10:07,+758.56,+025.04,+04.809,+04.800,Air
2026-09-14 14:10:09,+758.48,+025.05,+04.803,+04.792,Air
2026-09-14 14:10:11,+758.53,+025.06,+04.811,+04.801,Air
2026-09-14 14:10:13,+758.60,+025.04,+04.808,+04.799,Air
2026-09-14 14:10:15,+758.62,+025.11,+04.803,+04.792,Air
2026-09-14 14:10:17,+758.59,+025.06,+04.797,+04.787,Air
2026-09-14 14:10:19,+758.59,+025.05,+04.830,+04.820,Air
2026-09-14 14:10:21,+758.57,+025.02,+04.810,+04.800,Air
2026-09-14 14:10:23,+758.59,+025.10,+04.834,+04.823,Air
2026-09-14 14:10:25,+758.56,+025.07,+04.810,+04.800,Air
2026-09-14 14:10:27,+758.62,+025.06,+04.858,+04.849,Air
2026-09-14 14:10:29,+758.56,+025.09,+04.832,+04.821,Air
2026-09-14 14:10:31,+758.56,+025.09,+04.835,+04.824,Air
2026-09-14 14:10:33,+758.56,+025.05,+04.822,+04.812,Air
2026-09-14 14:10:35,+758.55,+025.06,+04.811,+04.801,Air
2026-09-14 14:10:37,+758.56,+025.08,+04.818,+04.808,Air
2026-09-14 14:10:39,+758.58,+025.08,+04.828,+04.818,Air
2026-09-14 14:10:41,+758.55,+025.06,+04.851,+04.841,Air
2026-09-14 14:10:43,+758.55,+025.08,+04.845,+04.834,Air
2026-09-14 14:10:45,+758.60,+025.07,+04.821,+04.811,Air
2026-09-14 14:10:47,+758.60,+025.08,+04.841,+04.831,Air
2026-09-14 14:10:49,+758.55,+025.06,+04.847,+04.837,Air
2026-09-14 14:10:51,+758.59,+025.08,+04.831,+04.821,Air
2026-09-14 14:10:53,+758.53,+025.07,+04.849,+04.838,Air
2026-09-14 14:10:55,+758.57,+025.10,+04.845,+04.834,Air
2026-09-14 14:10:57,+758.54,+025.08,+04.839,+04.828,Air
2026-09-14 14:10:59,+758.63,+025.06,+04.851,+04.841,Air
2026-09-14 14:11:01,+758.61,+025.05,+04.849,+04.839,Air
2026-09-14 14:11:03,+758.62,+025.05,+04.822,+04.812,Air
2026-09-14 14:11:05,+758.56,+025.08,+04.850,+04.839,Air
2026-09-14 14:11:07,+758.53,+025.07,+04.850,+04.840,Air
2026-09-14 14:11:09,+758.57,+025.08,+04.847,+04.837,Air
2026-09-14 14:11:11,+758.57,+025.05,+04.846,+04.836,Air
2026-09-14 14:11:13,+758.52,+025.07,+04.846,+04.836,Air
2026-09-14 14:11:15,+758.57,+025.03,+04.876,+04.866,Air
2026-09-14 14:11:17,+758.57,+025.06,+04.835,+04.825,Air
2026-09-14 14:11:19,+758.56,+025.08,+04.843,+04.833,Air
2026-09-14 14:11:21,+758.54,+025.06,+04.865,+04.854,Air
2026-09-14 14:11:23,+758.58,+025.08,+04.840,+04.830,Air
2026-09-14 14:11:25,+758.51,+025.07,+04.863,+04.852,Air
2026-09-14 14:11:27,+758.57,+025.04,+04.860,+04.851,Air
2026-09-14 14:11:29,+758.54,+025.04,+04.858,+04.848,Air
2026-09-14 14:11:31,+758.57,+025.09,+04.844,+04.833,Air
2026-09-14 14:11:33,+758.62,+025.06,+04.859,+04.850,Air
2026-09-14 14:11:35,+758.52,+025.06,+04.849,+04.838,Air
2026-09-14 14:11:37,+758.62,+025.10,+04.853,+04.842,Air
2026-09-14 14:11:39,+758.59,+025.07,+04.857,+04.847,Air
2026-09-14 14:11:41,+758.57,+025.07,+04.857,+04.847,Air
2026-09-14 14:11:43,+758.55,+025.06,+04.868,+04.858,Air
2026-09-14 14:11:45,+758.66,+025.06,+04.866,+04.856,Air
2026-09-14 14:11:47,+758.65,+025.08,+04.846,+04.836,Air
2026-09-14 14:11:49,+758.59,+025.05,+04.862,+04.852,Air
2026-09-14 14:11:51,+758.58,+025.09,+04.847,+04.836,Air
2026-09-14 14:11:53,+758.58,+025.08,+04.863,+04.853,Air
2026-09-14 14:11:55,+758.58,+025.08,+04.871,+04.861,Air
2026-09-14 14:11:57,+758.66,+025.06,+04.852,+04.842,Air
2026-09-14 14:11:59,+758.59,+025.04,+04.864,+04.855,Air
2026-09-14 14:12:01,+758.59,+025.08,+04.837,+04.826,Air
2026-09-14 14:12:03,+758.59,+025.07,+04.864,+04.853,Air
2026-09-14 14:12:05,+758.64,+025.07,+04.854,+04.845,Air
2026-09-14 14:12:07,+758.61,+025.09,+04.862,+04.852,Air
2026-09-14 14:12:09,+758.66,+025.06,+04.846,+04.837,Air
2026-09-14 14:12:11,+758.68,+025.10,+04.883,+04.873,Air
2026-09-14 14:12:13,+758.62,+025.06,+04.866,+04.856,Air
2026-09-14 14:12:15,+758.59,+025.05,+04.853,+04.843,Air
2026-09-14 14:12:17,+758.59,+025.09,+04.873,+04.863,Air
2026-09-14 14:12:19,+758.54,+025.11,+04.847,+04.836,Air
2026-09-14 14:12:21,+758.62,+025.10,+04.857,+04.846,Air
2026-09-14 14:12:23,+758.57,+025.07,+04.861,+04.851,Air
2026-09-14 14:12:25,+758.61,+025.07,+04.848,+04.838,Air
2026-09-14 14:12:27,+758.57,+025.07,+04.841,+04.831,Air
2026-09-14 14:12:29,+758.58,+025.06,+04.869,+04.859,Air
2026-09-14 14:12:31,+758.61,+025.06,+04.846,+04.836,Air
2026-09-14 14:12:33,+758.52,+025.09,+04.846,+04.835,Air
2026-09-14 14:12:35,+758.53,+025.10,+04.850,+04.839,Air
2026-09-14 14:12:37,+758.59,+025.06,+04.838,+04.828,Air
2026-09-14 14:12:39,+758.60,+025.08,+04.871,+04.860,Air
2026-09-14 14:12:41,+758.62,+025.09,+04.861,+04.851,Air
2026-09-14 14:12:43,+758.53,+025.08,+04.862,+04.852,Air
2026-09-14 14:12:45,+758.60,+025.06,+04.873,+04.863,Air
2026-09-14 14:12:47,+758.59,+025.08,+04.861,+04.851,Air
2026-09-14 14:12:49,+758.62,+025.10,+04.863,+04.853,Air
2026-09-14 14:12:51,+758.57,+025.07,+04.860,+04.850,Air
2026-09-14 14:12:53,+758.59,+025.07,+04.851,+04.841,Air
2026-09-14 14:12:55,+758.63,+025.10,+04.858,+04.848,Air
2026-09-14 14:12:57,+758.57,+025.08,+04.860,+04.850,Air
2026-09-14 14:12:59,+758.58,+025.07,+04.854,+04.843,Air
2026-09-14 14:13:01,+758.64,+025.05,+04.884,+04.875,Air
2026-09-14 14:13:03,+758.69,+025.08,+04.850,+04.840,Air
2026-09-14 14:13:05,+758.56,+025.08,+04.868,+04.857,Air
2026-09-14 14:13:07,+758.62,+025.08,+04.853,+04.843,Air
2026-09-14 14:13:09,+758.55,+025.05,+04.867,+04.857,Air
2026-09-14 14:13:11,+758.60,+025.08,+04.858,+04.848,Air
2026-09-14 14:13:13,+758.62,+025.05,+04.842,+04.832,Air
2026-09-14 14:13:15,+758.58,+025.06,+04.857,+04.847,Air
2026-09-14 14:13:17,+758.60,+025.10,+04.885,+04.874,Air
2026-09-14 14:13:19,+758.52,+025.09,+04.863,+04.852,Air
2026-09-14 14:13:21,+758.62,+025.10,+04.879,+04.868,Air
2026-09-14 14:13:23,+758.56,+025.09,+04.861,+04.850,Air
2026-09-14 14:13:25,+758.62,+025.02,+04.843,+04.834,Air
2026-09-14 14:13:27,+758.58,+025.10,+04.856,+04.845,Air
2026-09-14 14:13:29,+758.62,+025.04,+04.846,+04.836,Air
2026-09-14 14:13:31,+758.63,+025.05,+04.850,+04.840,Air
2026-09-14 14:13:33,+758.59,+025.05,+04.857,+04.847,Air
2026-09-14 14:13:35,+758.62,+025.07,+04.870,+04.860,Air
2026-09-14 14:13:37,+758.66,+025.03,+04.837,+04.828,Air
2026-09-14 14:13:39,+758.56,+025.07,+04.843,+04.833,Air
2026-09-14 14:13:41,+758.61,+025.06,+04.856,+04.846,Air
2026-09-14 14:13:43,+758.68,+025.06,+04.847,+04.838,Air
2026-09-14 14:13:45,+758.61,+025.09,+04.847,+04.837,Air
2026-09-14 14:13:47,+758.58,+025.09,+04.861,+04.850,Air
2026-09-14 14:13:49,+758.60,+025.14,+04.836,+04.825,Air
2026-09-14 14:13:51,+758.61,+025.06,+04.844,+04.834,Air
2026-09-14 14:13:53,+758.61,+025.06,+04.867,+04.858,Air
2026-09-14 14:13:55,+758.62,+025.09,+04.849,+04.839,Air
2026-09-14 14:13:57,+758.59,+025.08,+04.861,+04.850,Air
2026-09-14 14:13:59,+758.58,+025.07,+04.880,+04.869,Air
2026-09-14 14:14:01,+758.62,+025.03,+04.868,+04.858,Air
2026-09-14 14:14:03,+758.63,+025.09,+04.845,+04.835,Air
2026-09-14 14:14:05,+758.67,+025.06,+04.839,+04.830,Air
2026-09-14 14:14:07,+758.61,+025.09,+04.837,+04.827,Air
2026-09-14 14:14:09,+758.53,+025.08,+04.883,+04.872,Air
2026-09-14 14:14:11,+758.53,+025.10,+04.838,+04.827,Air
2026-09-14 14:14:13,+758.59,+025.04,+04.867,+04.857,Air
2026-09-14 14:14:15,+758.57,+025.05,+04.854,+04.844,Air
2026-09-14 14:14:17,+758.52,+025.04,+04.852,+04.842,Air
2026-09-14 14:14:19,+758.59,+025.09,+04.882,+04.871,Air
2026-09-14 14:14:21,+758.58,+025.03,+04.850,+04.841,Air
2026-09-14 14:14:23,+758.64,+025.08,+04.853,+04.843,Air
2026-09-14 14:14:25,+758.52,+025.07,+04.879,+04.868,Air
2026-09-14 14:14:27,+758.57,+025.07,+04.854,+04.844,Air
2026-09-14 14:14:29,+758.57,+025.10,+04.868,+04.857,Air
2026-09-14 14:14:31,+758.62,+025.07,+04.858,+04.848,Air
2026-09-14 14:14:33,+758.66,+025.10,+04.858,+04.848,Air
2026-09-14 14:14:35,+758.61,+025.07,+04.877,+04.867,Air
2026-09-14 14:14:37,+758.66,+025.10,+04.848,+04.838,Air
2026-09-14 14:14:39,+758.57,+025.08,+04.865,+04.855,Air
2026-09-14 14:14:41,+758.57,+025.09,+04.858,+04.847,Air
2026-09-14 14:14:43,+758.61,+025.09,+04.837,+04.827,Air
2026-09-14 14:14:45,+758.55,+025.09,+04.865,+04.854,Air
2026-09-14 14:14:47,+758.54,+025.06,+04.850,+04.840,Air
2026-09-14 14:14:49,+758.51,+025.06,+04.857,+04.846,Air
2026-09-14 14:14:51,+758.58,+025.04,+04.869,+04.859,Air
2026-09-14 14:14:53,+758.53,+025.07,+04.876,+04.866,Air
2026-09-14 14:14:55,+758.55,+025.09,+04.855,+04.845,Air
2026-09-14 14:14:57,+758.58,+025.06,+04.877,+04.867,Air
2026-09-14 14:14:59,+758.62,+025.10,+04.873,+04.863,Air
2026-09-14 14:15:01,+758.58,+025.08,+04.863,+04.852,Air
2026-09-14 14:15:03,+758.58,+025.08,+04.845,+04.834,Air
2026-09-14 14:15:05,+758.63,+025.08,+04.850,+04.840,Air
2026-09-14 14:15:07,+758.49,+025.04,+04.855,+04.845,Air
2026-09-14 14:15:09,+758.64,+025.06,+04.876,+04.866,Air
2026-09-14 14:15:11,+758.64,+025.08,+04.844,+04.834,Air
2026-09-14 14:15:13,+758.64,+025.06,+04.863,+04.853,Air
2026-09-14 14:15:15,+758.66,+025.05,+04.855,+04.846,Air
2026-09-14 14:15:17,+758.55,+025.07,+04.860,+04.850,Air
2026-09-14 14:15:19,+758.59,+025.10,+04.855,+04.844,Air
2026-09-14 14:15:21,+758.62,+025.10,+04.861,+04.850,Air
2026-09-14 14:15:23,+758.58,+025.07,+04.867,+04.857,Air
2026-09-14 14:15:25,+758.61,+025.06,+04.852,+04.842,Air
2026-09-14 14:15:27,+758.61,+025.09,+04.863,+04.853,Air
2026-09-14 14:15:29,+758.58,+025.07,+04.860,+04.850,Air
2026-09-14 14:15:31,+758.59,+025.08,+04.856,+04.846,Air
2026-09-14 14:15:33,+758.56,+025.07,+04.852,+04.842,Air
2026-09-14 14:15:35,+758.59,+025.11,+04.855,+04.844,Air
2026-09-14 14:15:37,+758.62,+025.10,+04.861,+04.850,Air
2026-09-14 14:15:39,+758.60,+025.06,+04.838,+04.828,Air
2026-09-14 14:15:41,+758.64,+025.05,+04.823,+04.813,Air
2026-09-14 14:15:43,+758.61,+025.06,+04.842,+04.832,Air
2026-09-14 14:15:45,+758.62,+025.07,+04.861,+04.851,Air
2026-09-14 14:15:47,+758.63,+025.02,+04.849,+04.840,Air
2026-09-14 14:15:49,+758.54,+025.08,+04.865,+04.854,Air
2026-09-14 14:15:51,+758.63,+025.06,+04.863,+04.853,Air
2026-09-14 14:15:53,+758.67,+025.07,+04.878,+04.869,Air
2026-09-14 14:15:55,+758.56,+025.07,+04.880,+04.869,Air
2026-09-14 14:15:57,+758.56,+025.09,+04.860,+04.849,Air
2026-09-14 14:15:59,+758.59,+025.12,+04.877,+04.866,Air
2026-09-14 14:16:01,+758.62,+025.10,+04.870,+04.860,Air
2026-09-14 14:16:03,+758.61,+025.09,+04.848,+04.838,Air
2026-09-14 14:16:05,+758.68,+025.10,+04.863,+04.853,Air
2026-09-14 14:16:07,+758.58,+025.07,+04.855,+04.845,Air
2026-09-14 14:16:09,+758.62,+025.06,+04.863,+04.853,Air
2026-09-14 14:16:11,+758.55,+025.10,+04.858,+04.847,Air
2026-09-14 14:16:13,+758.61,+025.05,+04.871,+04.861,Air
2026-09-14 14:16:15,+758.54,+025.05,+04.867,+04.857,Air
2026-09-14 14:16:17,+758.63,+025.04,+04.853,+04.844,Air
2026-09-14 14:16:19,+758.70,+025.08,+04.860,+04.850,Air
2026-09-14 14:16:21,+758.58,+025.10,+04.848,+04.837,Air
2026-09-14 14:16:23,+758.69,+025.09,+04.865,+04.856,Air
2026-09-14 14:16:25,+758.58,+025.10,+04.859,+04.849,Air
2026-09-14 14:16:27,+758.64,+025.07,+04.864,+04.854,Air
2026-09-14 14:16:29,+758.62,+025.09,+04.859,+04.848,Air
2026-09-14 14:16:31,+758.61,+025.08,+04.859,+04.849,Air
2026-09-14 14:16:33,+758.61,+025.07,+04.847,+04.837,Air
2026-09-14 14:16:35,+758.56,+025.09,+04.849,+04.838,Air
2026-09-14 14:16:37,+758.62,+025.08,+04.841,+04.831,Air
2026-09-14 14:16:39,+758.64,+025.07,+04.860,+04.850,Air
2026-09-14 14:16:41,+758.60,+025.06,+04.851,+04.841,Air
2026-09-14 14:16:43,+758.62,+025.12,+04.845,+04.834,Air
2026-09-14 14:16:45,+758.62,+025.08,+04.861,+04.851,Air
2026-09-14 14:16:47,+758.66,+025.10,+04.866,+04.856,Air
2026-09-14 14:16:49,+758.61,+025.12,+04.859,+04.848,Air
2026-09-14 14:16:51,+758.63,+025.04,+04.855,+04.846,Air
2026-09-14 14:16:53,+758.54,+025.08,+04.866,+04.855,Air
2026-09-14 14:16:55,+758.61,+025.05,+04.862,+04.852,Air
2026-09-14 14:16:57,+758.61,+025.10,+04.869,+04.858,Air
2026-09-14 14:16:59,+758.60,+025.06,+04.852,+04.842,Air
2026-09-14 14:17:01,+758.56,+025.06,+04.858,+04.848,Air
2026-09-14 14:17:03,+758.57,+025.08,+04.847,+04.837,Air
2026-09-14 14:17:05,+758.61,+025.09,+04.863,+04.853,Air
2026-09-14 14:17:07,+758.56,+025.10,+04.868,+04.857,Air
2026-09-14 14:17:09,+758.62,+025.08,+04.872,+04.861,Air
2026-09-14 14:17:11,+758.54,+025.07,+04.853,+04.842,Air
2026-09-14 14:17:13,+758.63,+025.08,+04.852,+04.842,Air
2026-09-14 14:17:15,+758.62,+025.11,+04.868,+04.857,Air
2026-09-14 14:17:17,+758.64,+025.11,+04.846,+04.835,Air
2026-09-14 14:17:19,+758.62,+025.08,+04.872,+04.862,Air
2026-09-14 14:17:21,+758.62,+025.11,+04.876,+04.866,Air
2026-09-14 14:17:23,+758.62,+025.08,+04.840,+04.830,Air
2026-09-14 14:17:25,+758.62,+025.06,+04.844,+04.834,Air
2026-09-14 14:17:27,+758.64,+025.07,+04.877,+04.867,Air
2026-09-14 14:17:29,+758.62,+025.10,+04.868,+04.857,Air
2026-09-14 14:17:31,+758.68,+025.09,+04.866,+04.857,Air
2026-09-14 14:17:33,+758.56,+025.07,+04.848,+04.838,Air
2026-09-14 14:17:35,+758.57,+025.07,+04.853,+04.843,Air
2026-09-14 14:17:37,+758.58,+025.07,+04.845,+04.835,Air
2026-09-14 14:17:39,+758.63,+025.09,+04.854,+04.843,Air
2026-09-14 14:17:41,+758.58,+025.09,+04.867,+04.857,Air
2026-09-14 14:17:43,+758.56,+025.08,+04.873,+04.863,Air
2026-09-14 14:17:45,+758.53,+025.09,+04.852,+04.841,Air
2026-09-14 14:17:47,+758.64,+025.06,+04.851,+04.841,Air
2026-09-14 14:17:49,+758.58,+025.10,+04.860,+04.850,Air
2026-09-14 14:17:51,+758.64,+025.08,+04.882,+04.872,Air
2026-09-14 14:17:53,+758.63,+025.10,+04.849,+04.838,Air
2026-09-14 14:17:55,+758.59,+025.10,+04.864,+04.854,Air
2026-09-14 14:17:57,+758.61,+025.09,+04.834,+04.823,Air
2026-09-14 14:17:59,+758.65,+025.10,+04.841,+04.831,Air
2026-09-14 14:18:01,+758.59,+025.09,+04.863,+04.853,Air
2026-09-14 14:18:03,+758.56,+025.10,+04.830,+04.820,Air
2026-09-14 14:18:05,+758.63,+025.10,+04.855,+04.844,Air
2026-09-14 14:18:07,+758.64,+025.06,+04.866,+04.856,Air
2026-09-14 14:18:09,+758.64,+025.07,+04.852,+04.842,Air
2026-09-14 14:18:11,+758.63,+025.06,+04.856,+04.846,Air
2026-09-14 14:18:13,+758.55,+025.08,+04.844,+04.834,Air
2026-09-14 14:18:15,+758.65,+025.03,+04.852,+04.843,Air
2026-09-14 14:18:17,+758.67,+025.07,+04.874,+04.865,Air
2026-09-14 14:18:19,+758.65,+025.07,+04.853,+04.843,Air
2026-09-14 14:18:21,+758.62,+025.09,+04.865,+04.854,Air
2026-09-14 14:18:23,+758.65,+025.10,+04.855,+04.845,Air
2026-09-14 14:18:25,+758.60,+025.08,+04.859,+04.848,Air
2026-09-14 14:18:27,+758.58,+025.09,+04.843,+04.833,Air
2026-09-14 14:18:29,+758.57,+025.10,+04.871,+04.861,Air
2026-09-14 14:18:31,+758.62,+025.06,+04.868,+04.858,Air
2026-09-14 14:18:33,+758.59,+025.10,+04.850,+04.839,Air
2026-09-14 14:18:35,+758.59,+025.10,+04.877,+04.866,Air
2026-09-14 14:18:37,+758.65,+025.13,+04.856,+04.845,Air
2026-09-14 14:18:39,+758.62,+025.12,+04.854,+04.843,Air
2026-09-14 14:18:41,+758.66,+025.07,+04.858,+04.849,Air
2026-09-14 14:18:43,+758.61,+025.10,+04.863,+04.853,Air
2026-09-14 14:18:45,+758.63,+025.05,+04.875,+04.865,Air
2026-09-14 14:18:47,+758.57,+025.14,+04.884,+04.872,Air
2026-09-14 14:18:49,+758.60,+025.08,+04.842,+04.832,Air
2026-09-14 14:18:51,+758.67,+025.07,+04.846,+04.836,Air
2026-09-14 14:18:53,+758.56,+025.10,+04.844,+04.833,Air
2026-09-14 14:18:55,+758.59,+025.08,+04.856,+04.845,Air
2026-09-14 14:18:57,+758.62,+025.10,+04.870,+04.860,Air
2026-09-14 14:18:59,+758.61,+025.09,+04.852,+04.841,Air
2026-09-14 14:19:01,+758.63,+025.09,+04.848,+04.838,Air
2026-09-14 14:19:03,+758.60,+025.07,+04.853,+04.843,Air
2026-09-14 14:19:05,+758.58,+025.08,+04.869,+04.859,Air
2026-09-14 14:19:07,+758.70,+025.11,+04.847,+04.837,Air
2026-09-14 14:19:09,+758.64,+025.09,+04.862,+04.851,Air
2026-09-14 14:19:11,+758.57,+025.10,+04.869,+04.858,Air
2026-09-14 14:19:13,+758.60,+025.07,+04.864,+04.854,Air
2026-09-14 14:19:15,+758.62,+025.10,+04.872,+04.861,Air
2026-09-14 14:19:17,+758.64,+025.09,+04.846,+04.836,Air
2026-09-14 14:19:19,+758.66,+025.11,+04.858,+04.847,Air
2026-09-14 14:19:21,+758.57,+025.07,+04.855,+04.845,Air
2026-09-14 14:19:23,+758.55,+025.08,+04.854,+04.843,Air
2026-09-14 14:19:25,+758.62,+025.03,+04.845,+04.836,Air
2026-09-14 14:19:27,+758.60,+025.06,+04.853,+04.843,Air
2026-09-14 14:19:29,+758.69,+025.08,+04.852,+04.843,Air
2026-09-14 14:19:31,+758.57,+025.08,+04.854,+04.844,Air
2026-09-14 14:19:33,+758.69,+025.07,+04.836,+04.826,Air
2026-09-14 14:19:35,+758.64,+025.09,+04.842,+04.832,Air
2026-09-14 14:19:37,+758.61,+025.08,+04.855,+04.845,Air
2026-09-14 14:19:39,+758.52,+025.12,+04.837,+04.826,Air
2026-09-14 14:19:41,+758.58,+025.09,+04.860,+04.850,Air
2026-09-14 14:19:43,+758.67,+025.08,+04.877,+04.868,Air
2026-09-14 14:19:45,+758.65,+025.06,+04.861,+04.851,Air
2026-09-14 14:19:47,+758.60,+025.09,+04.875,+04.864,Air
2026-09-14 14:19:49,+758.62,+025.08,+04.852,+04.842,Air
2026-09-14 14:19:51,+758.71,+025.09,+04.853,+04.843,Air
2026-09-14 14:19:53,+758.62,+025.08,+04.855,+04.845,Air
2026-09-14 14:19:55,+758.65,+025.05,+04.868,+04.858,Air
2026-09-14 14:19:57,+758.63,+025.10,+04.851,+04.841,Air
2026-09-14 14:19:59,+758.58,+025.12,+04.854,+04.843,Air
2026-09-14 14:20:01,+758.68,+025.10,+04.848,+04.838,Air
2026-09-14 14:20:03,+758.57,+025.10,+04.869,+04.858,Air
2026-09-14 14:20:05,+758.65,+025.07,+04.865,+04.855,Air
2026-09-14 14:20:07,+758.64,+025.13,+04.856,+04.845,Air
2026-09-14 14:20:09,+758.69,+025.09,+04.871,+04.861,Air
2026-09-14 14:20:11,+758.56,+025.08,+04.868,+04.858,Air
2026-09-14 14:20:13,+758.67,+025.06,+04.848,+04.838,Air
2026-09-14 14:20:15,+758.64,+025.08,+04.863,+04.852,Air
2026-09-14 14:20:17,+758.71,+025.10,+04.862,+04.852,Air
2026-09-14 14:20:19,+758.66,+025.13,+04.853,+04.842,Air
2026-09-14 14:20:21,+758.65,+025.05,+04.875,+04.865,Air
2026-09-14 14:20:23,+758.66,+025.07,+04.858,+04.848,Air
2026-09-14 14:20:25,+758.63,+025.06,+04.873,+04.863,Air
2026-09-14 14:20:27,+758.63,+025.09,+04.858,+04.847,Air
2026-09-14 14:20:29,+758.65,+025.11,+04.851,+04.840,Air
2026-09-14 14:20:31,+758.63,+025.09,+04.878,+04.867,Air
2026-09-14 14:20:33,+758.66,+025.07,+04.880,+04.870,Air
2026-09-14 14:20:35,+758.64,+025.10,+04.875,+04.864,Air
2026-09-14 14:20:37,+758.64,+025.06,+04.856,+04.846,Air
2026-09-14 14:20:39,+758.64,+025.10,+04.850,+04.839,Air
2026-09-14 14:20:41,+758.62,+025.07,+04.879,+04.869,Air
2026-09-14 14:20:43,+758.62,+025.09,+04.850,+04.840,Air
2026-09-14 14:20:45,+758.58,+025.07,+04.855,+04.845,Air
2026-09-14 14:20:47,+758.65,+025.08,+04.854,+04.844,Air
2026-09-14 14:20:49,+758.70,+025.09,+04.867,+04.857,Air
2026-09-14 14:20:51,+758.63,+025.07,+04.855,+04.845,Air
2026-09-14 14:20:53,+758.62,+025.07,+04.869,+04.859,Air
2026-09-14 14:20:55,+758.69,+025.07,+04.874,+04.864,Air
2026-09-14 14:20:57,+758.67,+025.07,+04.856,+04.846,Air
2026-09-14 14:20:59,+758.68,+025.07,+04.850,+04.841,Air
2026-09-14 14:21:01,+758.72,+025.07,+04.857,+04.848,Air
2026-09-14 14:21:03,+758.62,+025.14,+04.847,+04.836,Air
2026-09-14 14:21:05,+758.67,+025.09,+04.898,+04.888,Air
2026-09-14 14:21:07,+758.61,+025.11,+04.864,+04.853,Air
2026-09-14 14:21:09,+758.71,+025.09,+04.849,+04.840,Air
2026-09-14 14:21:11,+758.58,+025.08,+04.867,+04.857,Air
2026-09-14 14:21:13,+758.62,+025.09,+04.857,+04.847,Air
2026-09-14 14:21:15,+758.69,+025.07,+04.858,+04.848,Air
2026-09-14 14:21:17,+758.66,+025.07,+04.864,+04.855,Air
2026-09-14 14:21:19,+758.59,+025.10,+04.852,+04.842,Air
2026-09-14 14:21:21,+758.65,+025.08,+04.856,+04.846,Air
2026-09-14 14:21:23,+758.61,+025.08,+04.877,+04.867,Air
2026-09-14 14:21:25,+758.68,+025.12,+04.858,+04.848,Air
2026-09-14 14:21:27,+758.59,+025.10,+04.861,+04.851,Air
2026-09-14 14:21:29,+758.63,+025.10,+04.861,+04.851,Air
2026-09-14 14:21:31,+758.62,+025.07,+04.878,+04.868,Air
2026-09-14 14:21:33,+758.69,+025.10,+04.868,+04.858,Air
2026-09-14 14:21:35,+758.58,+025.09,+04.863,+04.853,Air
2026-09-14 14:21:37,+758.67,+025.13,+04.847,+04.836,Air
2026-09-14 14:21:39,+758.63,+025.07,+04.853,+04.843,Air
2026-09-14 14:21:41,+758.58,+025.07,+04.869,+04.859,Air
2026-09-14 14:21:43,+758.59,+025.10,+04.877,+04.866,Air
2026-09-14 14:21:45,+758.60,+025.07,+04.853,+04.843,Air
2026-09-14 14:21:47,+758.59,+025.10,+04.859,+04.849,Air
2026-09-14 14:21:49,+758.60,+025.12,+04.875,+04.864,Air
2026-09-14 14:21:51,+758.58,+025.12,+04.866,+04.855,Air
2026-09-14 14:21:53,+758.65,+025.09,+04.882,+04.872,Air
2026-09-14 14:21:55,+758.64,+025.12,+04.860,+04.849,Air
2026-09-14 14:21:57,+758.65,+025.08,+04.845,+04.835,Air
2026-09-14 14:21:59,+758.67,+025.08,+04.854,+04.844,Air
2026-09-14 14:22:01,+758.55,+025.10,+04.853,+04.842,Air
2026-09-14 14:22:03,+758.60,+025.02,+04.854,+04.845,Air
2026-09-14 14:22:05,+758.65,+025.10,+04.878,+04.868,Air
2026-09-14 14:22:07,+758.61,+025.08,+04.867,+04.856,Air
2026-09-14 14:22:09,+758.66,+025.11,+04.848,+04.837,Air
2026-09-14 14:22:11,+758.67,+025.08,+04.871,+04.861,Air
2026-09-14 14:22:13,+758.71,+025.12,+04.866,+04.856,Air
2026-09-14 14:22:15,+758.64,+025.13,+04.866,+04.855,Air
2026-09-14 14:22:17,+758.70,+025.07,+04.877,+04.867,Air
2026-09-14 14:22:19,+758.66,+025.10,+04.863,+04.853,Air
2026-09-14 14:22:21,+758.66,+025.12,+04.841,+04.830,Air
2026-09-14 14:22:23,+758.65,+025.08,+04.867,+04.857,Air
2026-09-14 14:22:25,+758.62,+025.11,+04.831,+04.820,Air
2026-09-14 14:22:27,+758.61,+025.08,+04.851,+04.841,Air
2026-09-14 14:22:29,+758.60,+025.06,+04.857,+04.848,Air
2026-09-14 14:22:31,+758.62,+025.10,+04.907,+04.896,Air
2026-09-14 14:22:33,+758.62,+025.08,+04.862,+04.852,Air
2026-09-14 14:22:35,+758.70,+025.12,+04.854,+04.844,Air
2026-09-14 14:22:37,+758.65,+025.09,+04.857,+04.847,Air
2026-09-14 14:22:39,+758.70,+025.11,+04.863,+04.853,Air
2026-09-14 14:22:41,+758.52,+025.08,+04.857,+04.847,Air
2026-09-14 14:22:43,+758.67,+025.09,+04.858,+04.849,Air
2026-09-14 14:22:45,+758.56,+025.11,+04.861,+04.850,Air
2026-09-14 14:22:47,+758.64,+025.12,+04.878,+04.867,Air
2026-09-14 14:22:49,+758.57,+025.12,+04.863,+04.852,Air
2026-09-14 14:22:51,+758.63,+025.11,+04.880,+04.869,Air
2026-09-14 14:22:53,+758.62,+025.12,+04.873,+04.863,Air
2026-09-14 14:22:55,+758.62,+025.09,+04.855,+04.845,Air
2026-09-14 14:22:57,+758.68,+025.11,+04.862,+04.852,Air
2026-09-14 14:22:59,+758.65,+025.08,+04.851,+04.841,Air
2026-09-14 14:23:01,+758.59,+025.12,+04.852,+04.841,Air
2026-09-14 14:23:03,+758.63,+025.11,+04.838,+04.827,Air
2026-09-14 14:23:05,+758.60,+025.14,+04.862,+04.851,Air
2026-09-14 14:23:07,+758.68,+025.09,+04.864,+04.854,Air
2026-09-14 14:23:09,+758.56,+025.10,+04.872,+04.861,Air
2026-09-14 14:23:11,+758.69,+025.09,+04.855,+04.845,Air
2026-09-14 14:23:13,+758.66,+025.10,+04.855,+04.845,Air
2026-09-14 14:23:15,+758.62,+025.11,+04.864,+04.853,Air
2026-09-14 14:23:17,+758.60,+025.09,+04.862,+04.852,Air
2026-09-14 14:23:19,+758.61,+025.08,+04.860,+04.850,Air
2026-09-14 14:23:21,+758.70,+025.08,+04.873,+04.863,Air
2026-09-14 14:23:23,+758.59,+025.08,+04.865,+04.854,Air
2026-09-14 14:23:25,+758.64,+025.10,+04.867,+04.856,Air
2026-09-14 14:23:27,+758.66,+025.11,+04.868,+04.858,Air
2026-09-14 14:23:29,+758.60,+025.09,+04.831,+04.820,Air
2026-09-14 14:23:31,+758.65,+025.09,+04.858,+04.848,Air
2026-09-14 14:23:33,+758.63,+025.08,+04.854,+04.844,Air
2026-09-14 14:23:35,+758.60,+025.07,+04.879,+04.869,Air
2026-09-14 14:23:37,+758.63,+025.10,+04.846,+04.836,Air
2026-09-14 14:23:39,+758.63,+025.09,+04.853,+04.843,Air
2026-09-14 14:23:41,+758.65,+025.08,+04.881,+04.871,Air
2026-09-14 14:23:43,+758.63,+025.09,+04.856,+04.846,Air
2026-09-14 14:23:45,+758.70,+025.11,+04.866,+04.856,Air
2026-09-14 14:23:47,+758.64,+025.08,+04.858,+04.848,Air
2026-09-14 14:23:49,+758.64,+025.10,+04.872,+04.862,Air
2026-09-14 14:23:51,+758.68,+025.09,+04.868,+04.858,Air
2026-09-14 14:23:53,+758.61,+025.11,+04.879,+04.868,Air
2026-09-14 14:23:55,+758.62,+025.09,+04.870,+04.860,Air
2026-09-14 14:23:57,+758.60,+025.10,+04.873,+04.862,Air
2026-09-14 14:23:59,+758.72,+025.09,+04.888,+04.878,Air
2026-09-14 14:24:01,+758.67,+025.09,+04.854,+04.844,Air
2026-09-14 14:24:03,+758.68,+025.12,+04.850,+04.840,Air
2026-09-14 14:24:05,+758.63,+025.09,+04.865,+04.854,Air
2026-09-14 14:24:07,+758.61,+025.11,+04.856,+04.846,Air
2026-09-14 14:24:09,+758.63,+025.08,+04.865,+04.855,Air
2026-09-14 14:24:11,+758.67,+025.09,+04.845,+04.835,Air
2026-09-14 14:24:13,+758.71,+025.09,+04.877,+04.868,Air
2026-09-14 14:24:15,+758.74,+025.08,+04.866,+04.857,Air
2026-09-14 14:24:17,+758.61,+025.12,+04.862,+04.851,Air
2026-09-14 14:24:19,+758.64,+025.09,+04.875,+04.865,Air
2026-09-14 14:24:21,+758.69,+025.07,+04.859,+04.850,Air
2026-09-14 14:24:23,+758.54,+025.10,+04.867,+04.856,Air
2026-09-14 14:24:25,+758.69,+025.10,+04.875,+04.865,Air
2026-09-14 14:24:27,+758.75,+025.10,+04.845,+04.835,Air
2026-09-14 14:24:29,+758.67,+025.13,+04.865,+04.855,Air
2026-09-14 14:24:31,+758.71,+025.08,+04.836,+04.827,Air
2026-09-14 14:24:33,+758.62,+025.11,+04.837,+04.827,Air
2026-09-14 14:24:35,+758.61,+025.07,+04.871,+04.860,Air
2026-09-14 14:24:37,+758.64,+025.10,+04.856,+04.846,Air
2026-09-14 14:24:39,+758.61,+025.10,+04.852,+04.841,Air
2026-09-14 14:24:41,+758.57,+025.09,+04.861,+04.851,Air
2026-09-14 14:24:43,+758.66,+025.07,+04.863,+04.854,Air
2026-09-14 14:24:45,+758.69,+025.08,+04.857,+04.847,Air
2026-09-14 14:24:47,+758.69,+025.12,+04.878,+04.868,Air
2026-09-14 14:24:49,+758.64,+025.10,+04.852,+04.842,Air
2026-09-14 14:24:51,+758.67,+025.08,+04.838,+04.828,Air
2026-09-14 14:24:53,+758.67,+025.13,+04.847,+04.836,Air
2026-09-14 14:24:55,+758.66,+025.09,+04.855,+04.845,Air
2026-09-14 14:24:57,+758.63,+025.07,+04.876,+04.866,Air
2026-09-14 14:24:59,+758.67,+025.09,+04.839,+04.829,Air
2026-09-14 14:25:01,+758.71,+025.09,+04.868,+04.858,Air
2026-09-14 14:25:03,+758.62,+025.10,+04.861,+04.851,Air
2026-09-14 14:25:05,+758.62,+025.14,+04.866,+04.855,Air
2026-09-14 14:25:07,+758.64,+025.06,+04.873,+04.863,Air
2026-09-14 14:25:09,+758.65,+025.09,+04.823,+04.813,Air
2026-09-14 14:25:11,+758.67,+025.09,+04.839,+04.829,Air
2026-09-14 14:25:13,+758.64,+025.14,+04.866,+04.856,Air
2026-09-14 14:25:15,+758.67,+025.12,+04.871,+04.860,Air
2026-09-14 14:25:17,+758.64,+025.09,+04.835,+04.825,Air
2026-09-14 14:25:19,+758.59,+025.07,+04.876,+04.865,Air
2026-09-14 14:25:21,+758.64,+025.06,+04.869,+04.859,Air
2026-09-14 14:25:23,+758.63,+025.10,+04.902,+04.891,Air
2026-09-14 14:25:25,+758.67,+025.09,+04.868,+04.858,Air
2026-09-14 14:25:27,+758.67,+025.10,+04.857,+04.847,Air
2026-09-14 14:25:29,+758.66,+025.08,+04.865,+04.855,Air
2026-09-14 14:25:31,+758.66,+025.08,+04.859,+04.849,Air
2026-09-14 14:25:33,+758.67,+025.08,+04.857,+04.847,Air
2026-09-14 14:25:35,+758.69,+025.11,+04.863,+04.853,Air
2026-09-14 14:25:37,+758.64,+025.09,+04.879,+04.869,Air
2026-09-14 14:25:39,+758.74,+025.09,+04.859,+04.850,Air
2026-09-14 14:25:41,+758.66,+025.11,+04.870,+04.860,Air
2026-09-14 14:25:43,+758.63,+025.05,+04.850,+04.840,Air
2026-09-14 14:25:45,+758.69,+025.09,+04.869,+04.860,Air
2026-09-14 14:25:47,+758.67,+025.08,+04.860,+04.851,Air
2026-09-14 14:25:49,+758.69,+025.06,+04.852,+04.843,Air
2026-09-14 14:25:51,+758.68,+025.10,+04.844,+04.834,Air
2026-09-14 14:25:53,+758.64,+025.11,+04.859,+04.848,Air
2026-09-14 14:25:55,+758.71,+025.09,+04.875,+04.865,Air
2026-09-14 14:25:57,+758.68,+025.07,+04.860,+04.851,Air
2026-09-14 14:25:59,+758.67,+025.10,+04.859,+04.849,Air
2026-09-14 14:26:01,+758.68,+025.09,+04.836,+04.826,Air
2026-09-14 14:26:03,+758.66,+025.07,+04.849,+04.840,Air
2026-09-14 14:26:05,+758.55,+025.11,+04.867,+04.856,Air
2026-09-14 14:26:07,+758.68,+025.13,+04.869,+04.858,Air
2026-09-14 14:26:09,+758.67,+025.10,+04.839,+04.829,Air
2026-09-14 14:26:11,+758.59,+025.12,+04.868,+04.857,Air
2026-09-14 14:26:13,+758.61,+025.06,+04.847,+04.837,Air
2026-09-14 14:26:15,+758.66,+025.08,+04.871,+04.861,Air
2026-09-14 14:26:17,+758.65,+025.05,+04.852,+04.843,Air
2026-09-14 14:26:19,+758.68,+025.09,+04.854,+04.844,Air
2026-09-14 14:26:21,+758.63,+025.09,+04.873,+04.862,Air
2026-09-14 14:26:23,+758.63,+025.07,+04.870,+04.860,Air
2026-09-14 14:26:25,+758.71,+025.11,+04.853,+04.843,Air
2026-09-14 14:26:27,+758.63,+025.07,+04.855,+04.845,Air
2026-09-14 14:26:29,+758.62,+025.08,+04.864,+04.854,Air
2026-09-14 14:26:31,+758.67,+025.08,+04.852,+04.842,Air
2026-09-14 14:26:33,+758.64,+025.10,+04.850,+04.840,Air
2026-09-14 14:26:35,+758.63,+025.08,+04.870,+04.860,Air
2026-09-14 14:26:37,+758.72,+025.10,+04.859,+04.849,Air
2026-09-14 14:26:39,+758.66,+025.10,+04.850,+04.840,Air
2026-09-14 14:26:41,+758.68,+025.10,+04.861,+04.851,Air
2026-09-14 14:26:43,+758.66,+025.10,+04.862,+04.852,Air
2026-09-14 14:26:45,+758.65,+025.08,+04.842,+04.832,Air
2026-09-14 14:26:47,+758.71,+025.11,+04.863,+04.853,Air
2026-09-14 14:26:49,+758.64,+025.09,+04.872,+04.862,Air
2026-09-14 14:26:51,+758.64,+025.08,+04.886,+04.876,Air
2026-09-14 14:26:53,+758.58,+025.12,+04.869,+04.858,Air
2026-09-14 14:26:55,+758.65,+025.08,+04.860,+04.850,Air
2026-09-14 14:26:57,+758.67,+025.07,+04.841,+04.832,Air
2026-09-14 14:26:59,+758.70,+025.08,+04.862,+04.852,Air
2026-09-14 14:27:01,+758.65,+025.09,+04.852,+04.842,Air
2026-09-14 14:27:03,+758.69,+025.12,+04.862,+04.852,Air
2026-09-14 14:27:05,+758.74,+025.07,+04.842,+04.833,Air
2026-09-14 14:27:07,+758.68,+025.11,+04.837,+04.827,Air
2026-09-14 14:27:09,+758.68,+025.05,+04.866,+04.857,Air
2026-09-14 14:27:11,+758.64,+025.12,+04.863,+04.852,Air
2026-09-14 14:27:13,+758.68,+025.10,+04.840,+04.830,Air
2026-09-14 14:27:15,+758.61,+025.11,+04.878,+04.867,Air
2026-09-14 14:27:17,+758.71,+025.14,+04.848,+04.837,Air
2026-09-14 14:27:19,+758.65,+025.05,+04.875,+04.865,Air
2026-09-14 14:27:21,+758.63,+025.09,+04.856,+04.846,Air
2026-09-14 14:27:23,+758.66,+025.10,+04.846,+04.836,Air
2026-09-14 14:27:25,+758.67,+025.06,+04.850,+04.841,Air
2026-09-14 14:27:27,+758.59,+025.10,+04.856,+04.846,Air
2026-09-14 14:27:29,+758.62,+025.12,+04.846,+04.835,Air
2026-09-14 14:27:31,+758.63,+025.10,+04.857,+04.847,Air
2026-09-14 14:27:33,+758.69,+025.11,+04.855,+04.845,Air
2026-09-14 14:27:35,+758.68,+025.09,+04.859,+04.849,Air
2026-09-14 14:27:37,+758.73,+025.13,+04.844,+04.834,Air
2026-09-14 14:27:39,+758.68,+025.10,+04.850,+04.840,Air
2026-09-14 14:27:41,+758.61,+025.09,+04.847,+04.837,Air
2026-09-14 14:27:43,+758.68,+025.13,+04.849,+04.839,Air
2026-09-14 14:27:45,+758.69,+025.09,+04.856,+04.846,Air
2026-09-14 14:27:47,+758.67,+025.09,+04.860,+04.850,Air
2026-09-14 14:27:49,+758.65,+025.14,+04.860,+04.849,Air
2026-09-14 14:27:51,+758.69,+025.11,+04.868,+04.858,Air
2026-09-14 14:27:53,+758.67,+025.08,+04.850,+04.840,Air
2026-09-14 14:27:55,+758.62,+025.09,+04.873,+04.863,Air
2026-09-14 14:27:57,+758.61,+025.10,+04.830,+04.820,Air
2026-09-14 14:27:59,+758.67,+025.09,+04.851,+04.841,Air
2026-09-14 14:28:01,+758.67,+025.10,+04.868,+04.858,Air
2026-09-14 14:28:03,+758.70,+025.11,+04.856,+04.846,Air
2026-09-14 14:28:05,+758.60,+025.08,+04.848,+04.838,Air
2026-09-14 14:28:07,+758.72,+025.10,+04.853,+04.843,Air
2026-09-14 14:28:09,+758.69,+025.12,+04.859,+04.849,Air
2026-09-14 14:28:11,+758.73,+025.08,+04.858,+04.848,Air
2026-09-14 14:28:13,+758.66,+025.07,+04.841,+04.832,Air
2026-09-14 14:28:15,+758.71,+025.10,+04.844,+04.834,Air
2026-09-14 14:28:17,+758.66,+025.08,+04.852,+04.842,Air
2026-09-14 14:28:19,+758.64,+025.12,+04.870,+04.859,Air
2026-09-14 14:28:21,+758.62,+025.07,+04.876,+04.866,Air
2026-09-14 14:28:23,+758.67,+025.08,+04.862,+04.852,Air
2026-09-14 14:28:25,+758.66,+025.09,+04.837,+04.827,Air
2026-09-14 14:28:27,+758.64,+025.11,+04.829,+04.818,Air
2026-09-14 14:28:29,+758.73,+025.10,+04.837,+04.828,Air
2026-09-14 14:28:31,+758.63,+025.09,+04.848,+04.838,Air
2026-09-14 14:28:33,+758.59,+025.05,+04.857,+04.847,Air
2026-09-14 14:28:35,+758.68,+025.08,+04.871,+04.861,Air
2026-09-14 14:28:37,+758.68,+025.10,+04.857,+04.847,Air
2026-09-14 14:28:39,+758.68,+025.11,+04.853,+04.843,Air
2026-09-14 14:28:41,+758.66,+025.09,+04.857,+04.847,Air
2026-09-14 14:28:43,+758.64,+025.10,+04.877,+04.867,Air
2026-09-14 14:28:45,+758.70,+025.10,+04.863,+04.853,Air
2026-09-14 14:28:47,+758.62,+025.07,+04.854,+04.844,Air
2026-09-14 14:28:49,+758.68,+025.08,+04.867,+04.857,Air
2026-09-14 14:28:51,+758.67,+025.15,+04.866,+04.855,Air
2026-09-14 14:28:53,+758.71,+025.11,+04.862,+04.852,Air
2026-09-14 14:28:55,+758.59,+025.10,+04.862,+04.851,Air
2026-09-14 14:28:57,+758.65,+025.10,+04.848,+04.838,Air
2026-09-14 14:28:59,+758.66,+025.11,+04.874,+04.864,Air
2026-09-14 14:29:01,+758.59,+025.09,+04.876,+04.866,Air
2026-09-14 14:29:03,+758.61,+025.12,+04.852,+04.841,Air
2026-09-14 14:29:05,+758.65,+025.08,+04.869,+04.859,Air
2026-09-14 14:29:07,+758.65,+025.10,+04.863,+04.853,Air
2026-09-14 14:29:09,+758.62,+025.10,+04.879,+04.868,Air
2026-09-14 14:29:11,+758.69,+025.11,+04.862,+04.852,Air
2026-09-14 14:29:13,+758.68,+025.08,+04.872,+04.862,Air
2026-09-14 14:29:15,+758.65,+025.10,+04.873,+04.862,Air
2026-09-14 14:29:17,+758.69,+025.06,+04.871,+04.862,Air
2026-09-14 14:29:19,+758.65,+025.13,+04.848,+04.837,Air
2026-09-14 14:29:21,+758.66,+025.12,+04.865,+04.855,Air
2026-09-14 14:29:23,+758.66,+025.07,+04.866,+04.856,Air
2026-09-14 14:29:25,+758.72,+025.12,+04.874,+04.864,Air
2026-09-14 14:29:27,+758.72,+025.06,+04.844,+04.835,Air
2026-09-14 14:29:29,+758.64,+025.12,+04.860,+04.850,Air
2026-09-14 14:29:31,+758.65,+025.12,+04.877,+04.867,Air
2026-09-14 14:29:33,+758.63,+025.08,+04.868,+04.858,Air
2026-09-14 14:29:35,+758.68,+025.09,+04.859,+04.849,Air
2026-09-14 14:29:37,+758.68,+025.09,+04.858,+04.848,Air
2026-09-14 14:29:39,+758.63,+025.09,+04.854,+04.844,Air
2026-09-14 14:29:41,+758.73,+025.08,+04.873,+04.864,Air
2026-09-14 14:29:43,+758.63,+025.08,+04.859,+04.849,Air
2026-09-14 14:29:45,+758.72,+025.09,+04.876,+04.866,Air
2026-09-14 14:29:47,+758.70,+025.10,+04.871,+04.861,Air
2026-09-14 14:29:49,+758.65,+025.10,+04.881,+04.871,Air
2026-09-14 14:29:51,+758.63,+025.05,+04.842,+04.833,Air
2026-09-14 14:29:53,+758.76,+025.11,+04.857,+04.847,Air
2026-09-14 14:29:55,+758.67,+025.10,+04.858,+04.848,Air
2026-09-14 14:29:57,+758.67,+025.09,+04.866,+04.856,Air
2026-09-14 14:29:59,+758.65,+025.11,+04.881,+04.871,Air
2026-09-14 14:30:01,+758.64,+025.06,+04.876,+04.866,Air
2026-09-14 14:30:03,+758.72,+025.08,+04.891,+04.882,Air
2026-09-14 14:30:05,+758.68,+025.08,+04.859,+04.849,Air
2026-09-14 14:30:07,+758.67,+025.08,+04.845,+04.835,Air
2026-09-14 14:30:09,+758.72,+025.09,+04.874,+04.864,Air
2026-09-14 14:30:11,+758.74,+025.10,+04.879,+04.869,Air
2026-09-14 14:30:13,+758.74,+025.11,+04.869,+04.859,Air
2026-09-14 14:30:15,+758.67,+025.10,+04.852,+04.842,Air
2026-09-14 14:30:17,+758.68,+025.11,+04.867,+04.857,Air
2026-09-14 14:30:19,+758.67,+025.09,+04.857,+04.847,Air
2026-09-14 14:30:21,+758.60,+025.11,+04.879,+04.869,Air
2026-09-14 14:30:23,+758.66,+025.12,+04.862,+04.851,Air
2026-09-14 14:30:25,+758.66,+025.10,+04.856,+04.846,Air
2026-09-14 14:30:27,+758.63,+025.15,+04.864,+04.853,Air
2026-09-14 14:30:29,+758.66,+025.08,+04.879,+04.869,Air
2026-09-14 14:30:31,+758.73,+025.12,+04.840,+04.830,Air
2026-09-14 14:30:33,+758.65,+025.10,+04.848,+04.838,Air
2026-09-14 14:30:35,+758.68,+025.09,+04.888,+04.878,Air
2026-09-14 14:30:37,+758.73,+025.10,+04.869,+04.859,Air
2026-09-14 14:30:39,+758.61,+025.09,+04.857,+04.847,Air
2026-09-14 14:30:41,+758.70,+025.09,+04.869,+04.859,Air
2026-09-14 14:30:43,+758.72,+025.11,+04.853,+04.843,Air
2026-09-14 14:30:45,+758.65,+025.12,+04.873,+04.863,Air
2026-09-14 14:30:47,+758.71,+025.08,+04.851,+04.842,Air
2026-09-14 14:30:49,+758.68,+025.11,+04.870,+04.860,Air
2026-09-14 14:30:51,+758.64,+025.10,+04.870,+04.859,Air
2026-09-14 14:30:53,+758.64,+025.10,+04.856,+04.846,Air
2026-09-14 14:30:55,+758.67,+025.08,+04.868,+04.858,Air
2026-09-14 14:30:57,+758.68,+025.09,+04.872,+04.862,Air
2026-09-14 14:30:59,+758.64,+025.09,+04.846,+04.836,Air
2026-09-14 14:31:01,+758.75,+025.08,+04.865,+04.856,Air
2026-09-14 14:31:03,+758.74,+025.08,+04.842,+04.832,Air
2026-09-14 14:31:05,+758.61,+025.09,+04.880,+04.869,Air
2026-09-14 14:31:07,+758.65,+025.12,+04.852,+04.841,Air
2026-09-14 14:31:09,+758.63,+025.10,+04.853,+04.843,Air
2026-09-14 14:31:11,+758.63,+025.11,+04.859,+04.848,Air
2026-09-14 14:31:13,+758.71,+025.11,+04.872,+04.862,Air
2026-09-14 14:31:15,+758.59,+025.09,+04.844,+04.833,Air
2026-09-14 14:31:17,+758.66,+025.11,+04.836,+04.825,Air
2026-09-14 14:31:19,+758.63,+025.09,+04.847,+04.837,Air
2026-09-14 14:31:21,+758.76,+025.10,+04.872,+04.862,Air
2026-09-14 14:31:23,+758.68,+025.10,+04.864,+04.854,Air
2026-09-14 14:31:25,+758.62,+025.09,+04.875,+04.864,Air
2026-09-14 14:31:27,+758.67,+025.09,+04.856,+04.846,Air
2026-09-14 14:31:29,+758.71,+025.08,+04.867,+04.858,Air
2026-09-14 14:31:31,+758.66,+025.13,+04.864,+04.853,Air
2026-09-14 14:31:33,+758.70,+025.09,+04.864,+04.854,Air
2026-09-14 14:31:35,+758.63,+025.14,+04.883,+04.872,Air
2026-09-14 14:31:37,+758.72,+025.09,+04.856,+04.847,Air
2026-09-14 14:31:39,+758.71,+025.07,+04.851,+04.842,Air
2026-09-14 14:31:41,+758.68,+025.11,+04.863,+04.853,Air
2026-09-14 14:31:43,+758.70,+025.10,+04.853,+04.843,Air
2026-09-14 14:31:45,+758.62,+025.10,+04.839,+04.828,Air
2026-09-14 14:31:47,+758.69,+025.09,+04.854,+04.844,Air
2026-09-14 14:31:49,+758.62,+025.10,+04.855,+04.844,Air
2026-09-14 14:31:51,+758.61,+025.10,+04.872,+04.861,Air
2026-09-14 14:31:53,+758.72,+025.10,+04.857,+04.847,Air
2026-09-14 14:31:55,+758.64,+025.07,+04.884,+04.874,Air
2026-09-14 14:31:57,+758.70,+025.10,+04.879,+04.869,Air
2026-09-14 14:31:59,+758.67,+025.09,+04.863,+04.853,Air
2026-09-14 14:32:01,+758.64,+025.11,+04.835,+04.825,Air
2026-09-14 14:32:03,+758.66,+025.07,+04.853,+04.843,Air
2026-09-14 14:32:05,+758.73,+025.06,+04.859,+04.850,Air
2026-09-14 14:32:07,+758.70,+025.07,+04.856,+04.846,Air
2026-09-14 14:32:09,+758.64,+025.10,+04.848,+04.837,Air
2026-09-14 14:32:11,+758.66,+025.09,+04.865,+04.855,Air
2026-09-14 14:32:13,+758.64,+025.10,+04.863,+04.852,Air
2026-09-14 14:32:15,+758.70,+025.09,+04.845,+04.835,Air
2026-09-14 14:32:17,+758.73,+025.10,+04.852,+04.843,Air
2026-09-14 14:32:19,+758.72,+025.10,+04.850,+04.841,Air
2026-09-14 14:32:21,+758.59,+025.08,+04.866,+04.856,Air
2026-09-14 14:32:23,+758.71,+025.11,+04.866,+04.856,Air
2026-09-14 14:32:25,+758.72,+025.09,+04.859,+04.849,Air
2026-09-14 14:32:27,+758.64,+025.11,+04.883,+04.872,Air
2026-09-14 14:32:29,+758.65,+025.08,+04.866,+04.856,Air
2026-09-14 14:32:31,+758.70,+025.09,+04.876,+04.866,Air
2026-09-14 14:32:33,+758.66,+025.10,+04.867,+04.857,Air
2026-09-14 14:32:35,+758.68,+025.09,+04.863,+04.853,Air
2026-09-14 14:32:37,+758.68,+025.09,+04.855,+04.845,Air
2026-09-14 14:32:39,+758.71,+025.10,+04.856,+04.846,Air
2026-09-14 14:32:41,+758.63,+025.11,+04.848,+04.837,Air
2026-09-14 14:32:43,+758.75,+025.09,+04.835,+04.826,Air
2026-09-14 14:32:45,+758.70,+025.10,+04.851,+04.841,Air
2026-09-14 14:32:47,+758.67,+025.12,+04.879,+04.869,Air
2026-09-14 14:32:49,+758.69,+025.10,+04.864,+04.854,Air
2026-09-14 14:32:51,+758.58,+025.06,+04.862,+04.852,Air
2026-09-14 14:32:53,+758.69,+025.08,+04.864,+04.855,Air
2026-09-14 14:32:55,+758.73,+025.13,+04.857,+04.847,Air
2026-09-14 14:32:57,+758.68,+025.10,+04.858,+04.848,Air
2026-09-14 14:32:59,+758.69,+025.08,+04.871,+04.861,Air
2026-09-14 14:33:01,+758.65,+025.11,+04.858,+04.848,Air
2026-09-14 14:33:03,+758.66,+025.14,+04.848,+04.837,Air
2026-09-14 14:33:05,+758.70,+025.09,+04.846,+04.836,Air
2026-09-14 14:33:07,+758.73,+025.11,+04.887,+04.877,Air
2026-09-14 14:33:09,+758.72,+025.11,+04.867,+04.857,Air
2026-09-14 14:33:11,+758.69,+025.11,+04.862,+04.852,Air
2026-09-14 14:33:13,+758.68,+025.10,+04.874,+04.864,Air
2026-09-14 14:33:15,+758.71,+025.11,+04.852,+04.842,Air
2026-09-14 14:33:17,+758.67,+025.12,+04.856,+04.846,Air
2026-09-14 14:33:19,+758.64,+025.06,+04.861,+04.852,Air
2026-09-14 14:33:21,+758.73,+025.11,+04.839,+04.829,Air
2026-09-14 14:33:23,+758.68,+025.12,+04.851,+04.841,Air
2026-09-14 14:33:25,+758.68,+025.09,+04.855,+04.846,Air
2026-09-14 14:33:27,+758.65,+025.10,+04.836,+04.825,Air
2026-09-14 14:33:29,+758.72,+025.08,+04.861,+04.852,Air
2026-09-14 14:33:31,+758.67,+025.12,+04.863,+04.853,Air
2026-09-14 14:33:33,+758.72,+025.12,+04.834,+04.824,Air
2026-09-14 14:33:35,+758.69,+025.13,+04.875,+04.864,Air
2026-09-14 14:33:37,+758.70,+025.11,+04.843,+04.832,Air
2026-09-14 14:33:39,+758.63,+025.13,+04.872,+04.861,Air
2026-09-14 14:33:41,+758.70,+025.09,+04.870,+04.860,Air
2026-09-14 14:33:43,+758.63,+025.07,+04.885,+04.875,Air
2026-09-14 14:33:45,+758.58,+025.06,+04.854,+04.844,Air
2026-09-14 14:33:47,+758.78,+025.10,+04.883,+04.873,Air
2026-09-14 14:33:49,+758.69,+025.10,+04.869,+04.859,Air
2026-09-14 14:33:51,+758.69,+025.09,+04.892,+04.882,Air
2026-09-14 14:33:53,+758.68,+025.06,+04.865,+04.855,Air
2026-09-14 14:33:55,+758.73,+025.10,+04.845,+04.836,Air
2026-09-14 14:33:57,+758.67,+025.13,+04.863,+04.853,Air
2026-09-14 14:33:59,+758.69,+025.11,+04.859,+04.849,Air
2026-09-14 14:34:01,+758.69,+025.08,+04.844,+04.835,Air
2026-09-14 14:34:03,+758.66,+025.13,+04.873,+04.863,Air
2026-09-14 14:34:05,+758.70,+025.05,+04.852,+04.843,Air
2026-09-14 14:34:07,+758.75,+025.11,+04.860,+04.850,Air
2026-09-14 14:34:09,+758.73,+025.09,+04.853,+04.843,Air
2026-09-14 14:34:11,+758.73,+025.13,+04.858,+04.848,Air
2026-09-14 14:34:13,+758.68,+025.11,+04.858,+04.848,Air
2026-09-14 14:34:15,+758.71,+025.11,+04.856,+04.846,Air
2026-09-14 14:34:17,+758.73,+025.11,+04.845,+04.835,Air
2026-09-14 14:34:19,+758.71,+025.14,+04.872,+04.861,Air
2026-09-14 14:34:21,+758.65,+025.08,+04.858,+04.848,Air
2026-09-14 14:34:23,+758.67,+025.12,+04.861,+04.850,Air
2026-09-14 14:34:25,+758.65,+025.10,+04.885,+04.875,Air
2026-09-14 14:34:27,+758.66,+025.07,+04.869,+04.859,Air
2026-09-14 14:34:29,+758.69,+025.08,+04.871,+04.862,Air
2026-09-14 14:34:31,+758.69,+025.11,+04.855,+04.845,Air
2026-09-14 14:34:33,+758.73,+025.09,+04.867,+04.857,Air
2026-09-14 14:34:35,+758.69,+025.10,+04.849,+04.840,Air
2026-09-14 14:34:37,+758.63,+025.14,+04.849,+04.838,Air
2026-09-14 14:34:39,+758.73,+025.08,+04.853,+04.844,Air
2026-09-14 14:34:41,+758.69,+025.11,+04.861,+04.850,Air
2026-09-14 14:34:43,+758.72,+025.09,+04.846,+04.836,Air
2026-09-14 14:34:45,+758.64,+025.09,+04.851,+04.841,Air
2026-09-14 14:34:47,+758.70,+025.11,+04.859,+04.849,Air
2026-09-14 14:34:49,+758.73,+025.12,+04.840,+04.830,Air
2026-09-14 14:34:51,+758.71,+025.09,+04.865,+04.855,Air
2026-09-14 14:34:53,+758.74,+025.12,+04.877,+04.867,Air
2026-09-14 14:34:55,+758.70,+025.10,+04.872,+04.862,Air
2026-09-14 14:34:57,+758.71,+025.10,+04.859,+04.849,Air
2026-09-14 14:34:59,+758.73,+025.11,+04.849,+04.839,Air
2026-09-14 14:35:01,+758.72,+025.11,+04.866,+04.856,Air
2026-09-14 14:35:03,+758.63,+025.10,+04.851,+04.841,Air
2026-09-14 14:35:05,+758.73,+025.12,+04.852,+04.842,Air
2026-09-14 14:35:07,+758.66,+025.10,+04.865,+04.854,Air
2026-09-14 14:35:09,+758.68,+025.11,+04.854,+04.844,Air
2026-09-14 14:35:11,+758.72,+025.08,+04.861,+04.852,Air
2026-09-14 14:35:13,+758.62,+025.10,+04.866,+04.855,Air
2026-09-14 14:35:15,+758.75,+025.07,+04.853,+04.843,Air
2026-09-14 14:35:17,+758.71,+025.11,+04.866,+04.856,Air
2026-09-14 14:35:19,+758.70,+025.11,+04.852,+04.842,Air
2026-09-14 14:35:21,+758.74,+025.13,+04.876,+04.865,Air
2026-09-14 14:35:23,+758.78,+025.10,+04.857,+04.848,Air
2026-09-14 14:35:25,+758.69,+025.08,+04.845,+04.835,Air
2026-09-14 14:35:27,+758.67,+025.12,+04.861,+04.851,Air
2026-09-14 14:35:29,+758.76,+025.10,+04.846,+04.836,Air
2026-09-14 14:35:31,+758.76,+025.08,+04.887,+04.878,Air
2026-09-14 14:35:33,+758.65,+025.08,+04.875,+04.865,Air
2026-09-14 14:35:35,+758.72,+025.12,+04.843,+04.833,Air
2026-09-14 14:35:37,+758.68,+025.10,+04.853,+04.843,Air
2026-09-14 14:35:39,+758.78,+025.16,+04.859,+04.849,Air
2026-09-14 14:35:41,+758.71,+025.09,+04.855,+04.845,Air
2026-09-14 14:35:43,+758.67,+025.07,+04.862,+04.852,Air
2026-09-14 14:35:45,+758.66,+025.08,+04.878,+04.869,Air
2026-09-14 14:35:47,+758.71,+025.09,+04.879,+04.869,Air
2026-09-14 14:35:49,+758.67,+025.10,+04.865,+04.855,Air
2026-09-14 14:35:51,+758.70,+025.07,+04.877,+04.867,Air
2026-09-14 14:35:53,+758.64,+025.10,+04.861,+04.851,Air
2026-09-14 14:35:55,+758.69,+025.10,+04.862,+04.852,Air
2026-09-14 14:35:57,+758.72,+025.10,+04.859,+04.849,Air
2026-09-14 14:35:59,+758.67,+025.09,+04.867,+04.857,Air
2026-09-14 14:36:01,+758.66,+025.10,+04.877,+04.867,Air
2026-09-14 14:36:03,+758.69,+025.09,+04.872,+04.862,Air
2026-09-14 14:36:05,+758.73,+025.11,+04.861,+04.851,Air
2026-09-14 14:36:07,+758.72,+025.09,+04.859,+04.850,Air
2026-09-14 14:36:09,+758.71,+025.09,+04.866,+04.856,Air
2026-09-14 14:36:11,+758.75,+025.10,+04.867,+04.857,Air
2026-09-14 14:36:13,+758.70,+025.10,+04.880,+04.870,Air
2026-09-14 14:36:15,+758.62,+025.14,+04.850,+04.839,Air
2026-09-14 14:36:17,+758.70,+025.14,+04.853,+04.843,Air
2026-09-14 14:36:19,+758.69,+025.08,+04.846,+04.836,Air
2026-09-14 14:36:21,+758.63,+025.10,+04.880,+04.869,Air
2026-09-14 14:36:23,+758.70,+025.13,+04.948,+04.938,Air
2026-09-14 14:36:25,+758.70,+025.12,+05.012,+05.001,Air
2026-09-14 14:36:27,+758.59,+025.11,+05.117,+05.105,Air
2026-09-14 14:36:29,+758.63,+025.08,+05.219,+05.208,Air
2026-09-14 14:36:31,+758.66,+025.10,+05.357,+05.345,Air
2026-09-14 14:36:33,+758.59,+025.11,+05.462,+05.450,Air
2026-09-14 14:36:35,+758.56,+025.11,+05.601,+05.588,Air
2026-09-14 14:36:37,+758.52,+025.11,+05.739,+05.726,Air
2026-09-14 14:36:39,+758.55,+025.11,+05.882,+05.869,Air
2026-09-14 14:36:41,+758.42,+025.10,+06.024,+06.009,Air
2026-09-14 14:36:43,+758.49,+025.10,+06.196,+06.181,Air
2026-09-14 14:36:45,+758.35,+025.08,+06.350,+06.334,Air
2026-09-14 14:36:47,+758.41,+025.09,+06.519,+06.504,Air
2026-09-14 14:36:49,+758.36,+025.10,+06.657,+06.640,Air
2026-09-14 14:36:51,+758.35,+025.07,+06.817,+06.801,Air
2026-09-14 14:36:53,+758.33,+025.13,+06.970,+06.951,Air
2026-09-14 14:36:55,+758.25,+025.08,+07.124,+07.106,Air
2026-09-14 14:36:57,+758.28,+025.11,+07.297,+07.278,Air
2026-09-14 14:36:59,+758.21,+025.12,+07.468,+07.447,Air
2026-09-14 14:37:01,+758.17,+025.14,+07.576,+07.554,Air
2026-09-14 14:37:03,+758.14,+025.08,+07.728,+07.707,Air
2026-09-14 14:37:05,+758.13,+025.11,+07.904,+07.882,Air
2026-09-14 14:37:07,+758.13,+025.14,+08.008,+07.984,Air
2026-09-14 14:37:09,+758.08,+025.12,+08.144,+08.120,Air
2026-09-14 14:37:11,+758.09,+025.07,+08.291,+08.269,Air
2026-09-14 14:37:13,+758.07,+025.06,+08.417,+08.394,Air
2026-09-14 14:37:15,+758.07,+025.11,+08.531,+08.506,Air
2026-09-14 14:37:17,+758.01,+025.06,+08.647,+08.622,Air
2026-09-14 14:37:19,+758.01,+025.14,+08.780,+08.753,Air
2026-09-14 14:37:21,+757.96,+025.09,+08.889,+08.863,Air
2026-09-14 14:37:23,+758.01,+025.13,+08.996,+08.969,Air
2026-09-14 14:37:25,+757.98,+025.08,+09.095,+09.068,Air
2026-09-14 14:37:27,+757.90,+025.09,+09.193,+09.164,Air
2026-09-14 14:37:29,+757.87,+025.11,+09.310,+09.280,Air
2026-09-14 14:37:31,+757.89,+025.13,+09.402,+09.372,Air
2026-09-14 14:37:33,+757.85,+025.08,+09.478,+09.448,Air
2026-09-14 14:37:35,+757.85,+025.06,+09.586,+09.557,Air
2026-09-14 14:37:37,+757.93,+025.08,+09.667,+09.638,Air
2026-09-14 14:37:39,+757.80,+025.08,+09.742,+09.711,Air
2026-09-14 14:37:41,+757.86,+025.07,+09.826,+09.796,Air
2026-09-14 14:37:43,+757.81,+025.09,+09.914,+09.882,Air
2026-09-14 14:37:45,+757.88,+025.12,+09.985,+09.953,Air
2026-09-14 14:37:47,+757.75,+025.10,+10.034,+10.001,Air
2026-09-14 14:37:49,+757.72,+025.03,+10.118,+10.087,Air
2026-09-14 14:37:51,+757.85,+025.06,+10.180,+10.150,Air
2026-09-14 14:37:53,+757.70,+025.05,+10.242,+10.210,Air
2026-09-14 14:37:55,+757.66,+025.12,+10.303,+10.267,Air
2026-09-14 14:37:57,+757.74,+025.08,+10.350,+10.316,Air
2026-09-14 14:37:59,+757.70,+025.10,+10.392,+10.357,Air
2026-09-14 14:38:01,+757.65,+025.11,+10.484,+10.448,Air
2026-09-14 14:38:03,+757.72,+025.11,+10.510,+10.474,Air
2026-09-14 14:38:05,+757.74,+025.08,+10.583,+10.548,Air
2026-09-14 14:38:07,+757.66,+025.07,+10.590,+10.555,Air
2026-09-14 14:38:09,+757.69,+025.12,+10.662,+10.625,Air
2026-09-14 14:38:11,+757.61,+025.09,+10.711,+10.674,Air
2026-09-14 14:38:13,+757.68,+025.11,+10.730,+10.694,Air
2026-09-14 14:38:15,+757.70,+025.12,+10.775,+10.738,Air
2026-09-14 14:38:17,+757.66,+025.10,+10.825,+10.788,Air
2026-09-14 14:38:19,+757.59,+025.10,+10.863,+10.825,Air
2026-09-14 14:38:21,+757.57,+025.08,+10.897,+10.859,Air
2026-09-14 14:38:23,+757.64,+025.13,+10.941,+10.903,Air
2026-09-14 14:38:25,+757.60,+025.11,+10.954,+10.915,Air
2026-09-14 14:38:27,+757.61,+025.09,+10.987,+10.950,Air
2026-09-14 14:38:29,+757.58,+025.08,+11.031,+10.993,Air
2026-09-14 14:38:31,+757.62,+025.09,+11.045,+11.007,Air
2026-09-14 14:38:33,+757.65,+025.07,+11.079,+11.042,Air
2026-09-14 14:38:35,+757.59,+025.11,+11.110,+11.071,Air
2026-09-14 14:38:37,+757.54,+025.07,+11.129,+11.091,Air
2026-09-14 14:38:39,+757.65,+025.11,+11.157,+11.119,Air
2026-09-14 14:38:41,+757.57,+025.11,+11.164,+11.125,Air
2026-09-14 14:38:43,+757.70,+025.08,+11.163,+11.126,Air
2026-09-14 14:38:45,+757.53,+025.10,+11.213,+11.173,Air
2026-09-14 14:38:47,+757.57,+025.12,+11.240,+11.200,Air
2026-09-14 14:38:49,+757.47,+025.09,+11.259,+11.218,Air
2026-09-14 14:38:51,+757.56,+025.12,+11.283,+11.242,Air
2026-09-14 14:38:53,+757.59,+025.09,+11.305,+11.265,Air
2026-09-14 14:38:55,+757.57,+025.07,+11.296,+11.257,Air
2026-09-14 14:38:57,+757.51,+025.11,+11.321,+11.280,Air
2026-09-14 14:38:59,+757.52,+025.12,+11.358,+11.316,Air
2026-09-14 14:39:01,+757.54,+025.08,+11.319,+11.279,Air
2026-09-14 14:39:03,+757.47,+025.08,+11.393,+11.352,Air
2026-09-14 14:39:05,+757.63,+025.10,+11.371,+11.331,Air
2026-09-14 14:39:07,+757.55,+025.11,+11.406,+11.365,Air
2026-09-14 14:39:09,+757.57,+025.12,+11.416,+11.375,Air
2026-09-14 14:39:11,+757.56,+025.10,+11.409,+11.368,Air
2026-09-14 14:39:13,+757.54,+025.06,+11.442,+11.403,Air
2026-09-14 14:39:15,+757.58,+025.11,+11.427,+11.386,Air
2026-09-14 14:39:17,+757.57,+025.08,+11.448,+11.408,Air
2026-09-14 14:39:19,+757.58,+025.09,+11.458,+11.418,Air
2026-09-14 14:39:21,+757.41,+025.08,+11.473,+11.431,Air
2026-09-14 14:39:23,+757.44,+025.11,+11.485,+11.442,Air
2026-09-14 14:39:25,+757.48,+025.10,+11.502,+11.460,Air
2026-09-14 14:39:27,+757.49,+025.07,+11.498,+11.457,Air
2026-09-14 14:39:29,+757.51,+025.06,+11.516,+11.476,Air
2026-09-14 14:39:31,+757.44,+025.08,+11.517,+11.475,Air
2026-09-14 14:39:33,+757.53,+025.08,+11.504,+11.464,Air
2026-09-14 14:39:35,+757.51,+025.08,+11.533,+11.492,Air
2026-09-14 14:39:37,+757.49,+025.12,+11.537,+11.494,Air
2026-09-14 14:39:39,+757.50,+025.09,+11.518,+11.476,Air
2026-09-14 14:39:41,+757.52,+025.09,+11.566,+11.525,Air
2026-09-14 14:39:43,+757.55,+025.10,+11.558,+11.517,Air
2026-09-14 14:39:45,+757.48,+025.11,+11.561,+11.518,Air
2026-09-14 14:39:47,+757.57,+025.11,+11.561,+11.519,Air
2026-09-14 14:39:49,+757.51,+025.10,+11.552,+11.511,Air
2026-09-14 14:39:51,+757.48,+025.09,+11.575,+11.533,Air
2026-09-14 14:39:53,+757.54,+025.10,+11.588,+11.547,Air
2026-09-14 14:39:55,+757.50,+025.08,+11.572,+11.530,Air
2026-09-14 14:39:57,+757.51,+025.11,+11.590,+11.548,Air
2026-09-14 14:39:59,+757.56,+025.07,+11.591,+11.551,Air
2026-09-14 14:40:01,+757.56,+025.10,+11.601,+11.560,Air
2026-09-14 14:40:03,+757.55,+025.09,+11.596,+11.555,Air
2026-09-14 14:40:05,+757.49,+025.10,+11.603,+11.561,Air
2026-09-14 14:40:07,+757.52,+025.11,+11.604,+11.562,Air
2026-09-14 14:40:09,+757.53,+025.12,+11.592,+11.549,Air
2026-09-14 14:40:11,+757.51,+025.06,+11.607,+11.567,Air
2026-09-14 14:40:13,+757.45,+025.10,+11.611,+11.568,Air
2026-09-14 14:40:15,+757.53,+025.09,+11.641,+11.600,Air
2026-09-14 14:40:17,+757.44,+025.12,+11.626,+11.582,Air
2026-09-14 14:40:19,+757.49,+025.11,+11.605,+11.562,Air
2026-09-14 14:40:21,+757.51,+025.09,+11.609,+11.568,Air
2026-09-14 14:40:23,+757.44,+025.15,+11.632,+11.587,Air
2026-09-14 14:40:25,+757.48,+025.13,+11.655,+11.611,Air
2026-09-14 14:40:27,+757.51,+025.10,+11.641,+11.599,Air
2026-09-14 14:40:29,+757.48,+025.14,+11.622,+11.578,Air
2026-09-14 14:40:31,+757.51,+025.09,+11.642,+11.600,Air
2026-09-14 14:40:33,+757.44,+025.12,+11.655,+11.611,Air
2026-09-14 14:40:35,+757.52,+025.12,+11.652,+11.609,Air
2026-09-14 14:40:37,+757.46,+025.11,+11.626,+11.583,Air
2026-09-14 14:40:39,+757.59,+025.11,+11.642,+11.601,Air
2026-09-14 14:40:41,+757.51,+025.09,+11.649,+11.607,Air
2026-09-14 14:40:43,+757.44,+025.13,+11.656,+11.612,Air
2026-09-14 14:40:45,+757.42,+025.11,+11.635,+11.591,Air
2026-09-14 14:40:47,+757.50,+025.11,+11.671,+11.629,Air
2026-09-14 14:40:49,+757.52,+025.08,+11.656,+11.615,Air
2026-09-14 14:40:51,+757.49,+025.12,+11.638,+11.595,Air
2026-09-14 14:40:53,+757.53,+025.09,+11.641,+11.600,Air
2026-09-14 14:40:55,+757.50,+025.13,+11.652,+11.608,Air
2026-09-14 14:40:57,+757.52,+025.11,+11.650,+11.608,Air
2026-09-14 14:40:59,+757.50,+025.09,+11.661,+11.620,Air
2026-09-14 14:41:01,+757.43,+025.09,+11.660,+11.617,Air
2026-09-14 14:41:03,+757.45,+025.12,+11.659,+11.615,Air
2026-09-14 14:41:05,+757.48,+025.05,+11.630,+11.590,Air
2026-09-14 14:41:07,+757.47,+025.10,+11.665,+11.623,Air
2026-09-14 14:41:09,+757.52,+025.07,+11.652,+11.611,Air
2026-09-14 14:41:11,+757.55,+025.09,+11.675,+11.634,Air
2026-09-14 14:41:13,+757.43,+025.12,+11.650,+11.606,Air
2026-09-14 14:41:15,+757.52,+025.14,+11.672,+11.629,Air
2026-09-14 14:41:17,+757.44,+025.10,+11.672,+11.629,Air
2026-09-14 14:41:19,+757.47,+025.07,+11.693,+11.651,Air
2026-09-14 14:41:21,+757.49,+025.11,+11.659,+11.617,Air
2026-09-14 14:41:23,+757.46,+025.09,+11.665,+11.622,Air
2026-09-14 14:41:25,+757.46,+025.07,+11.643,+11.602,Air
2026-09-14 14:41:27,+757.50,+025.11,+11.657,+11.615,Air
2026-09-14 14:41:29,+757.56,+025.09,+11.645,+11.604,Air
2026-09-14 14:41:31,+757.56,+025.10,+11.665,+11.623,Air
2026-09-14 14:41:33,+757.54,+025.09,+11.667,+11.626,Air
2026-09-14 14:41:35,+757.53,+025.10,+11.673,+11.631,Air
2026-09-14 14:41:37,+757.46,+025.12,+11.682,+11.639,Air
2026-09-14 14:41:39,+757.41,+025.10,+11.678,+11.634,Air
2026-09-14 14:41:41,+757.49,+025.09,+11.674,+11.633,Air
2026-09-14 14:41:43,+757.49,+025.10,+11.675,+11.632,Air
2026-09-14 14:41:45,+757.53,+025.08,+11.674,+11.634,Air
2026-09-14 14:41:47,+757.48,+025.08,+11.679,+11.637,Air
2026-09-14 14:41:49,+757.50,+025.10,+11.675,+11.632,Air
2026-09-14 14:41:51,+757.48,+025.07,+11.668,+11.627,Air
2026-09-14 14:41:53,+757.48,+025.10,+11.679,+11.636,Air
2026-09-14 14:41:55,+757.50,+025.10,+11.673,+11.631,Air
2026-09-14 14:41:57,+757.48,+025.08,+11.658,+11.617,Air
2026-09-14 14:41:59,+757.48,+025.10,+11.685,+11.643,Air
2026-09-14 14:42:01,+757.44,+025.06,+11.675,+11.633,Air
2026-09-14 14:42:03,+757.50,+025.12,+11.686,+11.643,Air
2026-09-14 14:42:05,+757.54,+025.13,+11.674,+11.631,Air
2026-09-14 14:42:07,+757.46,+025.08,+11.665,+11.623,Air
2026-09-14 14:42:09,+757.49,+025.12,+11.680,+11.636,Air
2026-09-14 14:42:11,+757.42,+025.07,+11.673,+11.630,Air
2026-09-14 14:42:13,+757.50,+025.10,+11.683,+11.641,Air
2026-09-14 14:42:15,+757.50,+025.06,+11.677,+11.636,Air
2026-09-14 14:42:17,+757.49,+025.10,+11.671,+11.629,Air
2026-09-14 14:42:19,+757.50,+025.10,+11.658,+11.616,Air
2026-09-14 14:42:21,+757.47,+025.10,+11.670,+11.627,Air
2026-09-14 14:42:23,+757.46,+025.13,+11.652,+11.608,Air
2026-09-14 14:42:25,+757.56,+025.06,+11.677,+11.638,Air
2026-09-14 14:42:27,+757.52,+025.07,+11.669,+11.628,Air
2026-09-14 14:42:29,+757.46,+025.09,+11.686,+11.643,Air
2026-09-14 14:42:31,+757.44,+025.09,+11.692,+11.649,Air
2026-09-14 14:42:33,+757.52,+025.13,+11.676,+11.633,Air
2026-09-14 14:42:35,+757.46,+025.11,+11.703,+11.660,Air
2026-09-14 14:42:37,+757.49,+025.11,+11.672,+11.629,Air
2026-09-14 14:42:39,+757.48,+025.10,+11.684,+11.641,Air
2026-09-14 14:42:41,+757.54,+025.08,+11.669,+11.628,Air
2026-09-14 14:42:43,+757.52,+025.09,+11.658,+11.616,Air
2026-09-14 14:42:45,+757.50,+025.11,+11.699,+11.656,Air
2026-09-14 14:42:47,+757.47,+025.07,+11.699,+11.657,Air
2026-09-14 14:42:49,+757.49,+025.08,+11.691,+11.649,Air
2026-09-14 14:42:51,+757.53,+025.08,+11.704,+11.663,Air
2026-09-14 14:42:53,+757.45,+025.09,+11.700,+11.657,Air
2026-09-14 14:42:55,+757.51,+025.09,+11.696,+11.654,Air
2026-09-14 14:42:57,+757.55,+025.12,+11.679,+11.637,Air
2026-09-14 14:42:59,+757.46,+025.11,+11.677,+11.633,Air
2026-09-14 14:43:01,+757.53,+025.08,+11.686,+11.645,Air
2026-09-14 14:43:03,+757.50,+025.07,+11.691,+11.650,Air
2026-09-14 14:43:05,+757.37,+025.09,+11.688,+11.645,Air
2026-09-14 14:43:07,+757.46,+025.08,+11.691,+11.649,Air
2026-09-14 14:43:09,+757.46,+025.13,+11.690,+11.646,Air
2026-09-14 14:43:11,+757.48,+025.12,+11.680,+11.636,Air
2026-09-14 14:43:13,+757.49,+025.14,+11.686,+11.642,Air
2026-09-14 14:43:15,+757.55,+025.12,+11.667,+11.624,Air
2026-09-14 14:43:17,+757.45,+025.11,+11.675,+11.631,Air
2026-09-14 14:43:19,+757.54,+025.11,+11.682,+11.639,Air
2026-09-14 14:43:21,+757.49,+025.11,+11.676,+11.633,Air
2026-09-14 14:43:23,+757.51,+025.11,+11.677,+11.634,Air
2026-09-14 14:43:25,+757.54,+025.11,+11.681,+11.639,Air
2026-09-14 14:43:27,+757.53,+025.10,+11.680,+11.638,Air
2026-09-14 14:43:29,+757.48,+025.09,+11.715,+11.673,Air
2026-09-14 14:43:31,+757.48,+025.13,+11.676,+11.632,Air
2026-09-14 14:43:33,+757.46,+025.12,+11.691,+11.647,Air
2026-09-14 14:43:35,+757.45,+025.10,+11.652,+11.610,Air
2026-09-14 14:43:37,+757.50,+025.10,+11.675,+11.633,Air
2026-09-14 14:43:39,+757.49,+025.10,+11.676,+11.633,Air
2026-09-14 14:43:41,+757.42,+025.06,+11.676,+11.634,Air
2026-09-14 14:43:43,+757.56,+025.10,+11.706,+11.665,Air
2026-09-14 14:43:45,+757.59,+025.11,+11.678,+11.637,Air
2026-09-14 14:43:47,+757.49,+025.09,+11.672,+11.629,Air
2026-09-14 14:43:49,+757.51,+025.12,+11.678,+11.635,Air
2026-09-14 14:43:51,+757.46,+025.10,+11.681,+11.639,Air
2026-09-14 14:43:53,+757.44,+025.07,+11.670,+11.628,Air
2026-09-14 14:43:55,+757.55,+025.11,+11.675,+11.633,Air
2026-09-14 14:43:57,+757.47,+025.05,+11.695,+11.654,Air
2026-09-14 14:43:59,+757.42,+025.09,+11.682,+11.639,Air
2026-09-14 14:44:01,+757.53,+025.07,+11.679,+11.639,Air
2026-09-14 14:44:03,+757.48,+025.09,+11.686,+11.644,Air
2026-09-14 14:44:05,+757.40,+025.09,+11.677,+11.634,Air
2026-09-14 14:44:07,+757.43,+025.10,+11.689,+11.646,Air
2026-09-14 14:44:09,+757.50,+025.10,+11.671,+11.629,Air
2026-09-14 14:44:11,+757.61,+025.09,+11.668,+11.628,Air
2026-09-14 14:44:13,+757.45,+025.12,+11.689,+11.645,Air
2026-09-14 14:44:15,+757.47,+025.08,+11.671,+11.629,Air
2026-09-14 14:44:17,+757.56,+025.13,+11.672,+11.630,Air
2026-09-14 14:44:19,+757.52,+025.07,+11.671,+11.630,Air
2026-09-14 14:44:21,+757.53,+025.10,+11.681,+11.639,Air
2026-09-14 14:44:23,+757.46,+025.07,+11.692,+11.650,Air
2026-09-14 14:44:25,+757.45,+025.11,+11.678,+11.634,Air
2026-09-14 14:44:27,+757.46,+025.13,+11.684,+11.640,Air
2026-09-14 14:44:29,+757.49,+025.08,+11.692,+11.651,Air
2026-09-14 14:44:31,+757.53,+025.12,+11.692,+11.649,Air
2026-09-14 14:44:33,+757.45,+025.10,+11.687,+11.644,Air
2026-09-14 14:44:35,+757.57,+025.09,+11.678,+11.637,Air
2026-09-14 14:44:37,+757.53,+025.09,+11.687,+11.646,Air
2026-09-14 14:44:39,+757.48,+025.09,+11.671,+11.629,Air
2026-09-14 14:44:41,+757.45,+025.09,+11.691,+11.648,Air
2026-09-14 14:44:43,+757.52,+025.09,+11.698,+11.656,Air
2026-09-14 14:44:45,+757.51,+025.13,+11.697,+11.654,Air
2026-09-14 14:44:47,+757.54,+025.06,+11.659,+11.619,Air
2026-09-14 14:44:49,+757.54,+025.07,+11.680,+11.639,Air
2026-09-14 14:44:51,+757.46,+025.09,+11.680,+11.638,Air
2026-09-14 14:44:53,+757.50,+025.07,+11.697,+11.656,Air
2026-09-14 14:44:55,+757.48,+025.12,+11.673,+11.630,Air
2026-09-14 14:44:57,+757.48,+025.08,+11.663,+11.621,Air
2026-09-14 14:44:59,+757.51,+025.12,+11.694,+11.652,Air
2026-09-14 14:45:01,+757.54,+025.10,+11.671,+11.629,Air
2026-09-14 14:45:03,+757.43,+025.10,+11.692,+11.649,Air
2026-09-14 14:45:05,+757.46,+025.11,+11.720,+11.676,Air
2026-09-14 14:45:07,+757.60,+025.12,+11.664,+11.622,Air
2026-09-14 14:45:09,+757.51,+025.11,+11.700,+11.657,Air
2026-09-14 14:45:11,+757.43,+025.11,+11.672,+11.628,Air
2026-09-14 14:45:13,+757.45,+025.09,+11.685,+11.643,Air
2026-09-14 14:45:15,+757.54,+025.09,+11.684,+11.643,Air
2026-09-14 14:45:17,+757.46,+025.07,+11.687,+11.645,Air
2026-09-14 14:45:19,+757.54,+025.10,+11.703,+11.662,Air
2026-09-14 14:45:21,+757.48,+025.08,+11.706,+11.664,Air
2026-09-14 14:45:23,+757.51,+025.13,+11.687,+11.644,Air
2026-09-14 14:45:25,+757.55,+025.12,+11.662,+11.620,Air
2026-09-14 14:45:27,+757.51,+025.11,+11.701,+11.658,Air
2026-09-14 14:45:29,+757.47,+025.12,+11.686,+11.642,Air
2026-09-14 14:45:31,+757.43,+025.08,+11.712,+11.669,Air
2026-09-14 14:45:33,+757.51,+025.09,+11.692,+11.651,Air
2026-09-14 14:45:35,+757.50,+025.10,+11.692,+11.649,Air
2026-09-14 14:45:37,+757.52,+025.10,+11.688,+11.646,Air
2026-09-14 14:45:39,+757.50,+025.09,+11.692,+11.650,Air
2026-09-14 14:45:41,+757.45,+025.10,+11.678,+11.636,Air
2026-09-14 14:45:43,+757.51,+025.11,+11.682,+11.639,Air
2026-09-14 14:45:45,+757.46,+025.08,+11.690,+11.648,Air
2026-09-14 14:45:47,+757.56,+025.07,+11.692,+11.652,Air
2026-09-14 14:45:49,+757.49,+025.08,+11.674,+11.632,Air
2026-09-14 14:45:51,+757.52,+025.09,+11.668,+11.626,Air
2026-09-14 14:45:53,+757.51,+025.09,+11.657,+11.616,Air
2026-09-14 14:45:55,+757.59,+025.07,+11.689,+11.649,Air
2026-09-14 14:45:57,+757.54,+025.06,+11.703,+11.663,Air
2026-09-14 14:45:59,+757.52,+025.06,+11.687,+11.647,Air
2026-09-14 14:46:01,+757.52,+025.09,+11.705,+11.663,Air
2026-09-14 14:46:03,+757.51,+025.11,+11.679,+11.637,Air
2026-09-14 14:46:05,+757.49,+025.11,+11.675,+11.632,Air
2026-09-14 14:46:07,+757.45,+025.07,+11.693,+11.651,Air
2026-09-14 14:46:09,+757.47,+025.09,+11.676,+11.634,Air
2026-09-14 14:46:11,+757.48,+025.08,+11.685,+11.643,Air
2026-09-14 14:46:13,+757.49,+025.07,+11.666,+11.625,Air
2026-09-14 14:46:15,+757.48,+025.11,+11.695,+11.652,Air
2026-09-14 14:46:17,+757.61,+025.09,+11.666,+11.626,Air
2026-09-14 14:46:19,+757.46,+025.09,+11.706,+11.663,Air
2026-09-14 14:46:21,+757.51,+025.10,+11.667,+11.625,Air
2026-09-14 14:46:23,+757.47,+025.11,+11.695,+11.651,Air
2026-09-14 14:46:25,+757.47,+025.08,+11.665,+11.623,Air
2026-09-14 14:46:27,+757.45,+025.12,+11.672,+11.629,Air
2026-09-14 14:46:29,+757.45,+025.09,+11.662,+11.620,Air
2026-09-14 14:46:31,+757.45,+025.07,+11.686,+11.644,Air
2026-09-14 14:46:33,+757.47,+025.10,+11.654,+11.611,Air
2026-09-14 14:46:35,+757.42,+025.12,+11.683,+11.638,Air
2026-09-14 14:46:37,+757.51,+025.09,+11.679,+11.637,Air
2026-09-14 14:46:39,+757.46,+025.06,+11.685,+11.644,Air
2026-09-14 14:46:41,+757.47,+025.09,+11.687,+11.645,Air
2026-09-14 14:46:43,+757.45,+025.09,+11.695,+11.652,Air
2026-09-14 14:46:45,+757.52,+025.10,+11.700,+11.658,Air
2026-09-14 14:46:47,+757.48,+025.10,+11.669,+11.627,Air
2026-09-14 14:46:49,+757.49,+025.09,+11.695,+11.652,Air
2026-09-14 14:46:51,+757.51,+025.12,+11.683,+11.640,Air
2026-09-14 14:46:53,+757.53,+025.10,+11.700,+11.658,Air
2026-09-14 14:46:55,+757.52,+025.10,+11.667,+11.625,Air
2026-09-14 14:46:57,+757.54,+025.08,+11.691,+11.650,Air
2026-09-14 14:46:59,+757.57,+025.10,+11.677,+11.636,Air
2026-09-14 14:47:01,+757.47,+025.08,+11.681,+11.639,Air
2026-09-14 14:47:03,+757.58,+025.09,+11.664,+11.623,Air
2026-09-14 14:47:05,+757.52,+025.11,+11.689,+11.646,Air
2026-09-14 14:47:07,+757.50,+025.09,+11.710,+11.668,Air
2026-09-14 14:47:09,+757.53,+025.09,+11.666,+11.625,Air
2026-09-14 14:47:11,+757.52,+025.11,+11.691,+11.648,Air
2026-09-14 14:47:13,+757.44,+025.08,+11.685,+11.642,Air
2026-09-14 14:47:15,+757.48,+025.11,+11.696,+11.653,Air
2026-09-14 14:47:17,+757.51,+025.09,+11.681,+11.640,Air
2026-09-14 14:47:19,+757.50,+025.09,+11.683,+11.641,Air
2026-09-14 14:47:21,+757.47,+025.11,+11.670,+11.627,Air
2026-09-14 14:47:23,+757.52,+025.06,+11.689,+11.648,Air
2026-09-14 14:47:25,+757.56,+025.12,+11.674,+11.631,Air
2026-09-14 14:47:27,+757.60,+025.10,+11.678,+11.637,Air
2026-09-14 14:47:29,+757.50,+025.08,+11.688,+11.646,Air
2026-09-14 14:47:31,+757.44,+025.08,+11.661,+11.619,Air
2026-09-14 14:47:33,+757.50,+025.09,+11.691,+11.649,Air
2026-09-14 14:47:35,+757.51,+025.08,+11.684,+11.642,Air
2026-09-14 14:47:37,+757.51,+025.11,+11.689,+11.647,Air
2026-09-14 14:47:39,+757.60,+025.09,+11.668,+11.627,Air
2026-09-14 14:47:41,+757.45,+025.07,+11.705,+11.663,Air
2026-09-14 14:47:43,+757.48,+025.07,+11.689,+11.647,Air
2026-09-14 14:47:45,+757.54,+025.08,+11.700,+11.659,Air
2026-09-14 14:47:47,+757.51,+025.09,+11.682,+11.640,Air
2026-09-14 14:47:49,+757.52,+025.05,+11.645,+11.605,Air
2026-09-14 14:47:51,+757.54,+025.13,+11.676,+11.633,Air
2026-09-14 14:47:53,+757.43,+025.07,+11.672,+11.630,Air
2026-09-14 14:47:55,+757.43,+025.07,+11.677,+11.634,Air
2026-09-14 14:47:57,+757.50,+025.07,+11.693,+11.651,Air
2026-09-14 14:47:59,+757.50,+025.09,+11.695,+11.653,Air
2026-09-14 14:48:01,+757.51,+025.10,+11.662,+11.620,Air
2026-09-14 14:48:03,+757.52,+025.10,+11.685,+11.643,Air
2026-09-14 14:48:05,+757.48,+025.08,+11.671,+11.629,Air
2026-09-14 14:48:07,+757.54,+025.07,+11.696,+11.655,Air
2026-09-14 14:48:09,+757.47,+025.08,+11.693,+11.651,Air
2026-09-14 14:48:11,+757.45,+025.08,+11.673,+11.631,Air
2026-09-14 14:48:13,+757.48,+025.06,+11.682,+11.641,Air
2026-09-14 14:48:15,+757.48,+025.12,+11.706,+11.663,Air
2026-09-14 14:48:17,+757.49,+025.07,+11.688,+11.647,Air
2026-09-14 14:48:19,+757.48,+025.07,+11.673,+11.632,Air
2026-09-14 14:48:21,+757.49,+025.08,+11.669,+11.628,Air
2026-09-14 14:48:23,+757.47,+025.09,+11.689,+11.647,Air
2026-09-14 14:48:25,+757.49,+025.10,+11.694,+11.651,Air
2026-09-14 14:48:27,+757.52,+025.08,+11.667,+11.626,Air
2026-09-14 14:48:29,+757.52,+025.10,+11.710,+11.668,Air
2026-09-14 14:48:31,+757.57,+025.10,+11.670,+11.629,Air
2026-09-14 14:48:33,+757.48,+025.07,+11.696,+11.654,Air
2026-09-14 14:48:35,+757.48,+025.10,+11.686,+11.643,Air
2026-09-14 14:48:37,+757.48,+025.08,+11.700,+11.658,Air
2026-09-14 14:48:39,+757.46,+025.07,+11.691,+11.649,Air
2026-09-14 14:48:41,+757.46,+025.08,+11.697,+11.654,Air
2026-09-14 14:48:43,+757.48,+025.06,+11.678,+11.637,Air
2026-09-14 14:48:45,+757.51,+025.10,+11.686,+11.644,Air
2026-09-14 14:48:47,+757.52,+025.10,+11.662,+11.620,Air
2026-09-14 14:48:49,+757.45,+025.08,+11.677,+11.635,Air
2026-09-14 14:48:51,+757.54,+025.13,+11.689,+11.647,Air
2026-09-14 14:48:53,+757.41,+025.11,+11.700,+11.656,Air
2026-09-14 14:48:55,+757.49,+025.11,+11.681,+11.638,Air
2026-09-14 14:48:57,+757.49,+025.10,+11.696,+11.654,Air
2026-09-14 14:48:59,+757.49,+025.09,+11.677,+11.635,Air
2026-09-14 14:49:01,+757.41,+025.11,+11.673,+11.629,Air
2026-09-14 14:49:03,+757.47,+025.07,+11.681,+11.639,Air
2026-09-14 14:49:05,+757.44,+025.06,+11.697,+11.655,Air
2026-09-14 14:49:07,+757.47,+025.07,+11.678,+11.636,Air
2026-09-14 14:49:09,+757.47,+025.12,+11.697,+11.654,Air
2026-09-14 14:49:11,+757.54,+025.07,+11.645,+11.604,Air
2026-09-14 14:49:13,+757.47,+025.06,+11.711,+11.669,Air
2026-09-14 14:49:15,+757.42,+025.04,+11.682,+11.641,Air
2026-09-14 14:49:17,+757.47,+025.12,+11.685,+11.641,Air
2026-09-14 14:49:19,+757.47,+025.09,+11.666,+11.623,Air
2026-09-14 14:49:21,+757.49,+025.09,+11.683,+11.640,Air
2026-09-14 14:49:23,+757.52,+025.09,+11.702,+11.661,Air
2026-09-14 14:49:25,+757.54,+025.08,+11.690,+11.649,Air
2026-09-14 14:49:27,+757.52,+025.09,+11.688,+11.646,Air
2026-09-14 14:49:29,+757.52,+025.08,+11.685,+11.644,Air
2026-09-14 14:49:31,+757.48,+025.08,+11.669,+11.628,Air
2026-09-14 14:49:33,+757.53,+025.10,+11.672,+11.631,Air
2026-09-14 14:49:35,+757.56,+025.09,+11.671,+11.630,Air
2026-09-14 14:49:37,+757.44,+025.06,+11.675,+11.634,Air
2026-09-14 14:49:39,+757.53,+025.10,+11.669,+11.627,Air
2026-09-14 14:49:41,+757.47,+025.06,+11.662,+11.621,Air
2026-09-14 14:49:43,+757.53,+025.08,+11.673,+11.632,Air
2026-09-14 14:49:45,+757.53,+025.09,+11.676,+11.634,Air
2026-09-14 14:49:47,+757.56,+025.07,+11.660,+11.620,Air
2026-09-14 14:49:49,+757.51,+025.10,+11.661,+11.619,Air
2026-09-14 14:49:51,+757.50,+025.09,+11.692,+11.650,Air
2026-09-14 14:49:53,+757.55,+025.10,+11.707,+11.665,Air
2026-09-14 14:49:55,+757.59,+025.07,+11.671,+11.631,Air
2026-09-14 14:49:57,+757.50,+025.11,+11.662,+11.619,Air
2026-09-14 14:49:59,+757.46,+025.10,+11.675,+11.632,Air
2026-09-14 14:50:01,+757.55,+025.07,+11.675,+11.635,Air
2026-09-14 14:50:03,+757.52,+025.06,+11.685,+11.644,Air
2026-09-14 14:50:05,+757.52,+025.05,+11.669,+11.629,Air
2026-09-14 14:50:07,+757.49,+025.11,+11.665,+11.623,Air
2026-09-14 14:50:09,+757.60,+025.08,+11.688,+11.648,Air
2026-09-14 14:50:11,+757.53,+025.07,+11.694,+11.654,Air
2026-09-14 14:50:13,+757.54,+025.10,+11.689,+11.647,Air
2026-09-14 14:50:15,+757.56,+025.09,+11.672,+11.631,Air
2026-09-14 14:50:17,+757.52,+025.08,+11.685,+11.644,Air
2026-09-14 14:50:19,+757.56,+025.08,+11.685,+11.644,Air
2026-09-14 14:50:21,+757.54,+025.07,+11.661,+11.621,Air
2026-09-14 14:50:23,+757.51,+025.07,+11.673,+11.632,Air
2026-09-14 14:50:25,+757.51,+025.08,+11.681,+11.640,Air
2026-09-14 14:50:27,+757.53,+025.10,+11.684,+11.642,Air
2026-09-14 14:50:29,+757.51,+025.06,+11.672,+11.632,Air
2026-09-14 14:50:31,+757.51,+025.07,+11.676,+11.635,Air
2026-09-14 14:50:33,+757.56,+025.08,+11.714,+11.673,Air
2026-09-14 14:50:35,+757.54,+025.09,+11.654,+11.613,Air
2026-09-14 14:50:37,+757.52,+025.07,+11.702,+11.661,Air
2026-09-14 14:50:39,+757.45,+025.05,+11.655,+11.614,Air
2026-09-14 14:50:41,+757.54,+025.09,+11.670,+11.629,Air
2026-09-14 14:50:43,+757.59,+025.11,+11.663,+11.621,Air
2026-09-14 14:50:45,+757.57,+025.09,+11.670,+11.629,Air
2026-09-14 14:50:47,+757.51,+025.07,+11.680,+11.639,Air
2026-09-14 14:50:49,+757.50,+025.09,+11.698,+11.655,Air
2026-09-14 14:50:51,+757.50,+025.08,+11.697,+11.655,Air
2026-09-14 14:50:53,+757.54,+025.08,+11.679,+11.638,Air
2026-09-14 14:50:55,+757.50,+025.08,+11.665,+11.623,Air
2026-09-14 14:50:57,+757.48,+025.11,+11.692,+11.648,Air
2026-09-14 14:50:59,+757.50,+025.07,+11.687,+11.645,Air
2026-09-14 14:51:01,+757.50,+025.08,+11.677,+11.636,Air
2026-09-14 14:51:03,+757.43,+025.09,+11.722,+11.679,Air
2026-09-14 14:51:05,+757.54,+025.11,+11.663,+11.621,Air
2026-09-14 14:51:07,+757.50,+025.11,+11.667,+11.625,Air
2026-09-14 14:51:09,+757.49,+025.13,+11.698,+11.654,Air
2026-09-14 14:51:11,+757.49,+025.10,+11.672,+11.630,Air
2026-09-14 14:51:13,+757.51,+025.10,+11.672,+11.630,Air
2026-09-14 14:51:15,+757.50,+025.10,+11.672,+11.630,Air
2026-09-14 14:51:17,+757.54,+025.12,+11.656,+11.614,Air
2026-09-14 14:51:19,+757.52,+025.09,+11.693,+11.652,Air
2026-09-14 14:51:21,+757.44,+025.10,+11.699,+11.655,Air
2026-09-14 14:51:23,+757.46,+025.09,+11.672,+11.629,Air
2026-09-14 14:51:25,+757.51,+025.10,+11.685,+11.643,Air
2026-09-14 14:51:27,+757.46,+025.11,+11.674,+11.631,Air
2026-09-14 14:51:29,+757.53,+025.08,+11.697,+11.656,Air
2026-09-14 14:51:31,+757.47,+025.08,+11.673,+11.631,Air
2026-09-14 14:51:33,+757.57,+025.09,+11.695,+11.654,Air
2026-09-14 14:51:35,+757.53,+025.07,+11.683,+11.643,Air
2026-09-14 14:51:37,+757.53,+025.09,+11.686,+11.644,Air
2026-09-14 14:51:39,+757.50,+025.09,+11.687,+11.645,Air
2026-09-14 14:51:41,+757.56,+025.07,+11.681,+11.640,Air
2026-09-14 14:51:43,+757.49,+025.10,+11.692,+11.650,Air
2026-09-14 14:51:45,+757.48,+025.08,+11.681,+11.639,Air
2026-09-14 14:51:47,+757.52,+025.08,+11.678,+11.637,Air
2026-09-14 14:51:49,+757.53,+025.10,+11.673,+11.631,Air
2026-09-14 14:51:51,+757.51,+025.10,+11.685,+11.643,Air
2026-09-14 14:51:53,+757.50,+025.10,+11.716,+11.673,Air
2026-09-14 14:51:55,+757.49,+025.04,+11.695,+11.655,Air
2026-09-14 14:51:57,+757.49,+025.04,+11.691,+11.651,Air
2026-09-14 14:51:59,+757.53,+025.08,+11.682,+11.642,Air
2026-09-14 14:52:01,+757.50,+025.11,+11.683,+11.640,Air
2026-09-14 14:52:03,+757.48,+025.08,+11.701,+11.659,Air
2026-09-14 14:52:05,+757.50,+025.02,+11.679,+11.640,Air
2026-09-14 14:52:07,+757.54,+025.08,+11.705,+11.664,Air
2026-09-14 14:52:09,+757.53,+025.12,+11.668,+11.625,Air
2026-09-14 14:52:11,+757.50,+025.07,+11.699,+11.658,Air
2026-09-14 14:52:13,+757.53,+025.08,+11.687,+11.646,Air
2026-09-14 14:52:15,+757.46,+025.08,+11.695,+11.653,Air
2026-09-14 14:52:17,+757.49,+025.06,+11.677,+11.636,Air
2026-09-14 14:52:19,+757.52,+025.06,+11.680,+11.639,Air
2026-09-14 14:52:21,+757.57,+025.07,+11.678,+11.638,Air
2026-09-14 14:52:23,+757.48,+025.09,+11.699,+11.657,Air
2026-09-14 14:52:25,+757.55,+025.09,+11.686,+11.645,Air
2026-09-14 14:52:27,+757.53,+025.08,+11.681,+11.640,Air
2026-09-14 14:52:29,+757.50,+025.08,+11.701,+11.659,Air
2026-09-14 14:52:31,+757.47,+025.11,+11.710,+11.667,Air
2026-09-14 14:52:33,+757.56,+025.09,+11.673,+11.632,Air
2026-09-14 14:52:35,+757.56,+025.09,+11.683,+11.642,Air
2026-09-14 14:52:37,+757.52,+025.11,+11.688,+11.646,Air
2026-09-14 14:52:39,+757.52,+025.07,+11.688,+11.647,Air
2026-09-14 14:52:41,+757.55,+025.10,+11.673,+11.631,Air
2026-09-14 14:52:43,+757.55,+025.07,+11.679,+11.639,Air
2026-09-14 14:52:45,+757.49,+025.11,+11.684,+11.641,Air
2026-09-14 14:52:47,+757.45,+025.07,+11.697,+11.655,Air
2026-09-14 14:52:49,+757.50,+025.09,+11.670,+11.628,Air
2026-09-14 14:52:51,+757.52,+025.05,+11.721,+11.680,Air
2026-09-14 14:52:53,+757.43,+025.06,+11.683,+11.641,Air
2026-09-14 14:52:55,+757.51,+025.08,+11.694,+11.652,Air
2026-09-14 14:52:57,+757.53,+025.06,+11.703,+11.663,Air
2026-09-14 14:52:59,+757.50,+025.08,+11.697,+11.655,Air
2026-09-14 14:53:01,+757.43,+025.10,+11.692,+11.649,Air
2026-09-14 14:53:03,+757.51,+025.03,+11.674,+11.635,Air
2026-09-14 14:53:05,+757.54,+025.12,+11.672,+11.630,Air
2026-09-14 14:53:07,+757.53,+025.04,+11.693,+11.653,Air
2026-09-14 14:53:09,+757.55,+025.08,+11.689,+11.649,Air
2026-09-14 14:53:11,+757.58,+025.07,+11.686,+11.646,Air
2026-09-14 14:53:13,+757.52,+025.09,+11.660,+11.619,Air
2026-09-14 14:53:15,+757.52,+025.14,+11.698,+11.655,Air
2026-09-14 14:53:17,+757.50,+025.07,+11.674,+11.633,Air
2026-09-14 14:53:19,+757.47,+025.04,+11.674,+11.633,Air
2026-09-14 14:53:21,+757.54,+025.12,+11.708,+11.665,Air
2026-09-14 14:53:23,+757.47,+025.09,+11.681,+11.638,Air
2026-09-14 14:53:25,+757.54,+025.08,+11.683,+11.642,Air
2026-09-14 14:53:27,+757.47,+025.08,+11.696,+11.654,Air
2026-09-14 14:53:29,+757.52,+025.06,+11.679,+11.638,Air
2026-09-14 14:53:31,+757.49,+025.10,+11.699,+11.656,Air
2026-09-14 14:53:33,+757.51,+025.07,+11.699,+11.658,Air
2026-09-14 14:53:35,+757.53,+025.09,+11.682,+11.640,Air
2026-09-14 14:53:37,+757.48,+025.02,+11.672,+11.632,Air
2026-09-14 14:53:39,+757.49,+025.10,+11.690,+11.647,Air
2026-09-14 14:53:41,+757.49,+025.05,+11.677,+11.637,Air
2026-09-14 14:53:43,+757.53,+025.13,+11.684,+11.641,Air
2026-09-14 14:53:45,+757.52,+025.08,+11.692,+11.650,Air
2026-09-14 14:53:47,+757.52,+025.04,+11.682,+11.643,Air
2026-09-14 14:53:49,+757.52,+025.07,+11.680,+11.640,Air
2026-09-14 14:53:51,+757.45,+025.09,+11.689,+11.646,Air
2026-09-14 14:53:53,+757.49,+025.08,+11.707,+11.665,Air
2026-09-14 14:53:55,+757.39,+025.12,+11.713,+11.668,Air
2026-09-14 14:53:57,+757.50,+025.07,+11.691,+11.650,Air
2026-09-14 14:53:59,+757.45,+025.08,+11.690,+11.647,Air
2026-09-14 14:54:01,+757.57,+025.03,+11.667,+11.628,Air
2026-09-14 14:54:03,+757.50,+025.07,+11.681,+11.640,Air
2026-09-14 14:54:05,+757.47,+025.07,+11.702,+11.660,Air
2026-09-14 14:54:07,+757.52,+025.08,+11.685,+11.644,Air
2026-09-14 14:54:09,+757.51,+025.05,+11.697,+11.657,Air
2026-09-14 14:54:11,+757.50,+025.08,+11.693,+11.652,Air
2026-09-14 14:54:13,+757.57,+025.08,+11.689,+11.649,Air
2026-09-14 14:54:15,+757.48,+025.10,+11.681,+11.638,Air
2026-09-14 14:54:17,+757.52,+025.06,+11.666,+11.626,Air
2026-09-14 14:54:19,+757.54,+025.09,+11.676,+11.635,Air
2026-09-14 14:54:21,+757.54,+025.06,+11.680,+11.640,Air
2026-09-14 14:54:23,+757.50,+025.07,+11.691,+11.650,Air
2026-09-14 14:54:25,+757.55,+025.10,+11.690,+11.649,Air
2026-09-14 14:54:27,+757.52,+025.07,+11.666,+11.625,Air
2026-09-14 14:54:29,+757.49,+025.10,+11.710,+11.668,Air
2026-09-14 14:54:31,+757.47,+025.08,+11.690,+11.648,Air
2026-09-14 14:54:33,+757.54,+025.07,+11.680,+11.640,Air
2026-09-14 14:54:35,+757.53,+025.05,+11.650,+11.610,Air
2026-09-14 14:54:37,+757.42,+025.12,+11.671,+11.627,Air
2026-09-14 14:54:39,+757.45,+025.05,+11.683,+11.642,Air
2026-09-14 14:54:41,+757.49,+025.10,+11.659,+11.616,Air
2026-09-14 14:54:43,+757.46,+025.08,+11.684,+11.641,Air
2026-09-14 14:54:45,+757.42,+025.07,+11.679,+11.637,Air
2026-09-14 14:54:47,+757.48,+025.07,+11.694,+11.652,Air
2026-09-14 14:54:49,+757.51,+025.07,+11.682,+11.641,Air
2026-09-14 14:54:51,+757.51,+025.06,+11.659,+11.619,Air
2026-09-14 14:54:53,+757.50,+025.07,+11.669,+11.628,Air
2026-09-14 14:54:55,+757.48,+025.08,+11.677,+11.636,Air
2026-09-14 14:54:57,+757.51,+025.09,+11.651,+11.610,Air
2026-09-14 14:54:59,+757.52,+025.05,+11.697,+11.657,Air
2026-09-14 14:55:01,+757.45,+025.05,+11.686,+11.644,Air
2026-09-14 14:55:03,+757.47,+025.08,+11.699,+11.657,Air
2026-09-14 14:55:05,+757.50,+025.05,+11.689,+11.649,Air
2026-09-14 14:55:07,+757.52,+025.08,+11.687,+11.646,Air
2026-09-14 14:55:09,+757.55,+025.05,+11.672,+11.633,Air
2026-09-14 14:55:11,+757.52,+025.11,+11.683,+11.641,Air
2026-09-14 14:55:13,+757.49,+025.06,+11.656,+11.615,Air
2026-09-14 14:55:15,+757.45,+025.07,+11.699,+11.657,Air
2026-09-14 14:55:17,+757.52,+025.10,+11.681,+11.639,Air
2026-09-14 14:55:19,+757.48,+025.07,+11.676,+11.635,Air
2026-09-14 14:55:21,+757.50,+025.06,+11.684,+11.643,Air
2026-09-14 14:55:23,+757.49,+025.07,+11.695,+11.654,Air
2026-09-14 14:55:25,+757.54,+025.08,+11.671,+11.630,Air
2026-09-14 14:55:27,+757.50,+025.05,+11.668,+11.628,Air
2026-09-14 14:55:29,+757.48,+025.08,+11.679,+11.637,Air
2026-09-14 14:55:31,+757.52,+025.06,+11.675,+11.634,Air
2026-09-14 14:55:33,+757.52,+025.08,+11.689,+11.648,Air
2026-09-14 14:55:35,+757.51,+025.06,+11.675,+11.635,Air
2026-09-14 14:55:37,+757.53,+025.08,+11.663,+11.622,Air
2026-09-14 14:55:39,+757.47,+025.08,+11.683,+11.641,Air
2026-09-14 14:55:41,+757.39,+025.05,+11.704,+11.662,Air
2026-09-14 14:55:43,+757.57,+025.09,+11.678,+11.637,Air
2026-09-14 14:55:45,+757.52,+025.08,+11.672,+11.631,Air
2026-09-14 14:55:47,+757.59,+025.05,+11.693,+11.654,Air
2026-09-14 14:55:49,+757.48,+025.09,+11.681,+11.639,Air
2026-09-14 14:55:51,+757.54,+025.03,+11.672,+11.633,Air
2026-09-14 14:55:53,+757.50,+025.07,+11.676,+11.635,Air
2026-09-14 14:55:55,+757.49,+025.07,+11.670,+11.628,Air
2026-09-14 14:55:57,+757.41,+025.08,+11.695,+11.652,Air
2026-09-14 14:55:59,+757.53,+025.07,+11.665,+11.624,Air
2026-09-14 14:56:01,+757.48,+025.07,+11.682,+11.641,Air
2026-09-14 14:56:03,+757.50,+025.06,+11.671,+11.630,Air
2026-09-14 14:56:05,+757.54,+025.09,+11.669,+11.627,Air
2026-09-14 14:56:07,+757.50,+025.08,+11.705,+11.663,Air
2026-09-14 14:56:09,+757.48,+025.06,+11.689,+11.648,Air
2026-09-14 14:56:11,+757.47,+025.08,+11.692,+11.650,Air
2026-09-14 14:56:13,+757.52,+025.07,+11.706,+11.665,Air
2026-09-14 14:56:15,+757.47,+025.06,+11.702,+11.661,Air
2026-09-14 14:56:17,+757.48,+025.12,+11.719,+11.676,Air
2026-09-14 14:56:19,+757.53,+025.06,+11.678,+11.637,Air
2026-09-14 14:56:21,+757.45,+025.10,+11.696,+11.653,Air
2026-09-14 14:56:23,+757.54,+025.03,+11.671,+11.632,Air
2026-09-14 14:56:25,+757.49,+025.04,+11.689,+11.649,Air
2026-09-14 14:56:27,+757.38,+025.07,+11.686,+11.643,Air
2026-09-14 14:56:29,+757.56,+025.07,+11.698,+11.658,Air
2026-09-14 14:56:31,+757.59,+025.07,+11.670,+11.630,Air
2026-09-14 14:56:33,+757.48,+025.05,+11.691,+11.650,Air
2026-09-14 14:56:35,+757.55,+025.08,+11.677,+11.637,Air
2026-09-14 14:56:37,+757.54,+025.08,+11.679,+11.638,Air
2026-09-14 14:56:39,+757.56,+025.09,+11.679,+11.638,Air
2026-09-14 14:56:41,+757.56,+025.05,+11.675,+11.635,Air
2026-09-14 14:56:43,+757.51,+025.08,+11.665,+11.624,Air
2026-09-14 14:56:45,+757.44,+025.08,+11.715,+11.672,Air
2026-09-14 14:56:47,+757.49,+025.05,+11.679,+11.639,Air
2026-09-14 14:56:49,+757.47,+025.08,+11.676,+11.634,Air
2026-09-14 14:56:51,+757.51,+025.12,+11.705,+11.661,Air
2026-09-14 14:56:53,+757.50,+025.08,+11.658,+11.616,Air
2026-09-14 14:56:55,+757.47,+025.09,+11.713,+11.671,Air
2026-09-14 14:56:57,+757.51,+025.06,+11.703,+11.663,Air
2026-09-14 14:56:59,+757.51,+025.04,+11.668,+11.628,Air
2026-09-14 14:57:01,+757.55,+025.04,+11.686,+11.646,Air
2026-09-14 14:57:03,+757.51,+025.04,+11.683,+11.643,Air
2026-09-14 14:57:05,+757.47,+025.10,+11.697,+11.654,Air
2026-09-14 14:57:07,+757.46,+025.12,+11.687,+11.644,Air
2026-09-14 14:57:09,+757.53,+025.09,+11.684,+11.642,Air
2026-09-14 14:57:11,+757.45,+025.05,+11.686,+11.645,Air
2026-09-14 14:57:13,+757.48,+025.06,+11.680,+11.639,Air
2026-09-14 14:57:15,+757.52,+025.07,+11.651,+11.610,Air
2026-09-14 14:57:17,+757.57,+025.07,+11.707,+11.667,Air
2026-09-14 14:57:19,+757.52,+025.08,+11.670,+11.629,Air
2026-09-14 14:57:21,+757.53,+025.06,+11.683,+11.643,Air
2026-09-14 14:57:23,+757.53,+025.09,+11.686,+11.645,Air
2026-09-14 14:57:25,+757.48,+025.06,+11.672,+11.631,Air
2026-09-14 14:57:27,+757.55,+025.09,+11.685,+11.644,Air
2026-09-14 14:57:29,+757.44,+025.09,+11.652,+11.609,Air
2026-09-14 14:57:31,+757.50,+025.06,+11.680,+11.639,Air
2026-09-14 14:57:33,+757.60,+025.08,+11.684,+11.643,Air
2026-09-14 14:57:35,+757.50,+025.07,+11.694,+11.653,Air
2026-09-14 14:57:37,+757.45,+025.03,+11.657,+11.616,Air
2026-09-14 14:57:39,+757.51,+025.07,+11.677,+11.636,Air
2026-09-14 14:57:41,+757.54,+025.07,+11.684,+11.643,Air
2026-09-14 14:57:43,+757.48,+025.06,+11.679,+11.638,Air
2026-09-14 14:57:45,+757.48,+025.09,+11.672,+11.630,Air
2026-09-14 14:57:47,+757.50,+025.04,+11.661,+11.621,Air
2026-09-14 14:57:49,+757.55,+025.10,+11.668,+11.626,Air
2026-09-14 14:57:51,+757.45,+025.08,+11.694,+11.651,Air
2026-09-14 14:57:53,+757.51,+025.08,+11.692,+11.650,Air
2026-09-14 14:57:55,+757.43,+025.11,+11.666,+11.622,Air
2026-09-14 14:57:57,+757.48,+025.08,+11.680,+11.638,Air
2026-09-14 14:57:59,+757.54,+025.11,+11.679,+11.637,Air
2026-09-14 14:58:01,+757.53,+025.08,+11.681,+11.640,Air
2026-09-14 14:58:03,+757.49,+025.05,+11.682,+11.641,Air
2026-09-14 14:58:05,+757.47,+025.08,+11.649,+11.607,Air
2026-09-14 14:58:07,+757.52,+025.08,+11.681,+11.640,Air
2026-09-14 14:58:09,+757.51,+025.09,+11.673,+11.631,Air
2026-09-14 14:58:11,+757.56,+025.07,+11.670,+11.630,Air
2026-09-14 14:58:13,+757.52,+025.08,+11.686,+11.645,Air
2026-09-14 14:58:15,+757.52,+025.08,+11.687,+11.646,Air
2026-09-14 14:58:17,+757.51,+025.10,+11.666,+11.624,Air
2026-09-14 14:58:19,+757.45,+025.08,+11.684,+11.641,Air
2026-09-14 14:58:21,+757.52,+025.10,+11.658,+11.616,Air
2026-09-14 14:58:23,+757.49,+025.07,+11.695,+11.654,Air
2026-09-14 14:58:25,+757.48,+025.09,+11.703,+11.661,Air
2026-09-14 14:58:27,+757.50,+025.08,+11.692,+11.651,Air
2026-09-14 14:58:29,+757.55,+025.06,+11.668,+11.628,Air
2026-09-14 14:58:31,+757.49,+025.06,+11.672,+11.631,Air
2026-09-14 14:58:33,+757.61,+025.06,+11.670,+11.631,Air
2026-09-14 14:58:35,+757.52,+025.08,+11.676,+11.635,Air
2026-09-14 14:58:37,+757.50,+025.07,+11.690,+11.649,Air
2026-09-14 14:58:39,+757.53,+025.06,+11.685,+11.645,Air
2026-09-14 14:58:41,+757.45,+025.03,+11.705,+11.664,Air
2026-09-14 14:58:43,+757.51,+025.08,+11.660,+11.619,Air
2026-09-14 14:58:45,+757.53,+025.09,+11.695,+11.653,Air
2026-09-14 14:58:47,+757.49,+025.07,+11.695,+11.654,Air
2026-09-14 14:58:49,+757.49,+025.05,+11.687,+11.646,Air
2026-09-14 14:58:51,+757.50,+025.04,+11.700,+11.660,Air
2026-09-14 14:58:53,+757.61,+025.05,+11.674,+11.636,Air
2026-09-14 14:58:55,+757.45,+025.10,+11.692,+11.648,Air
2026-09-14 14:58:57,+757.50,+025.08,+11.685,+11.644,Air
2026-09-14 14:58:59,+757.45,+025.04,+11.684,+11.643,Air
2026-09-14 14:59:01,+757.50,+025.06,+11.685,+11.644,Air
2026-09-14 14:59:03,+757.53,+025.05,+11.684,+11.643,Air
2026-09-14 14:59:05,+757.44,+025.07,+11.678,+11.636,Air
2026-09-14 14:59:07,+757.50,+025.11,+11.678,+11.635,Air
2026-09-14 14:59:09,+757.51,+025.10,+11.695,+11.653,Air
2026-09-14 14:59:11,+757.52,+025.10,+11.678,+11.636,Air
2026-09-14 14:59:13,+757.51,+025.08,+11.687,+11.645,Air
2026-09-14 14:59:15,+757.50,+025.07,+11.666,+11.625,Air
2026-09-14 14:59:17,+757.54,+025.07,+11.651,+11.610,Air
2026-09-14 14:59:19,+757.54,+025.05,+11.689,+11.649,Air
2026-09-14 14:59:21,+757.52,+025.08,+11.684,+11.643,Air
2026-09-14 14:59:23,+757.42,+025.05,+11.686,+11.645,Air
2026-09-14 14:59:25,+757.55,+025.05,+11.681,+11.642,Air
2026-09-14 14:59:27,+757.52,+025.05,+11.657,+11.617,Air
2026-09-14 14:59:29,+757.52,+025.00,+11.684,+11.646,Air
2026-09-14 14:59:31,+757.54,+025.04,+11.689,+11.650,Air
2026-09-14 14:59:33,+757.52,+025.08,+11.675,+11.634,Air
2026-09-14 14:59:35,+757.49,+025.07,+11.682,+11.641,Air
2026-09-14 14:59:37,+757.44,+025.01,+11.694,+11.654,Air
2026-09-14 14:59:39,+757.57,+025.09,+11.717,+11.676,Air
2026-09-14 14:59:41,+757.50,+025.06,+11.689,+11.648,Air
2026-09-14 14:59:43,+757.52,+025.07,+11.692,+11.651,Air
2026-09-14 14:59:45,+757.53,+025.07,+11.680,+11.639,Air
2026-09-14 14:59:47,+757.45,+025.09,+11.673,+11.630,Air
2026-09-14 14:59:49,+757.61,+025.05,+11.679,+11.641,Air
2026-09-14 14:59:51,+757.52,+025.08,+11.694,+11.653,Air
2026-09-14 14:59:53,+757.48,+025.08,+11.699,+11.657,Air
2026-09-14 14:59:55,+757.58,+025.09,+11.704,+11.663,Air
2026-09-14 14:59:57,+757.51,+025.06,+11.653,+11.612,Air
2026-09-14 14:59:59,+757.56,+025.07,+11.685,+11.645,Air
2026-09-14 15:00:01,+757.45,+025.02,+11.672,+11.632,Air
2026-09-14 15:00:03,+757.50,+025.07,+11.691,+11.650,Air
2026-09-14 15:00:05,+757.50,+025.05,+11.670,+11.630,Air
2026-09-14 15:00:07,+757.53,+025.04,+11.692,+11.652,Air
2026-09-14 15:00:09,+757.49,+025.05,+11.678,+11.637,Air
2026-09-14 15:00:11,+757.65,+025.10,+11.690,+11.650,Air
2026-09-14 15:00:13,+757.54,+025.06,+11.690,+11.650,Air
2026-09-14 15:00:15,+757.45,+025.05,+11.670,+11.629,Air
2026-09-14 15:00:17,+757.53,+025.05,+11.670,+11.630,Air
2026-09-14 15:00:19,+757.53,+025.07,+11.675,+11.634,Air
2026-09-14 15:00:21,+757.47,+025.02,+11.653,+11.614,Air
2026-09-14 15:00:23,+757.57,+025.04,+11.685,+11.646,Air
2026-09-14 15:00:25,+757.51,+025.06,+11.660,+11.620,Air
2026-09-14 15:00:27,+757.45,+025.08,+11.692,+11.650,Air
2026-09-14 15:00:29,+757.52,+025.06,+11.681,+11.641,Air
2026-09-14 15:00:31,+757.50,+025.06,+11.672,+11.631,Air
2026-09-14 15:00:33,+757.43,+025.04,+11.681,+11.640,Air
2026-09-14 15:00:35,+757.44,+025.06,+11.674,+11.632,Air
2026-09-14 15:00:37,+757.54,+025.04,+11.681,+11.641,Air
2026-09-14 15:00:39,+757.49,+025.06,+11.695,+11.654,Air
2026-09-14 15:00:41,+757.51,+025.06,+11.701,+11.660,Air
2026-09-14 15:00:43,+757.44,+025.09,+11.675,+11.632,Air
2026-09-14 15:00:45,+757.49,+025.04,+11.682,+11.642,Air
2026-09-14 15:00:47,+757.53,+025.05,+11.692,+11.652,Air
2026-09-14 15:00:49,+757.45,+025.04,+11.699,+11.658,Air
2026-09-14 15:00:51,+757.45,+025.05,+11.672,+11.631,Air
2026-09-14 15:00:53,+757.44,+025.05,+11.690,+11.648,Air
2026-09-14 15:00:55,+757.48,+025.05,+11.694,+11.653,Air
2026-09-14 15:00:57,+757.48,+025.08,+11.691,+11.649,Air
2026-09-14 15:00:59,+757.52,+025.07,+11.667,+11.626,Air
2026-09-14 15:01:01,+757.50,+025.08,+11.684,+11.642,Air
2026-09-14 15:01:03,+757.46,+025.09,+11.689,+11.647,Air
2026-09-14 15:01:05,+757.47,+025.06,+11.696,+11.655,Air
2026-09-14 15:01:07,+757.57,+025.07,+11.655,+11.615,Air
2026-09-14 15:01:09,+757.45,+025.03,+11.680,+11.640,Air
2026-09-14 15:01:11,+757.43,+025.08,+11.667,+11.624,Air
2026-09-14 15:01:13,+757.52,+025.06,+11.686,+11.646,Air
2026-09-14 15:01:15,+757.48,+025.07,+11.673,+11.631,Air
2026-09-14 15:01:17,+757.47,+025.05,+11.676,+11.635,Air
2026-09-14 15:01:19,+757.53,+025.08,+11.695,+11.654,Air
2026-09-14 15:01:21,+757.46,+025.05,+11.666,+11.625,Air
2026-09-14 15:01:23,+757.54,+025.08,+11.678,+11.637,Air
2026-09-14 15:01:25,+757.55,+025.08,+11.664,+11.623,Air
2026-09-14 15:01:27,+757.44,+025.04,+11.676,+11.635,Air
2026-09-14 15:01:29,+757.52,+025.09,+11.681,+11.639,Air
2026-09-14 15:01:31,+757.52,+025.04,+11.679,+11.639,Air
2026-09-14 15:01:33,+757.59,+025.03,+11.678,+11.640,Air
2026-09-14 15:01:35,+757.47,+025.03,+11.673,+11.633,Air
2026-09-14 15:01:37,+757.46,+025.06,+11.688,+11.647,Air
2026-09-14 15:01:39,+757.49,+025.05,+11.679,+11.639,Air
2026-09-14 15:01:41,+757.50,+025.03,+11.675,+11.635,Air
2026-09-14 15:01:43,+757.51,+025.05,+11.665,+11.625,Air
2026-09-14 15:01:45,+757.54,+025.09,+11.671,+11.629,Air
2026-09-14 15:01:47,+757.54,+025.04,+11.686,+11.646,Air
2026-09-14 15:01:49,+757.51,+025.12,+11.696,+11.653,Air
2026-09-14 15:01:51,+757.48,+025.04,+11.662,+11.622,Air
2026-09-14 15:01:53,+757.47,+025.05,+11.692,+11.651,Air
2026-09-14 15:01:55,+757.54,+025.08,+11.689,+11.648,Air
2026-09-14 15:01:57,+757.50,+025.06,+11.684,+11.643,Air
2026-09-14 15:01:59,+757.47,+025.05,+11.666,+11.625,Air
2026-09-14 15:02:01,+757.47,+025.06,+11.683,+11.641,Air
2026-09-14 15:02:03,+757.49,+025.07,+11.674,+11.633,Air
2026-09-14 15:02:05,+757.56,+025.05,+11.684,+11.644,Air
2026-09-14 15:02:07,+757.48,+025.07,+11.656,+11.614,Air
2026-09-14 15:02:09,+757.49,+025.03,+11.674,+11.634,Air
2026-09-14 15:02:11,+757.53,+025.03,+11.692,+11.653,Air
2026-09-14 15:02:13,+757.50,+025.08,+11.683,+11.642,Air
2026-09-14 15:02:15,+757.46,+025.09,+11.687,+11.644,Air
2026-09-14 15:02:17,+757.52,+025.05,+11.664,+11.624,Air
2026-09-14 15:02:19,+757.45,+025.08,+11.686,+11.644,Air
2026-09-14 15:02:21,+757.52,+025.07,+11.691,+11.651,Air
2026-09-14 15:02:23,+757.48,+025.06,+11.692,+11.651,Air
2026-09-14 15:02:25,+757.56,+025.05,+11.677,+11.638,Air
2026-09-14 15:02:27,+757.51,+025.04,+11.668,+11.628,Air
2026-09-14 15:02:29,+757.48,+025.08,+11.693,+11.651,Air
2026-09-14 15:02:31,+757.54,+025.06,+11.661,+11.621,Air
2026-09-14 15:02:33,+757.46,+025.07,+11.683,+11.641,Air
2026-09-14 15:02:35,+757.52,+025.05,+11.678,+11.638,Air
2026-09-14 15:02:37,+757.48,+025.06,+11.698,+11.657,Air
2026-09-14 15:02:39,+757.48,+025.06,+11.681,+11.639,Air
2026-09-14 15:02:41,+757.49,+025.05,+11.684,+11.643,Air
2026-09-14 15:02:43,+757.59,+025.04,+11.686,+11.648,Air
2026-09-14 15:02:45,+757.49,+025.04,+11.648,+11.608,Air
2026-09-14 15:02:47,+757.57,+025.03,+11.684,+11.646,Air
2026-09-14 15:02:49,+757.42,+025.07,+11.676,+11.633,Air
2026-09-14 15:02:51,+757.54,+025.08,+11.699,+11.658,Air
2026-09-14 15:02:53,+757.50,+025.04,+11.661,+11.621,Air
2026-09-14 15:02:55,+757.53,+025.06,+11.676,+11.636,Air
2026-09-14 15:02:57,+757.52,+025.05,+11.682,+11.642,Air
2026-09-14 15:02:59,+757.57,+025.07,+11.684,+11.644,Air
2026-09-14 15:03:01,+757.52,+025.08,+11.704,+11.663,Air
2026-09-14 15:03:03,+757.56,+025.09,+11.687,+11.646,Air
2026-09-14 15:03:05,+757.50,+025.05,+11.687,+11.646,Air
2026-09-14 15:03:07,+757.49,+025.06,+11.695,+11.654,Air
2026-09-14 15:03:09,+757.50,+025.08,+11.682,+11.641,Air
2026-09-14 15:03:11,+757.58,+025.04,+11.676,+11.637,Air
2026-09-14 15:03:13,+757.37,+025.04,+11.669,+11.628,Air
2026-09-14 15:03:15,+757.50,+025.11,+11.698,+11.655,Air
2026-09-14 15:03:17,+757.54,+025.05,+11.688,+11.649,Air
2026-09-14 15:03:19,+757.52,+025.08,+11.688,+11.647,Air
2026-09-14 15:03:21,+757.48,+025.07,+11.679,+11.637,Air
2026-09-14 15:03:23,+757.42,+025.07,+11.677,+11.635,Air
2026-09-14 15:03:25,+757.52,+025.04,+11.692,+11.652,Air
2026-09-14 15:03:27,+757.47,+025.03,+11.674,+11.634,Air
2026-09-14 15:03:29,+757.51,+025.05,+11.686,+11.646,Air
2026-09-14 15:03:31,+757.49,+025.10,+11.674,+11.632,Air
2026-09-14 15:03:33,+757.52,+025.02,+11.682,+11.643,Air
2026-09-14 15:03:35,+757.49,+025.09,+11.688,+11.646,Air
2026-09-14 15:03:37,+757.51,+025.04,+11.663,+11.623,Air
2026-09-14 15:03:39,+757.46,+025.04,+11.705,+11.665,Air
2026-09-14 15:03:41,+757.51,+025.05,+11.666,+11.626,Air
2026-09-14 15:03:43,+757.52,+025.03,+11.681,+11.642,Air
2026-09-14 15:03:45,+757.46,+025.03,+11.706,+11.666,Air
2026-09-14 15:03:47,+757.53,+025.03,+11.682,+11.643,Air
2026-09-14 15:03:49,+757.52,+025.07,+11.687,+11.646,Air
2026-09-14 15:03:51,+757.51,+025.03,+11.702,+11.662,Air
2026-09-14 15:03:53,+757.46,+025.05,+11.679,+11.638,Air
2026-09-14 15:03:55,+757.56,+025.05,+11.677,+11.638,Air
2026-09-14 15:03:57,+757.41,+025.07,+11.681,+11.639,Air
2026-09-14 15:03:59,+757.53,+025.03,+11.653,+11.614,Air
2026-09-14 15:04:01,+757.48,+025.02,+11.686,+11.647,Air
2026-09-14 15:04:03,+757.44,+025.05,+11.698,+11.657,Air
2026-09-14 15:04:05,+757.51,+025.06,+11.677,+11.636,Air
2026-09-14 15:04:07,+757.56,+025.07,+11.669,+11.629,Air
2026-09-14 15:04:09,+757.50,+025.03,+11.685,+11.645,Air
2026-09-14 15:04:11,+757.43,+025.06,+11.685,+11.643,Air
2026-09-14 15:04:13,+757.47,+025.05,+11.679,+11.638,Air
2026-09-14 15:04:15,+757.47,+025.06,+11.677,+11.636,Air
2026-09-14 15:04:17,+757.55,+025.08,+11.665,+11.624,Air
2026-09-14 15:04:19,+757.52,+025.07,+11.669,+11.629,Air
2026-09-14 15:04:21,+757.43,+025.03,+11.694,+11.654,Air
2026-09-14 15:04:23,+757.47,+025.04,+11.686,+11.646,Air
2026-09-14 15:04:25,+757.50,+025.03,+11.670,+11.630,Air
2026-09-14 15:04:27,+757.46,+025.04,+11.674,+11.633,Air
2026-09-14 15:04:29,+757.51,+025.01,+11.659,+11.620,Air
2026-09-14 15:04:31,+757.48,+025.05,+11.693,+11.652,Air
2026-09-14 15:04:33,+757.49,+025.04,+11.670,+11.630,Air
2026-09-14 15:04:35,+757.52,+025.05,+11.695,+11.655,Air
2026-09-14 15:04:37,+757.48,+025.04,+11.655,+11.615,Air
2026-09-14 15:04:39,+757.47,+025.02,+11.675,+11.636,Air
2026-09-14 15:04:41,+757.48,+025.03,+11.655,+11.616,Air
2026-09-14 15:04:43,+757.47,+025.06,+11.684,+11.643,Air
2026-09-14 15:04:45,+757.43,+025.02,+11.676,+11.636,Air
2026-09-14 15:04:47,+757.51,+025.04,+11.669,+11.629,Air
2026-09-14 15:04:49,+757.44,+025.03,+11.690,+11.649,Air
2026-09-14 15:04:51,+757.51,+025.07,+11.681,+11.640,Air
2026-09-14 15:04:53,+757.52,+025.08,+11.656,+11.615,Air
2026-09-14 15:04:55,+757.53,+025.06,+11.679,+11.639,Air
2026-09-14 15:04:57,+757.47,+025.03,+11.664,+11.624,Air
2026-09-14 15:04:59,+757.47,+025.06,+11.661,+11.619,Air
2026-09-14 15:05:01,+757.49,+025.02,+11.672,+11.632,Air
2026-09-14 15:05:03,+757.49,+025.04,+11.667,+11.627,Air
2026-09-14 15:05:05,+757.47,+025.05,+11.682,+11.641,Air
2026-09-14 15:05:07,+757.54,+025.05,+11.667,+11.628,Air
2026-09-14 15:05:09,+757.50,+025.03,+11.658,+11.619,Air
2026-09-14 15:05:11,+757.48,+025.03,+11.691,+11.651,Air
2026-09-14 15:05:13,+757.49,+025.10,+11.677,+11.634,Air
2026-09-14 15:05:15,+757.50,+025.06,+11.690,+11.649,Air
2026-09-14 15:05:17,+757.47,+025.02,+11.702,+11.662,Air
2026-09-14 15:05:19,+757.54,+025.07,+11.684,+11.644,Air
2026-09-14 15:05:21,+757.47,+025.05,+11.683,+11.643,Air
2026-09-14 15:05:23,+757.45,+025.04,+11.688,+11.647,Air
2026-09-14 15:05:25,+757.50,+025.06,+11.688,+11.647,Air
2026-09-14 15:05:27,+757.44,+025.00,+11.673,+11.634,Air
2026-09-14 15:05:29,+757.43,+025.06,+11.667,+11.625,Air
2026-09-14 15:05:31,+757.46,+025.00,+11.674,+11.635,Air
2026-09-14 15:05:33,+757.51,+025.06,+11.669,+11.628,Air
2026-09-14 15:05:35,+757.52,+025.04,+11.683,+11.643,Air
2026-09-14 15:05:37,+757.52,+025.06,+11.688,+11.647,Air
2026-09-14 15:05:39,+757.49,+025.02,+11.699,+11.660,Air
2026-09-14 15:05:41,+757.47,+025.05,+11.696,+11.655,Air
2026-09-14 15:05:43,+757.52,+025.06,+11.680,+11.640,Air
2026-09-14 15:05:45,+757.46,+025.03,+11.684,+11.644,Air
2026-09-14 15:05:47,+757.54,+025.06,+11.702,+11.662,Air
2026-09-14 15:05:49,+757.56,+025.04,+11.668,+11.628,Air
2026-09-14 15:05:51,+757.51,+025.02,+11.689,+11.651,Air
2026-09-14 15:05:53,+757.45,+025.06,+11.669,+11.627,Air
2026-09-14 15:05:55,+757.52,+025.06,+11.679,+11.639,Air
2026-09-14 15:05:57,+757.49,+025.04,+11.685,+11.645,Air
2026-09-14 15:05:59,+757.42,+025.03,+11.685,+11.644,Air
2026-09-14 15:06:01,+757.55,+025.02,+11.654,+11.615,Air
2026-09-14 15:06:03,+757.50,+025.01,+11.700,+11.661,Air
2026-09-14 15:06:05,+757.47,+025.04,+11.659,+11.619,Air
2026-09-14 15:06:07,+757.46,+025.05,+11.670,+11.629,Air
2026-09-14 15:06:09,+757.45,+025.04,+11.689,+11.648,Air
2026-09-14 15:06:11,+757.48,+025.05,+11.689,+11.648,Air
2026-09-14 15:06:13,+757.43,+025.02,+11.681,+11.641,Air
2026-09-14 15:06:15,+757.50,+025.06,+11.686,+11.645,Air
2026-09-14 15:06:17,+757.48,+025.09,+11.665,+11.623,Air
2026-09-14 15:06:19,+757.48,+025.05,+11.669,+11.628,Air
2026-09-14 15:06:21,+757.50,+025.05,+11.640,+11.600,Air
2026-09-14 15:06:23,+757.53,+025.07,+11.601,+11.561,Air
2026-09-14 15:06:25,+757.49,+025.03,+11.532,+11.493,Air
2026-09-14 15:06:27,+757.54,+025.07,+11.447,+11.407,Air
2026-09-14 15:06:29,+757.52,+025.03,+11.327,+11.289,Air
2026-09-14 15:06:31,+757.55,+025.05,+11.217,+11.179,Air
2026-09-14 15:06:33,+757.50,+025.02,+11.087,+11.050,Air
2026-09-14 15:06:35,+757.60,+025.02,+10.942,+10.906,Air
2026-09-14 15:06:37,+757.66,+025.06,+10.812,+10.776,Air
2026-09-14 15:06:39,+757.69,+025.02,+10.648,+10.615,Air
2026-09-14 15:06:41,+757.68,+025.04,+10.515,+10.481,Air
2026-09-14 15:06:43,+757.74,+025.04,+10.322,+10.290,Air
2026-09-14 15:06:45,+757.78,+025.02,+10.180,+10.150,Air
2026-09-14 15:06:47,+757.78,+025.04,+10.031,+10.001,Air
2026-09-14 15:06:49,+757.82,+025.00,+09.858,+09.830,Air
2026-09-14 15:06:51,+757.93,+025.06,+09.694,+09.665,Air
2026-09-14 15:06:53,+757.91,+025.03,+09.543,+09.516,Air
2026-09-14 15:06:55,+757.93,+025.05,+09.381,+09.354,Air
2026-09-14 15:06:57,+757.92,+025.06,+09.221,+09.194,Air
2026-09-14 15:06:59,+757.95,+025.01,+09.094,+09.069,Air
2026-09-14 15:07:01,+757.94,+025.05,+08.948,+08.922,Air
2026-09-14 15:07:03,+757.96,+025.02,+08.810,+08.786,Air
2026-09-14 15:07:05,+758.07,+025.08,+08.655,+08.631,Air
2026-09-14 15:07:07,+758.05,+025.07,+08.520,+08.496,Air
2026-09-14 15:07:09,+758.05,+025.01,+08.386,+08.364,Air
2026-09-14 15:07:11,+758.17,+025.02,+08.241,+08.221,Air
2026-09-14 15:07:13,+758.09,+025.02,+08.114,+08.093,Air
2026-09-14 15:07:15,+758.18,+025.05,+08.000,+07.979,Air
2026-09-14 15:07:17,+758.18,+025.06,+07.865,+07.844,Air
2026-09-14 15:07:19,+758.19,+025.07,+07.777,+07.757,Air
2026-09-14 15:07:21,+758.17,+025.01,+07.664,+07.645,Air
2026-09-14 15:07:23,+758.15,+025.04,+07.540,+07.521,Air
2026-09-14 15:07:25,+758.30,+025.02,+07.437,+07.420,Air
2026-09-14 15:07:27,+758.30,+025.07,+07.311,+07.293,Air
2026-09-14 15:07:29,+758.29,+025.03,+07.239,+07.222,Air
2026-09-14 15:07:31,+758.25,+025.01,+07.140,+07.124,Air
2026-09-14 15:07:33,+758.24,+025.04,+07.049,+07.032,Air
2026-09-14 15:07:35,+758.36,+025.04,+06.960,+06.944,Air
2026-09-14 15:07:37,+758.32,+025.06,+06.867,+06.850,Air
2026-09-14 15:07:39,+758.40,+025.06,+06.778,+06.763,Air
2026-09-14 15:07:41,+758.39,+025.02,+06.683,+06.668,Air
2026-09-14 15:07:43,+758.44,+025.02,+06.644,+06.629,Air
2026-09-14 15:07:45,+758.42,+025.05,+06.548,+06.533,Air
2026-09-14 15:07:47,+758.39,+025.04,+06.484,+06.470,Air
2026-09-14 15:07:49,+758.43,+025.06,+06.423,+06.409,Air
2026-09-14 15:07:51,+758.48,+025.05,+06.352,+06.339,Air
2026-09-14 15:07:53,+758.49,+025.03,+06.318,+06.305,Air
2026-09-14 15:07:55,+758.47,+025.03,+06.239,+06.226,Air
2026-09-14 15:07:57,+758.50,+025.06,+06.180,+06.167,Air
2026-09-14 15:07:59,+758.46,+025.09,+06.125,+06.111,Air
2026-09-14 15:08:01,+758.43,+025.05,+06.088,+06.075,Air
2026-09-14 15:08:03,+758.47,+025.04,+06.031,+06.018,Air
2026-09-14 15:08:05,+758.54,+025.04,+05.990,+05.978,Air
2026-09-14 15:08:07,+758.51,+025.01,+05.915,+05.903,Air
2026-09-14 15:08:09,+758.48,+025.06,+05.872,+05.859,Air
2026-09-14 15:08:11,+758.52,+025.03,+05.844,+05.832,Air
2026-09-14 15:08:13,+758.48,+025.01,+05.800,+05.788,Air
2026-09-14 15:08:15,+758.59,+025.04,+05.759,+05.747,Air
2026-09-14 15:08:17,+758.59,+025.04,+05.734,+05.722,Air
2026-09-14 15:08:19,+758.50,+024.99,+05.691,+05.680,Air
2026-09-14 15:08:21,+758.50,+025.05,+05.648,+05.636,Air
2026-09-14 15:08:23,+758.53,+025.04,+05.613,+05.601,Air
2026-09-14 15:08:25,+758.57,+024.99,+05.584,+05.574,Air
2026-09-14 15:08:27,+758.62,+025.02,+05.570,+05.559,Air
2026-09-14 15:08:29,+758.49,+025.06,+05.523,+05.511,Air
2026-09-14 15:08:31,+758.61,+025.06,+05.490,+05.479,Air
2026-09-14 15:08:33,+758.59,+025.05,+05.472,+05.461,Air
2026-09-14 15:08:35,+758.62,+025.04,+05.444,+05.433,Air
2026-09-14 15:08:37,+758.63,+025.04,+05.434,+05.424,Air
2026-09-14 15:08:39,+758.58,+025.01,+05.380,+05.370,Air
2026-09-14 15:08:41,+758.65,+025.04,+05.370,+05.360,Air
2026-09-14 15:08:43,+758.69,+025.02,+05.335,+05.326,Air
2026-09-14 15:08:45,+758.70,+025.05,+05.341,+05.331,Air
2026-09-14 15:08:47,+758.60,+025.02,+05.303,+05.292,Air
2026-09-14 15:08:49,+758.66,+025.04,+05.300,+05.289,Air
2026-09-14 15:08:51,+758.63,+025.02,+05.262,+05.253,Air
2026-09-14 15:08:53,+758.57,+025.00,+05.252,+05.242,Air
2026-09-14 15:08:55,+758.60,+025.05,+05.229,+05.219,Air
2026-09-14 15:08:57,+758.70,+025.06,+05.222,+05.212,Air
2026-09-14 15:08:59,+758.62,+025.01,+05.187,+05.178,Air
2026-09-14 15:09:01,+758.67,+025.02,+05.185,+05.176,Air
2026-09-14 15:09:03,+758.65,+025.03,+05.192,+05.182,Air
2026-09-14 15:09:05,+758.68,+025.06,+05.143,+05.133,Air
2026-09-14 15:09:07,+758.70,+025.04,+05.136,+05.126,Air
2026-09-14 15:09:09,+758.65,+025.02,+05.140,+05.131,Air
2026-09-14 15:09:11,+758.64,+025.04,+05.141,+05.131,Air
2026-09-14 15:09:13,+758.65,+025.03,+05.113,+05.103,Air
2026-09-14 15:09:15,+758.63,+025.04,+05.085,+05.075,Air
2026-09-14 15:09:17,+758.66,+025.04,+05.072,+05.062,Air
2026-09-14 15:09:19,+758.69,+025.03,+05.085,+05.076,Air
2026-09-14 15:09:21,+758.67,+025.01,+05.066,+05.057,Air
2026-09-14 15:09:23,+758.63,+025.02,+05.052,+05.042,Air
2026-09-14 15:09:25,+758.69,+025.03,+05.044,+05.035,Air
2026-09-14 15:09:27,+758.71,+025.03,+05.057,+05.048,Air
2026-09-14 15:09:29,+758.70,+025.03,+05.036,+05.027,Air
2026-09-14 15:09:31,+758.67,+025.01,+05.027,+05.018,Air
2026-09-14 15:09:33,+758.63,+025.04,+05.023,+05.014,Air
2026-09-14 15:09:35,+758.65,+025.06,+05.025,+05.015,Air
2026-09-14 15:09:37,+758.66,+025.00,+04.997,+04.988,Air
2026-09-14 15:09:39,+758.68,+024.99,+04.996,+04.988,Air
2026-09-14 15:09:41,+758.74,+025.01,+04.996,+04.988,Air
2026-09-14 15:09:43,+758.65,+025.04,+04.994,+04.984,Air
2026-09-14 15:09:45,+758.73,+025.05,+04.976,+04.967,Air
2026-09-14 15:09:47,+758.67,+025.05,+04.971,+04.962,Air
2026-09-14 15:09:49,+758.68,+025.01,+04.999,+04.990,Air
2026-09-14 15:09:51,+758.62,+025.05,+04.948,+04.939,Air
2026-09-14 15:09:53,+758.70,+025.02,+04.957,+04.948,Air
2026-09-14 15:09:55,+758.64,+025.03,+04.962,+04.953,Air
2026-09-14 15:09:57,+758.71,+025.03,+04.934,+04.925,Air
2026-09-14 15:09:59,+758.63,+025.05,+04.945,+04.936,Air
2026-09-14 15:10:01,+758.69,+025.04,+04.959,+04.950,Air
2026-09-14 15:10:03,+758.73,+025.02,+04.950,+04.942,Air
2026-09-14 15:10:05,+758.63,+025.02,+04.925,+04.916,Air
2026-09-14 15:10:07,+758.67,+025.04,+04.927,+04.918,Air
2026-09-14 15:10:09,+758.71,+025.04,+04.937,+04.927,Air
2026-09-14 15:10:11,+758.71,+025.04,+04.921,+04.912,Air
2026-09-14 15:10:13,+758.64,+025.02,+04.934,+04.925,Air
2026-09-14 15:10:15,+758.64,+025.03,+04.911,+04.902,Air
2026-09-14 15:10:17,+758.73,+025.06,+04.896,+04.887,Air
2026-09-14 15:10:19,+758.65,+025.05,+04.914,+04.904,Air
2026-09-14 15:10:21,+758.62,+025.00,+04.906,+04.897,Air
2026-09-14 15:10:23,+758.71,+025.01,+04.903,+04.895,Air
2026-09-14 15:10:25,+758.61,+025.07,+04.924,+04.914,Air
2026-09-14 15:10:27,+758.63,+024.99,+04.893,+04.884,Air
2026-09-14 15:10:29,+758.64,+025.04,+04.911,+04.902,Air
2026-09-14 15:10:31,+758.75,+025.04,+04.909,+04.901,Air
2026-09-14 15:10:33,+758.68,+024.99,+04.916,+04.908,Air
2026-09-14 15:10:35,+758.70,+025.02,+04.884,+04.876,Air
2026-09-14 15:10:37,+758.75,+025.05,+04.885,+04.877,Air
2026-09-14 15:10:39,+758.67,+025.03,+04.890,+04.881,Air
2026-09-14 15:10:41,+758.70,+024.99,+04.905,+04.896,Air
2026-09-14 15:10:43,+758.71,+025.04,+04.887,+04.878,Air
2026-09-14 15:10:45,+758.69,+025.01,+04.887,+04.879,Air
2026-09-14 15:10:47,+758.66,+025.03,+04.889,+04.879,Air
2026-09-14 15:10:49,+758.76,+025.04,+04.893,+04.884,Air
2026-09-14 15:10:51,+758.66,+024.99,+04.897,+04.889,Air
2026-09-14 15:10:53,+758.65,+025.03,+04.886,+04.877,Air
2026-09-14 15:10:55,+758.70,+025.04,+04.897,+04.888,Air
2026-09-14 15:10:57,+758.77,+025.03,+04.876,+04.868,Air
2026-09-14 15:10:59,+758.78,+025.01,+04.883,+04.875,Air
2026-09-14 15:11:01,+758.64,+025.01,+04.890,+04.882,Air
2026-09-14 15:11:03,+758.72,+025.02,+04.878,+04.870,Air
2026-09-14 15:11:05,+758.69,+025.03,+04.871,+04.862,Air
2026-09-14 15:11:07,+758.67,+024.99,+04.891,+04.883,Air
2026-09-14 15:11:09,+758.66,+025.03,+04.851,+04.842,Air
2026-09-14 15:11:11,+758.69,+025.01,+04.881,+04.873,Air
2026-09-14 15:11:13,+758.70,+024.97,+04.873,+04.865,Air
2026-09-14 15:11:15,+758.67,+024.99,+04.884,+04.875,Air
2026-09-14 15:11:17,+758.78,+025.04,+04.863,+04.854,Air
2026-09-14 15:11:19,+758.69,+025.01,+04.858,+04.850,Air
2026-09-14 15:11:21,+758.75,+025.02,+04.876,+04.868,Air
2026-09-14 15:11:23,+758.68,+025.03,+04.860,+04.851,Air
2026-09-14 15:11:25,+758.71,+025.04,+04.891,+04.882,Air
2026-09-14 15:11:27,+758.71,+025.03,+04.864,+04.855,Air
2026-09-14 15:11:29,+758.65,+025.06,+04.860,+04.850,Air
2026-09-14 15:11:31,+758.64,+025.00,+04.876,+04.867,Air
2026-09-14 15:11:33,+758.67,+025.02,+04.885,+04.876,Air
2026-09-14 15:11:35,+758.69,+025.02,+04.887,+04.878,Air
2026-09-14 15:11:37,+758.64,+025.04,+04.859,+04.850,Air
2026-09-14 15:11:39,+758.74,+025.01,+04.866,+04.858,Air
2026-09-14 15:11:41,+758.77,+025.02,+04.851,+04.843,Air
2026-09-14 15:11:43,+758.73,+025.02,+04.865,+04.857,Air
2026-09-14 15:11:45,+758.73,+025.03,+04.864,+04.855,Air
2026-09-14 15:11:47,+758.69,+025.01,+04.881,+04.872,Air
2026-09-14 15:11:49,+758.75,+025.03,+04.869,+04.860,Air
2026-09-14 15:11:51,+758.71,+025.00,+04.885,+04.876,Air
2026-09-14 15:11:53,+758.71,+024.99,+04.889,+04.880,Air
2026-09-14 15:11:55,+758.67,+024.98,+04.877,+04.869,Air
2026-09-14 15:11:57,+758.71,+025.04,+04.873,+04.864,Air
2026-09-14 15:11:59,+758.68,+025.03,+04.866,+04.858,Air
2026-09-14 15:12:01,+758.70,+025.05,+04.873,+04.864,Air
2026-09-14 15:12:03,+758.67,+025.00,+04.869,+04.860,Air
2026-09-14 15:12:05,+758.71,+025.02,+04.872,+04.864,Air
2026-09-14 15:12:07,+758.70,+025.00,+04.866,+04.858,Air
2026-09-14 15:12:09,+758.66,+024.99,+04.858,+04.850,Air
2026-09-14 15:12:11,+758.69,+025.02,+04.861,+04.853,Air
2026-09-14 15:12:13,+758.69,+025.01,+04.869,+04.860,Air
2026-09-14 15:12:15,+758.72,+025.02,+04.832,+04.824,Air
2026-09-14 15:12:17,+758.70,+025.02,+04.865,+04.857,Air
2026-09-14 15:12:19,+758.72,+025.01,+04.873,+04.865,Air
2026-09-14 15:12:21,+758.75,+025.01,+04.852,+04.844,Air
2026-09-14 15:12:23,+758.75,+025.06,+04.858,+04.849,Air
2026-09-14 15:12:25,+758.71,+025.07,+04.876,+04.867,Air
2026-09-14 15:12:27,+758.73,+025.04,+04.858,+04.850,Air
2026-09-14 15:12:29,+758.69,+025.04,+04.870,+04.861,Air
2026-09-14 15:12:31,+758.67,+025.05,+04.852,+04.842,Air
2026-09-14 15:12:33,+758.70,+025.03,+04.877,+04.869,Air
2026-09-14 15:12:35,+758.75,+025.01,+04.849,+04.841,Air
2026-09-14 15:12:37,+758.74,+025.02,+04.850,+04.842,Air
2026-09-14 15:12:39,+758.68,+025.02,+04.870,+04.862,Air
2026-09-14 15:12:41,+758.78,+025.01,+04.848,+04.840,Air
2026-09-14 15:12:43,+758.60,+025.01,+04.844,+04.835,Air
2026-09-14 15:12:45,+758.68,+025.05,+04.852,+04.843,Air
2026-09-14 15:12:47,+758.68,+025.01,+04.871,+04.862,Air
2026-09-14 15:12:49,+758.69,+025.01,+04.851,+04.843,Air
2026-09-14 15:12:51,+758.66,+024.97,+04.870,+04.862,Air
2026-09-14 15:12:53,+758.66,+025.01,+04.857,+04.848,Air
2026-09-14 15:12:55,+758.72,+025.02,+04.851,+04.842,Air
2026-09-14 15:12:57,+758.64,+025.04,+04.851,+04.842,Air
2026-09-14 15:12:59,+758.69,+025.01,+04.866,+04.858,Air
2026-09-14 15:13:01,+758.75,+024.99,+04.848,+04.841,Air
2026-09-14 15:13:03,+758.66,+025.01,+04.871,+04.862,Air
2026-09-14 15:13:05,+758.69,+025.01,+04.868,+04.860,Air
2026-09-14 15:13:07,+758.69,+025.01,+04.861,+04.853,Air
2026-09-14 15:13:09,+758.69,+025.04,+04.863,+04.854,Air
2026-09-14 15:13:11,+758.74,+024.99,+04.855,+04.847,Air
2026-09-14 15:13:13,+758.70,+025.01,+04.867,+04.859,Air
2026-09-14 15:13:15,+758.60,+024.98,+04.873,+04.864,Air
2026-09-14 15:13:17,+758.73,+025.02,+04.874,+04.866,Air
2026-09-14 15:13:19,+758.66,+025.01,+04.872,+04.864,Air
2026-09-14 15:13:21,+758.74,+025.06,+04.865,+04.856,Air
2026-09-14 15:13:23,+758.76,+024.99,+04.869,+04.862,Air
2026-09-14 15:13:25,+758.76,+025.01,+04.855,+04.847,Air
2026-09-14 15:13:27,+758.65,+025.01,+04.868,+04.859,Air
2026-09-14 15:13:29,+758.72,+025.01,+04.846,+04.838,Air
2026-09-14 15:13:31,+758.68,+025.03,+04.869,+04.860,Air
2026-09-14 15:13:33,+758.71,+025.04,+04.865,+04.857,Air
2026-09-14 15:13:35,+758.71,+025.07,+04.855,+04.846,Air
2026-09-14 15:13:37,+758.71,+025.02,+04.865,+04.857,Air
2026-09-14 15:13:39,+758.71,+025.03,+04.854,+04.845,Air
2026-09-14 15:13:41,+758.71,+025.02,+04.862,+04.853,Air
2026-09-14 15:13:43,+758.65,+025.04,+04.851,+04.842,Air
2026-09-14 15:13:45,+758.68,+025.03,+04.872,+04.863,Air
2026-09-14 15:13:47,+758.69,+025.03,+04.854,+04.845,Air
2026-09-14 15:13:49,+758.74,+025.02,+04.856,+04.848,Air
2026-09-14 15:13:51,+758.66,+025.01,+04.858,+04.850,Air
2026-09-14 15:13:53,+758.68,+024.99,+04.845,+04.836,Air
2026-09-14 15:13:55,+758.74,+025.00,+04.868,+04.860,Air
2026-09-14 15:13:57,+758.78,+025.04,+04.858,+04.849,Air
2026-09-14 15:13:59,+758.73,+025.03,+04.862,+04.853,Air
2026-09-14 15:14:01,+758.66,+025.06,+04.850,+04.840,Air
2026-09-14 15:14:03,+758.69,+025.00,+04.854,+04.845,Air
2026-09-14 15:14:05,+758.69,+025.01,+04.855,+04.846,Air
2026-09-14 15:14:07,+758.74,+025.02,+04.869,+04.861,Air
2026-09-14 15:14:09,+758.73,+025.00,+04.860,+04.851,Air
2026-09-14 15:14:11,+758.72,+025.01,+04.872,+04.864,Air
2026-09-14 15:14:13,+758.71,+025.04,+04.854,+04.845,Air
2026-09-14 15:14:15,+758.61,+025.00,+04.846,+04.837,Air
2026-09-14 15:14:17,+758.68,+025.00,+04.874,+04.866,Air
2026-09-14 15:14:19,+758.72,+025.03,+04.867,+04.858,Air
2026-09-14 15:14:21,+758.76,+025.02,+04.884,+04.876,Air
2026-09-14 15:14:23,+758.71,+025.01,+04.866,+04.858,Air
2026-09-14 15:14:25,+758.69,+024.99,+04.853,+04.844,Air
2026-09-14 15:14:27,+758.78,+025.01,+04.861,+04.853,Air
2026-09-14 15:14:29,+758.73,+025.02,+04.834,+04.826,Air
2026-09-14 15:14:31,+758.73,+024.96,+04.847,+04.839,Air
2026-09-14 15:14:33,+758.71,+025.04,+04.870,+04.861,Air
2026-09-14 15:14:35,+758.70,+025.01,+04.852,+04.844,Air
2026-09-14 15:14:37,+758.61,+024.99,+04.879,+04.871,Air
2026-09-14 15:14:39,+758.69,+025.01,+04.852,+04.843,Air
2026-09-14 15:14:41,+758.69,+025.01,+04.869,+04.861,Air
2026-09-14 15:14:43,+758.69,+025.02,+04.871,+04.862,Air
2026-09-14 15:14:45,+758.75,+024.99,+04.865,+04.857,Air
2026-09-14 15:14:47,+758.64,+024.97,+04.845,+04.837,Air
2026-09-14 15:14:49,+758.72,+025.01,+04.873,+04.865,Air
2026-09-14 15:14:51,+758.71,+025.00,+04.874,+04.865,Air
2026-09-14 15:14:53,+758.71,+025.01,+04.859,+04.851,Air
2026-09-14 15:14:55,+758.69,+024.97,+04.863,+04.855,Air
2026-09-14 15:14:57,+758.70,+024.99,+04.896,+04.887,Air
2026-09-14 15:14:59,+758.72,+025.00,+04.842,+04.834,Air
2026-09-14 15:15:01,+758.73,+025.04,+04.878,+04.869,Air
2026-09-14 15:15:03,+758.67,+024.99,+04.859,+04.851,Air
2026-09-14 15:15:05,+758.64,+025.02,+04.863,+04.854,Air
2026-09-14 15:15:07,+758.68,+024.99,+04.856,+04.847,Air
2026-09-14 15:15:09,+758.71,+025.02,+04.846,+04.838,Air
2026-09-14 15:15:11,+758.78,+025.04,+04.847,+04.839,Air
2026-09-14 15:15:13,+758.59,+025.01,+04.869,+04.859,Air
2026-09-14 15:15:15,+758.68,+025.02,+04.877,+04.868,Air
2026-09-14 15:15:17,+758.69,+025.00,+04.854,+04.845,Air
2026-09-14 15:15:19,+758.64,+024.99,+04.879,+04.871,Air
2026-09-14 15:15:21,+758.70,+024.97,+04.870,+04.862,Air
2026-09-14 15:15:23,+758.68,+024.96,+04.857,+04.849,Air
2026-09-14 15:15:25,+758.69,+025.02,+04.881,+04.872,Air
2026-09-14 15:15:27,+758.65,+024.98,+04.882,+04.874,Air
2026-09-14 15:15:29,+758.67,+025.00,+04.865,+04.857,Air
2026-09-14 15:15:31,+758.68,+025.01,+04.846,+04.837,Air
2026-09-14 15:15:33,+758.70,+024.99,+04.841,+04.833,Air
2026-09-14 15:15:35,+758.67,+025.06,+04.856,+04.846,Air
2026-09-14 15:15:37,+758.66,+024.99,+04.880,+04.872,Air
2026-09-14 15:15:39,+758.74,+024.99,+04.844,+04.836,Air
2026-09-14 15:15:41,+758.73,+025.04,+04.850,+04.841,Air
2026-09-14 15:15:43,+758.68,+024.97,+04.840,+04.832,Air
2026-09-14 15:15:45,+758.73,+024.97,+04.853,+04.846,Air
2026-09-14 15:15:47,+758.67,+025.03,+04.875,+04.866,Air
2026-09-14 15:15:49,+758.79,+025.00,+04.870,+04.862,Air
2026-09-14 15:15:51,+758.64,+025.00,+04.880,+04.871,Air
2026-09-14 15:15:53,+758.72,+024.98,+04.839,+04.831,Air
2026-09-14 15:15:55,+758.58,+025.01,+04.872,+04.863,Air
2026-09-14 15:15:57,+758.68,+024.99,+04.833,+04.824,Air
2026-09-14 15:15:59,+758.70,+025.00,+04.848,+04.839,Air
2026-09-14 15:16:01,+758.71,+024.99,+04.857,+04.849,Air
2026-09-14 15:16:03,+758.67,+025.02,+04.877,+04.868,Air
2026-09-14 15:16:05,+758.73,+024.99,+04.863,+04.855,Air
2026-09-14 15:16:07,+758.68,+025.00,+04.851,+04.843,Air
2026-09-14 15:16:09,+758.65,+025.00,+04.873,+04.865,Air
2026-09-14 15:16:11,+758.71,+025.02,+04.863,+04.855,Air
2026-09-14 15:16:13,+758.71,+025.01,+04.892,+04.883,Air
2026-09-14 15:16:15,+758.72,+025.03,+04.855,+04.846,Air
2026-09-14 15:16:17,+758.76,+024.99,+04.887,+04.880,Air
2026-09-14 15:16:19,+758.59,+024.96,+04.858,+04.850,Air
2026-09-14 15:16:21,+758.75,+025.00,+04.873,+04.865,Air
2026-09-14 15:16:23,+758.66,+025.03,+04.870,+04.861,Air
2026-09-14 15:16:25,+758.74,+024.98,+04.870,+04.862,Air
2026-09-14 15:16:27,+758.67,+025.00,+04.883,+04.875,Air
2026-09-14 15:16:29,+758.70,+024.97,+04.870,+04.862,Air
2026-09-14 15:16:31,+758.71,+025.02,+04.867,+04.858,Air
2026-09-14 15:16:33,+758.70,+024.99,+04.853,+04.845,Air
2026-09-14 15:16:35,+758.69,+025.05,+04.855,+04.846,Air
2026-09-14 15:16:37,+758.66,+024.97,+04.859,+04.850,Air
2026-09-14 15:16:39,+758.69,+025.02,+04.858,+04.849,Air
2026-09-14 15:16:41,+758.73,+024.97,+04.829,+04.821,Air
2026-09-14 15:16:43,+758.69,+025.00,+04.842,+04.834,Air
2026-09-14 15:16:45,+758.65,+025.00,+04.847,+04.839,Air
2026-09-14 15:16:47,+758.74,+025.01,+04.838,+04.830,Air
2026-09-14 15:16:49,+758.72,+025.02,+04.844,+04.836,Air
2026-09-14 15:16:51,+758.65,+024.99,+04.840,+04.832,Air
2026-09-14 15:16:53,+758.69,+025.01,+04.853,+04.844,Air
2026-09-14 15:16:55,+758.69,+024.99,+04.870,+04.862,Air
2026-09-14 15:16:57,+758.67,+024.98,+04.855,+04.847,Air
2026-09-14 15:16:59,+758.75,+024.99,+04.828,+04.820,Air
2026-09-14 15:17:01,+758.77,+025.02,+04.874,+04.866,Air
2026-09-14 15:17:03,+758.63,+025.03,+04.859,+04.850,Air
2026-09-14 15:17:05,+758.65,+025.00,+04.855,+04.846,Air
2026-09-14 15:17:07,+758.65,+024.98,+04.836,+04.828,Air
2026-09-14 15:17:09,+758.75,+024.99,+04.863,+04.855,Air
2026-09-14 15:17:11,+758.67,+024.98,+04.857,+04.849,Air
2026-09-14 15:17:13,+758.70,+025.02,+04.842,+04.833,Air
2026-09-14 15:17:15,+758.70,+025.00,+04.850,+04.842,Air
2026-09-14 15:17:17,+758.70,+024.98,+04.861,+04.853,Air
2026-09-14 15:17:19,+758.62,+024.99,+04.826,+04.817,Air
2026-09-14 15:17:21,+758.60,+025.03,+04.870,+04.861,Air
2026-09-14 15:17:23,+758.75,+024.99,+04.848,+04.840,Air
2026-09-14 15:17:25,+758.63,+025.00,+04.846,+04.837,Air
2026-09-14 15:17:27,+758.65,+025.00,+04.863,+04.854,Air
2026-09-14 15:17:29,+758.70,+025.03,+04.857,+04.848,Air
2026-09-14 15:17:31,+758.67,+024.99,+04.846,+04.837,Air
2026-09-14 15:17:33,+758.66,+025.01,+04.871,+04.862,Air
2026-09-14 15:17:35,+758.69,+025.03,+04.850,+04.841,Air
2026-09-14 15:17:37,+758.69,+025.01,+04.839,+04.831,Air
2026-09-14 15:17:39,+758.70,+025.00,+04.829,+04.821,Air
2026-09-14 15:17:41,+758.71,+025.02,+04.845,+04.836,Air
2026-09-14 15:17:43,+758.68,+024.98,+04.854,+04.846,Air
2026-09-14 15:17:45,+758.65,+025.01,+04.853,+04.844,Air
2026-09-14 15:17:47,+758.65,+024.99,+04.846,+04.838,Air
2026-09-14 15:17:49,+758.64,+025.02,+04.844,+04.835,Air
2026-09-14 15:17:51,+758.67,+025.00,+04.849,+04.841,Air
2026-09-14 15:17:53,+758.66,+024.98,+04.866,+04.858,Air
2026-09-14 15:17:55,+758.68,+024.96,+04.853,+04.845,Air
2026-09-14 15:17:57,+758.65,+025.01,+04.863,+04.854,Air
2026-09-14 15:17:59,+758.72,+025.02,+04.863,+04.854,Air
2026-09-14 15:18:01,+758.59,+025.03,+04.850,+04.841,Air
2026-09-14 15:18:03,+758.71,+025.01,+04.834,+04.825,Air
2026-09-14 15:18:05,+758.68,+024.96,+04.853,+04.845,Air
2026-09-14 15:18:07,+758.70,+025.02,+04.865,+04.857,Air
2026-09-14 15:18:09,+758.65,+024.99,+04.866,+04.857,Air
2026-09-14 15:18:11,+758.71,+024.97,+04.856,+04.848,Air
2026-09-14 15:18:13,+758.66,+024.99,+04.859,+04.851,Air
2026-09-14 15:18:15,+758.68,+024.99,+04.837,+04.829,Air
2026-09-14 15:18:17,+758.64,+025.03,+04.854,+04.845,Air
2026-09-14 15:18:19,+758.65,+024.97,+04.856,+04.848,Air
2026-09-14 15:18:21,+758.77,+024.98,+04.869,+04.861,Air
2026-09-14 15:18:23,+758.71,+025.01,+04.847,+04.838,Air
2026-09-14 15:18:25,+758.74,+025.01,+04.856,+04.848,Air
2026-09-14 15:18:27,+758.61,+024.96,+04.838,+04.830,Air
2026-09-14 15:18:29,+758.68,+024.99,+04.862,+04.853,Air
2026-09-14 15:18:31,+758.75,+024.98,+04.840,+04.832,Air
2026-09-14 15:18:33,+758.70,+024.99,+04.869,+04.861,Air
2026-09-14 15:18:35,+758.72,+025.01,+04.843,+04.835,Air
2026-09-14 15:18:37,+758.69,+025.00,+04.881,+04.873,Air
2026-09-14 15:18:39,+758.65,+025.02,+04.840,+04.831,Air
2026-09-14 15:18:41,+758.77,+024.98,+04.872,+04.865,Air
2026-09-14 15:18:43,+758.68,+024.97,+04.845,+04.837,Air
2026-09-14 15:18:45,+758.66,+025.00,+04.850,+04.842,Air
2026-09-14 15:18:47,+758.66,+024.96,+04.866,+04.858,Air
2026-09-14 15:18:49,+758.65,+024.99,+04.862,+04.854,Air
2026-09-14 15:18:51,+758.69,+024.99,+04.853,+04.845,Air
2026-09-14 15:18:53,+758.65,+024.99,+04.861,+04.852,Air
2026-09-14 15:18:55,+758.68,+025.01,+04.860,+04.852,Air
2026-09-14 15:18:57,+758.68,+024.99,+04.857,+04.849,Air
2026-09-14 15:18:59,+758.62,+025.01,+04.838,+04.829,Air
2026-09-14 15:19:01,+758.70,+024.98,+04.853,+04.845,Air
2026-09-14 15:19:03,+758.69,+025.01,+04.847,+04.838,Air
2026-09-14 15:19:05,+758.67,+024.99,+04.861,+04.852,Air
2026-09-14 15:19:07,+758.72,+024.97,+04.866,+04.858,Air
2026-09-14 15:19:09,+758.65,+024.97,+04.853,+04.845,Air
2026-09-14 15:19:11,+758.62,+025.01,+04.848,+04.839,Air
2026-09-14 15:19:13,+758.62,+024.98,+04.861,+04.852,Air
2026-09-14 15:19:15,+758.72,+024.99,+04.859,+04.851,Air
2026-09-14 15:19:17,+758.63,+024.97,+04.862,+04.853,Air
2026-09-14 15:19:19,+758.70,+025.00,+04.873,+04.864,Air
2026-09-14 15:19:21,+758.62,+024.97,+04.880,+04.872,Air
2026-09-14 15:19:23,+758.77,+025.00,+04.839,+04.831,Air
2026-09-14 15:19:25,+758.64,+025.01,+04.853,+04.844,Air
2026-09-14 15:19:27,+758.73,+024.99,+04.864,+04.856,Air
2026-09-14 15:19:29,+758.68,+024.98,+04.871,+04.863,Air
2026-09-14 15:19:31,+758.64,+024.93,+04.863,+04.856,Air
2026-09-14 15:19:33,+758.68,+024.99,+04.852,+04.843,Air
2026-09-14 15:19:35,+758.68,+025.00,+04.862,+04.854,Air
2026-09-14 15:19:37,+758.72,+024.98,+04.870,+04.862,Air
2026-09-14 15:19:39,+758.67,+024.94,+04.860,+04.853,Air
2026-09-14 15:19:41,+758.68,+024.98,+04.852,+04.844,Air
2026-09-14 15:19:43,+758.66,+024.99,+04.846,+04.838,Air
2026-09-14 15:19:45,+758.68,+024.99,+04.888,+04.879,Air
2026-09-14 15:19:47,+758.72,+025.00,+04.857,+04.848,Air
2026-09-14 15:19:49,+758.64,+024.97,+04.844,+04.836,Air
2026-09-14 15:19:51,+758.69,+024.99,+04.886,+04.878,Air
2026-09-14 15:19:53,+758.64,+025.00,+04.857,+04.848,Air
2026-09-14 15:19:55,+758.71,+024.97,+04.862,+04.854,Air
2026-09-14 15:19:57,+758.66,+024.98,+04.872,+04.864,Air
2026-09-14 15:19:59,+758.65,+024.98,+04.852,+04.844,Air
2026-09-14 15:20:01,+758.60,+024.99,+04.862,+04.853,Air
2026-09-14 15:20:03,+758.60,+025.02,+04.859,+04.849,Air
2026-09-14 15:20:05,+758.69,+024.95,+04.869,+04.862,Air
2026-09-14 15:20:07,+758.63,+025.01,+04.834,+04.825,Air
2026-09-14 15:20:09,+758.68,+025.01,+04.861,+04.852,Air
2026-09-14 15:20:11,+758.68,+024.98,+04.863,+04.855,Air
2026-09-14 15:20:13,+758.65,+025.01,+04.871,+04.862,Air
2026-09-14 15:20:15,+758.70,+024.98,+04.878,+04.870,Air
2026-09-14 15:20:17,+758.67,+024.94,+04.847,+04.840,Air
2026-09-14 15:20:19,+758.73,+025.00,+04.846,+04.838,Air
2026-09-14 15:20:21,+758.67,+024.98,+04.845,+04.837,Air
2026-09-14 15:20:23,+758.66,+024.99,+04.864,+04.855,Air
2026-09-14 15:20:25,+758.63,+024.96,+04.851,+04.843,Air
2026-09-14 15:20:27,+758.66,+025.03,+04.864,+04.855,Air
2026-09-14 15:20:29,+758.71,+025.00,+04.846,+04.838,Air
2026-09-14 15:20:31,+758.64,+024.96,+04.850,+04.842,Air
2026-09-14 15:20:33,+758.73,+024.99,+04.846,+04.838,Air
2026-09-14 15:20:35,+758.66,+025.00,+04.859,+04.851,Air
2026-09-14 15:20:37,+758.66,+024.99,+04.856,+04.848,Air
2026-09-14 15:20:39,+758.73,+024.96,+04.872,+04.865,Air
2026-09-14 15:20:41,+758.72,+024.98,+04.839,+04.831,Air
2026-09-14 15:20:43,+758.65,+025.00,+04.844,+04.836,Air
2026-09-14 15:20:45,+758.66,+024.96,+04.860,+04.852,Air
2026-09-14 15:20:47,+758.70,+024.98,+04.856,+04.848,Air
2026-09-14 15:20:49,+758.60,+024.98,+04.877,+04.869,Air
2026-09-14 15:20:51,+758.64,+024.96,+04.873,+04.865,Air
2026-09-14 15:20:53,+758.70,+024.98,+04.859,+04.851,Air
2026-09-14 15:20:55,+758.68,+024.99,+04.880,+04.872,Air
2026-09-14 15:20:57,+758.67,+024.98,+04.883,+04.875,Air
2026-09-14 15:20:59,+758.64,+024.97,+04.849,+04.841,Air
2026-09-14 15:21:01,+758.63,+024.99,+04.859,+04.850,Air
2026-09-14 15:21:03,+758.64,+024.95,+04.840,+04.832,Air
2026-09-14 15:21:05,+758.65,+025.01,+04.851,+04.842,Air
2026-09-14 15:21:07,+758.75,+024.97,+04.862,+04.854,Air
2026-09-14 15:21:09,+758.72,+024.97,+04.854,+04.847,Air
2026-09-14 15:21:11,+758.69,+025.00,+04.853,+04.844,Air
2026-09-14 15:21:13,+758.65,+024.99,+04.863,+04.855,Air
2026-09-14 15:21:15,+758.63,+024.95,+04.851,+04.843,Air
2026-09-14 15:21:17,+758.61,+025.02,+04.881,+04.872,Air
2026-09-14 15:21:19,+758.63,+024.96,+04.858,+04.850,Air
2026-09-14 15:21:21,+758.64,+024.97,+04.869,+04.861,Air
2026-09-14 15:21:23,+758.68,+025.00,+04.859,+04.851,Air
2026-09-14 15:21:25,+758.64,+024.98,+04.869,+04.860,Air
2026-09-14 15:21:27,+758.73,+025.01,+04.853,+04.845,Air
2026-09-14 15:21:29,+758.59,+024.98,+04.860,+04.851,Air
2026-09-14 15:21:31,+758.66,+024.97,+04.865,+04.857,Air
2026-09-14 15:21:33,+758.69,+024.98,+04.863,+04.855,Air
2026-09-14 15:21:35,+758.64,+024.96,+04.849,+04.841,Air
2026-09-14 15:21:37,+758.63,+024.97,+04.856,+04.848,Air
2026-09-14 15:21:39,+758.65,+024.98,+04.861,+04.853,Air
2026-09-14 15:21:41,+758.65,+024.98,+04.869,+04.861,Air
2026-09-14 15:21:43,+758.64,+025.01,+04.866,+04.857,Air
2026-09-14 15:21:45,+758.62,+024.98,+04.850,+04.841,Air
2026-09-14 15:21:47,+758.69,+024.96,+04.844,+04.837,Air
2026-09-14 15:21:49,+758.66,+025.01,+04.863,+04.854,Air
2026-09-14 15:21:51,+758.67,+024.97,+04.863,+04.855,Air
2026-09-14 15:21:53,+758.66,+024.97,+04.889,+04.881,Air
2026-09-14 15:21:55,+758.74,+024.98,+04.858,+04.850,Air
2026-09-14 15:21:57,+758.62,+024.98,+04.845,+04.837,Air
2026-09-14 15:21:59,+758.63,+024.96,+04.859,+04.851,Air
2026-09-14 15:22:01,+758.66,+024.99,+04.845,+04.837,Air
2026-09-14 15:22:03,+758.61,+024.96,+04.859,+04.851,Air
2026-09-14 15:22:05,+758.64,+024.95,+04.860,+04.853,Air
2026-09-14 15:22:07,+758.66,+024.97,+04.858,+04.850,Air
2026-09-14 15:22:09,+758.69,+024.98,+04.884,+04.876,Air
2026-09-14 15:22:11,+758.68,+024.94,+04.886,+04.879,Air
2026-09-14 15:22:13,+758.66,+024.98,+04.859,+04.851,Air
2026-09-14 15:22:15,+758.68,+024.98,+04.839,+04.831,Air
2026-09-14 15:22:17,+758.66,+025.00,+04.853,+04.844,Air
2026-09-14 15:22:19,+758.65,+024.98,+04.857,+04.848,Air
2026-09-14 15:22:21,+758.65,+024.97,+04.841,+04.832,Air
2026-09-14 15:22:23,+758.63,+024.98,+04.845,+04.836,Air
2026-09-14 15:22:25,+758.70,+024.97,+04.886,+04.879,Air
2026-09-14 15:22:27,+758.65,+024.95,+04.843,+04.835,Air
2026-09-14 15:22:29,+758.64,+024.99,+04.861,+04.852,Air
2026-09-14 15:22:31,+758.62,+024.96,+04.866,+04.857,Air
2026-09-14 15:22:33,+758.60,+024.95,+04.883,+04.874,Air
2026-09-14 15:22:35,+758.70,+024.97,+04.847,+04.839,Air
2026-09-14 15:22:37,+758.68,+024.98,+04.862,+04.854,Air
2026-09-14 15:22:39,+758.64,+024.98,+04.843,+04.834,Air
2026-09-14 15:22:41,+758.64,+024.93,+04.871,+04.864,Air
2026-09-14 15:22:43,+758.73,+024.95,+04.862,+04.854,Air
2026-09-14 15:22:45,+758.61,+024.96,+04.854,+04.846,Air
2026-09-14 15:22:47,+758.71,+024.97,+04.834,+04.827,Air
2026-09-14 15:22:49,+758.62,+025.00,+04.863,+04.854,Air
2026-09-14 15:22:51,+758.69,+024.95,+04.880,+04.872,Air
2026-09-14 15:22:53,+758.66,+024.99,+04.846,+04.837,Air
2026-09-14 15:22:55,+758.66,+024.95,+04.864,+04.856,Air
2026-09-14 15:22:57,+758.63,+024.98,+04.869,+04.860,Air
2026-09-14 15:22:59,+758.61,+024.98,+04.862,+04.854,Air
2026-09-14 15:23:01,+758.75,+024.96,+04.843,+04.835,Air
2026-09-14 15:23:03,+758.64,+024.97,+04.840,+04.832,Air
2026-09-14 15:23:05,+758.64,+025.00,+04.862,+04.854,Air
2026-09-14 15:23:07,+758.65,+024.94,+04.872,+04.864,Air
2026-09-14 15:23:09,+758.60,+024.98,+04.856,+04.847,Air
2026-09-14 15:23:11,+758.63,+024.99,+04.874,+04.866,Air
2026-09-14 15:23:13,+758.67,+024.97,+04.860,+04.852,Air
2026-09-14 15:23:15,+758.68,+024.99,+04.859,+04.851,Air
2026-09-14 15:23:17,+758.68,+024.99,+04.841,+04.833,Air
2026-09-14 15:23:19,+758.60,+024.94,+04.855,+04.847,Air
2026-09-14 15:23:21,+758.62,+024.95,+04.851,+04.843,Air
2026-09-14 15:23:23,+758.65,+025.02,+04.860,+04.851,Air
2026-09-14 15:23:25,+758.64,+025.00,+04.849,+04.841,Air
2026-09-14 15:23:27,+758.67,+024.99,+04.848,+04.839,Air
2026-09-14 15:23:29,+758.61,+024.97,+04.864,+04.856,Air
2026-09-14 15:23:31,+758.55,+024.96,+04.881,+04.872,Air
2026-09-14 15:23:33,+758.69,+024.98,+04.870,+04.862,Air
2026-09-14 15:23:35,+758.62,+024.97,+04.867,+04.858,Air
2026-09-14 15:23:37,+758.71,+024.96,+04.854,+04.846,Air
2026-09-14 15:23:39,+758.72,+024.96,+04.866,+04.858,Air
2026-09-14 15:23:41,+758.67,+024.98,+04.861,+04.853,Air
2026-09-14 15:23:43,+758.70,+024.97,+04.847,+04.839,Air
2026-09-14 15:23:45,+758.66,+024.97,+04.851,+04.843,Air
2026-09-14 15:23:47,+758.62,+024.95,+04.878,+04.870,Air
2026-09-14 15:23:49,+758.67,+024.98,+04.838,+04.830,Air
2026-09-14 15:23:51,+758.54,+024.97,+04.859,+04.850,Air
2026-09-14 15:23:53,+758.67,+024.99,+04.857,+04.849,Air
2026-09-14 15:23:55,+758.65,+024.96,+04.838,+04.831,Air
2026-09-14 15:23:57,+758.64,+024.99,+04.853,+04.845,Air
2026-09-14 15:23:59,+758.65,+024.99,+04.870,+04.862,Air
2026-09-14 15:24:01,+758.57,+024.98,+04.838,+04.829,Air
2026-09-14 15:24:03,+758.62,+024.97,+04.853,+04.845,Air
2026-09-14 15:24:05,+758.61,+024.93,+04.856,+04.849,Air
2026-09-14 15:24:07,+758.60,+024.97,+04.859,+04.851,Air
2026-09-14 15:24:09,+758.66,+024.96,+04.857,+04.849,Air
2026-09-14 15:24:11,+758.66,+024.97,+04.856,+04.848,Air
2026-09-14 15:24:13,+758.59,+024.97,+04.849,+04.840,Air
2026-09-14 15:24:15,+758.72,+024.94,+04.850,+04.843,Air
2026-09-14 15:24:17,+758.63,+024.94,+04.856,+04.849,Air
2026-09-14 15:24:19,+758.61,+024.95,+04.874,+04.866,Air
2026-09-14 15:24:21,+758.67,+024.95,+04.855,+04.847,Air
2026-09-14 15:24:23,+758.64,+024.97,+04.861,+04.853,Air
2026-09-14 15:24:25,+758.66,+024.95,+04.850,+04.843,Air
2026-09-14 15:24:27,+758.63,+024.97,+04.886,+04.878,Air
2026-09-14 15:24:29,+758.62,+024.96,+04.833,+04.825,Air
2026-09-14 15:24:31,+758.66,+024.99,+04.852,+04.843,Air
2026-09-14 15:24:33,+758.61,+024.97,+04.864,+04.856,Air
2026-09-14 15:24:35,+758.65,+024.93,+04.823,+04.815,Air
2026-09-14 15:24:37,+758.58,+024.92,+04.863,+04.855,Air
2026-09-14 15:24:39,+758.66,+024.95,+04.863,+04.855,Air
2026-09-14 15:24:41,+758.67,+024.96,+04.845,+04.837,Air
2026-09-14 15:24:43,+758.56,+024.96,+04.860,+04.852,Air
2026-09-14 15:24:45,+758.62,+024.94,+04.838,+04.830,Air
2026-09-14 15:24:47,+758.62,+024.94,+04.854,+04.846,Air
2026-09-14 15:24:49,+758.63,+024.97,+04.856,+04.848,Air
2026-09-14 15:24:51,+758.61,+024.95,+04.848,+04.840,Air
2026-09-14 15:24:53,+758.67,+024.98,+04.859,+04.851,Air
2026-09-14 15:24:55,+758.64,+024.99,+04.865,+04.856,Air
2026-09-14 15:24:57,+758.63,+024.94,+04.863,+04.855,Air
2026-09-14 15:24:59,+758.58,+024.97,+04.851,+04.843,Air
2026-09-14 15:25:01,+758.65,+025.00,+04.872,+04.863,Air
2026-09-14 15:25:03,+758.60,+024.96,+04.843,+04.835,Air
2026-09-14 15:25:05,+758.63,+024.97,+04.851,+04.843,Air
2026-09-14 15:25:07,+758.70,+024.96,+04.864,+04.856,Air
2026-09-14 15:25:09,+758.69,+024.97,+04.872,+04.864,Air
2026-09-14 15:25:11,+758.61,+024.98,+04.871,+04.862,Air
2026-09-14 15:25:13,+758.64,+024.99,+04.860,+04.852,Air
2026-09-14 15:25:15,+758.65,+024.94,+04.863,+04.856,Air
2026-09-14 15:25:17,+758.67,+024.99,+04.869,+04.860,Air
2026-09-14 15:25:19,+758.66,+024.94,+04.840,+04.832,Air
2026-09-14 15:25:21,+758.69,+024.97,+04.845,+04.837,Air
2026-09-14 15:25:23,+758.68,+024.97,+04.851,+04.843,Air
2026-09-14 15:25:25,+758.67,+024.97,+04.883,+04.875,Air
2026-09-14 15:25:27,+758.65,+024.97,+04.846,+04.838,Air
2026-09-14 15:25:29,+758.66,+024.93,+04.864,+04.856,Air
2026-09-14 15:25:31,+758.62,+024.98,+04.865,+04.857,Air
2026-09-14 15:25:33,+758.67,+024.96,+04.862,+04.854,Air
2026-09-14 15:25:35,+758.64,+024.97,+04.854,+04.845,Air
2026-09-14 15:25:37,+758.57,+025.01,+04.867,+04.858,Air
2026-09-14 15:25:39,+758.61,+024.95,+04.873,+04.864,Air
2026-09-14 15:25:41,+758.64,+024.97,+04.858,+04.850,Air
2026-09-14 15:25:43,+758.72,+024.94,+04.865,+04.858,Air
2026-09-14 15:25:45,+758.61,+024.97,+04.832,+04.823,Air
2026-09-14 15:25:47,+758.69,+024.95,+04.838,+04.830,Air
2026-09-14 15:25:49,+758.65,+024.96,+04.841,+04.833,Air
2026-09-14 15:25:51,+758.64,+025.00,+04.854,+04.845,Air
2026-09-14 15:25:53,+758.60,+024.97,+04.849,+04.840,Air
2026-09-14 15:25:55,+758.60,+024.95,+04.853,+04.845,Air
2026-09-14 15:25:57,+758.69,+024.95,+04.863,+04.856,Air
2026-09-14 15:25:59,+758.69,+024.97,+04.851,+04.843,Air
2026-09-14 15:26:01,+758.65,+024.99,+04.846,+04.837,Air
2026-09-14 15:26:03,+758.64,+024.95,+04.844,+04.837,Air
2026-09-14 15:26:05,+758.59,+024.95,+04.864,+04.856,Air
2026-09-14 15:26:07,+758.58,+024.97,+04.868,+04.859,Air
2026-09-14 15:26:09,+758.64,+024.98,+04.853,+04.845,Air
2026-09-14 15:26:11,+758.64,+024.90,+04.854,+04.847,Air
2026-09-14 15:26:13,+758.67,+024.94,+04.860,+04.853,Air
2026-09-14 15:26:15,+758.61,+024.94,+04.865,+04.857,Air
2026-09-14 15:26:17,+758.59,+024.92,+04.845,+04.837,Air
2026-09-14 15:26:19,+758.62,+024.96,+04.857,+04.849,Air
2026-09-14 15:26:21,+758.57,+024.94,+04.865,+04.857,Air
2026-09-14 15:26:23,+758.69,+024.96,+04.848,+04.841,Air
2026-09-14 15:26:25,+758.60,+024.94,+04.847,+04.839,Air
2026-09-14 15:26:27,+758.62,+024.94,+04.864,+04.856,Air
2026-09-14 15:26:29,+758.61,+024.96,+04.846,+04.838,Air
2026-09-14 15:26:31,+758.59,+024.99,+04.878,+04.869,Air
2026-09-14 15:26:33,+758.63,+024.94,+04.872,+04.865,Air
2026-09-14 15:26:35,+758.61,+025.00,+04.859,+04.851,Air
2026-09-14 15:26:37,+758.67,+024.98,+04.857,+04.849,Air
2026-09-14 15:26:39,+758.61,+024.94,+04.882,+04.874,Air
2026-09-14 15:26:41,+758.69,+024.94,+04.846,+04.839,Air
2026-09-14 15:26:43,+758.69,+024.96,+04.862,+04.854,Air
2026-09-14 15:26:45,+758.69,+024.98,+04.849,+04.841,Air
2026-09-14 15:26:47,+758.67,+024.98,+04.860,+04.851,Air
2026-09-14 15:26:49,+758.58,+024.95,+04.852,+04.843,Air
2026-09-14 15:26:51,+758.63,+024.98,+04.870,+04.861,Air
2026-09-14 15:26:53,+758.69,+024.91,+04.841,+04.834,Air
2026-09-14 15:26:55,+758.67,+024.95,+04.833,+04.825,Air
2026-09-14 15:26:57,+758.60,+024.94,+04.866,+04.858,Air
2026-09-14 15:26:59,+758.59,+024.92,+04.860,+04.852,Air
2026-09-14 15:27:01,+758.58,+024.92,+04.850,+04.842,Air
2026-09-14 15:27:03,+758.61,+024.98,+04.862,+04.853,Air
2026-09-14 15:27:05,+758.57,+024.95,+04.853,+04.845,Air
2026-09-14 15:27:07,+758.69,+024.98,+04.867,+04.858,Air
2026-09-14 15:27:09,+758.63,+024.95,+04.846,+04.838,Air
2026-09-14 15:27:11,+758.61,+024.95,+04.859,+04.851,Air
2026-09-14 15:27:13,+758.61,+024.95,+04.876,+04.868,Air
2026-09-14 15:27:15,+758.74,+024.93,+04.875,+04.868,Air
2026-09-14 15:27:17,+758.66,+024.96,+04.857,+04.849,Air
2026-09-14 15:27:19,+758.65,+024.96,+04.855,+04.847,Air
2026-09-14 15:27:21,+758.73,+024.94,+04.846,+04.839,Air
2026-09-14 15:27:23,+758.61,+024.94,+04.848,+04.840,Air
2026-09-14 15:27:25,+758.59,+024.96,+04.861,+04.853,Air
2026-09-14 15:27:27,+758.68,+024.93,+04.843,+04.836,Air
2026-09-14 15:27:29,+758.56,+024.95,+04.868,+04.860,Air
2026-09-14 15:27:31,+758.64,+024.96,+04.854,+04.846,Air
2026-09-14 15:27:33,+758.63,+024.96,+04.859,+04.851,Air
2026-09-14 15:27:35,+758.57,+024.93,+04.857,+04.849,Air
2026-09-14 15:27:37,+758.59,+024.96,+04.853,+04.845,Air
2026-09-14 15:27:39,+758.68,+024.93,+04.843,+04.836,Air
2026-09-14 15:27:41,+758.69,+024.99,+04.858,+04.850,Air
2026-09-14 15:27:43,+758.59,+024.93,+04.855,+04.847,Air
2026-09-14 15:27:45,+758.64,+024.94,+04.861,+04.853,Air
2026-09-14 15:27:47,+758.64,+024.93,+04.847,+04.840,Air
2026-09-14 15:27:49,+758.56,+024.95,+04.876,+04.868,Air
2026-09-14 15:27:51,+758.65,+024.95,+04.869,+04.861,Air
2026-09-14 15:27:53,+758.58,+024.91,+04.866,+04.858,Air
2026-09-14 15:27:55,+758.67,+024.94,+04.854,+04.847,Air
2026-09-14 15:27:57,+758.57,+024.95,+04.878,+04.870,Air
2026-09-14 15:27:59,+758.54,+024.94,+04.851,+04.843,Air
2026-09-14 15:28:01,+758.66,+024.95,+04.857,+04.849,Air
2026-09-14 15:28:03,+758.55,+024.93,+04.867,+04.859,Air
2026-09-14 15:28:05,+758.61,+024.94,+04.860,+04.852,Air
2026-09-14 15:28:07,+758.64,+024.93,+04.839,+04.832,Air
2026-09-14 15:28:09,+758.61,+024.93,+04.872,+04.864,Air
2026-09-14 15:28:11,+758.59,+024.91,+04.864,+04.856,Air
2026-09-14 15:28:13,+758.70,+024.93,+04.876,+04.869,Air
2026-09-14 15:28:15,+758.63,+024.95,+04.856,+04.848,Air
2026-09-14 15:28:17,+758.62,+024.97,+04.855,+04.847,Air
2026-09-14 15:28:19,+758.62,+024.90,+04.877,+04.869,Air
2026-09-14 15:28:21,+758.63,+024.93,+04.881,+04.873,Air
2026-09-14 15:28:23,+758.61,+024.94,+04.861,+04.853,Air
2026-09-14 15:28:25,+758.62,+024.94,+04.844,+04.837,Air
2026-09-14 15:28:27,+758.71,+024.93,+04.858,+04.851,Air
2026-09-14 15:28:29,+758.67,+024.93,+04.884,+04.877,Air
2026-09-14 15:28:31,+758.64,+024.98,+04.853,+04.844,Air
2026-09-14 15:28:33,+758.64,+024.95,+04.871,+04.863,Air
2026-09-14 15:28:35,+758.56,+024.93,+04.850,+04.842,Air
2026-09-14 15:28:37,+758.67,+024.95,+04.859,+04.852,Air
2026-09-14 15:28:39,+758.65,+024.94,+04.854,+04.846,Air
2026-09-14 15:28:41,+758.67,+024.96,+04.849,+04.841,Air
2026-09-14 15:28:43,+758.60,+024.92,+04.869,+04.861,Air
2026-09-14 15:28:45,+758.59,+024.99,+04.865,+04.856,Air
2026-09-14 15:28:47,+758.62,+024.96,+04.876,+04.868,Air
2026-09-14 15:28:49,+758.59,+024.99,+04.849,+04.840,Air
2026-09-14 15:28:51,+758.58,+024.96,+04.864,+04.856,Air
2026-09-14 15:28:53,+758.60,+024.92,+04.864,+04.856,Air
2026-09-14 15:28:55,+758.66,+024.95,+04.861,+04.853,Air
2026-09-14 15:28:57,+758.59,+024.95,+04.865,+04.857,Air
2026-09-14 15:28:59,+758.62,+024.92,+04.861,+04.854,Air
2026-09-14 15:29:01,+758.62,+024.92,+04.843,+04.836,Air
2026-09-14 15:29:03,+758.60,+024.90,+04.880,+04.873,Air
2026-09-14 15:29:05,+758.60,+024.96,+04.853,+04.845,Air
2026-09-14 15:29:07,+758.63,+024.95,+04.845,+04.837,Air
2026-09-14 15:29:09,+758.64,+024.95,+04.872,+04.864,Air
2026-09-14 15:29:11,+758.63,+024.96,+04.850,+04.842,Air
2026-09-14 15:29:13,+758.66,+024.94,+04.842,+04.835,Air
2026-09-14 15:29:15,+758.63,+024.96,+04.863,+04.855,Air
2026-09-14 15:29:17,+758.61,+024.96,+04.872,+04.864,Air
2026-09-14 15:29:19,+758.47,+024.93,+04.872,+04.864,Air
2026-09-14 15:29:21,+758.62,+024.93,+04.860,+04.852,Air
2026-09-14 15:29:23,+758.63,+024.93,+04.847,+04.839,Air
2026-09-14 15:29:25,+758.60,+024.92,+04.862,+04.854,Air
2026-09-14 15:29:27,+758.56,+024.91,+04.864,+04.856,Air
2026-09-14 15:29:29,+758.62,+024.94,+04.842,+04.834,Air
2026-09-14 15:29:31,+758.66,+024.96,+04.884,+04.876,Air
2026-09-14 15:29:33,+758.52,+024.91,+04.868,+04.860,Air
2026-09-14 15:29:35,+758.60,+024.91,+04.869,+04.861,Air
2026-09-14 15:29:37,+758.61,+024.95,+04.873,+04.865,Air
2026-09-14 15:29:39,+758.55,+024.95,+04.875,+04.867,Air
2026-09-14 15:29:41,+758.61,+024.97,+04.845,+04.837,Air
2026-09-14 15:29:43,+758.65,+024.94,+04.863,+04.856,Air
2026-09-14 15:29:45,+758.58,+024.94,+04.873,+04.865,Air
2026-09-14 15:29:47,+758.61,+024.93,+04.862,+04.854,Air
2026-09-14 15:29:49,+758.60,+024.94,+04.851,+04.843,Air
2026-09-14 15:29:51,+758.65,+024.93,+04.867,+04.860,Air
2026-09-14 15:29:53,+758.60,+024.93,+04.838,+04.830,Air
2026-09-14 15:29:55,+758.64,+024.89,+04.852,+04.845,Air
2026-09-14 15:29:57,+758.63,+024.92,+04.861,+04.853,Air
2026-09-14 15:29:59,+758.64,+024.92,+04.873,+04.865,Air
2026-09-14 15:30:01,+758.58,+024.91,+04.851,+04.844,Air
2026-09-14 15:30:03,+758.65,+024.93,+04.850,+04.842,Air
2026-09-14 15:30:05,+758.65,+024.92,+04.855,+04.848,Air
2026-09-14 15:30:07,+758.64,+024.96,+04.857,+04.849,Air
2026-09-14 15:30:09,+758.59,+024.93,+04.876,+04.868,Air
2026-09-14 15:30:11,+758.59,+024.95,+04.839,+04.831,Air
2026-09-14 15:30:13,+758.62,+024.95,+04.850,+04.842,Air
2026-09-14 15:30:15,+758.65,+024.92,+04.861,+04.854,Air
2026-09-14 15:30:17,+758.61,+024.91,+04.846,+04.839,Air
2026-09-14 15:30:19,+758.62,+024.97,+04.850,+04.842,Air
2026-09-14 15:30:21,+758.65,+024.94,+04.857,+04.849,Air
2026-09-14 15:30:23,+758.63,+024.95,+04.868,+04.860,Air
2026-09-14 15:30:25,+758.57,+024.94,+04.847,+04.838,Air
2026-09-14 15:30:27,+758.59,+024.92,+04.846,+04.838,Air
2026-09-14 15:30:29,+758.64,+024.94,+04.861,+04.853,Air
2026-09-14 15:30:31,+758.57,+024.89,+04.850,+04.843,Air
2026-09-14 15:30:33,+758.59,+024.94,+04.853,+04.845,Air
2026-09-14 15:30:35,+758.58,+024.93,+04.881,+04.873,Air
2026-09-14 15:30:37,+758.59,+024.93,+04.852,+04.844,Air
2026-09-14 15:30:39,+758.63,+024.91,+04.861,+04.853,Air
2026-09-14 15:30:41,+758.64,+024.94,+04.848,+04.841,Air
2026-09-14 15:30:43,+758.62,+024.92,+04.865,+04.857,Air
2026-09-14 15:30:45,+758.63,+024.91,+04.862,+04.855,Air
2026-09-14 15:30:47,+758.59,+024.88,+04.835,+04.828,Air
2026-09-14 15:30:49,+758.58,+024.96,+04.859,+04.851,Air
2026-09-14 15:30:51,+758.60,+024.95,+04.842,+04.834,Air
2026-09-14 15:30:53,+758.61,+024.92,+04.873,+04.865,Air
2026-09-14 15:30:55,+758.65,+024.91,+04.850,+04.843,Air
2026-09-14 15:30:57,+758.58,+024.92,+04.860,+04.852,Air
2026-09-14 15:30:59,+758.69,+024.93,+04.856,+04.849,Air
2026-09-14 15:31:01,+758.61,+024.94,+04.864,+04.856,Air
2026-09-14 15:31:03,+758.62,+024.94,+04.858,+04.850,Air
2026-09-14 15:31:05,+758.61,+024.89,+04.853,+04.846,Air
2026-09-14 15:31:07,+758.63,+024.94,+04.852,+04.844,Air
2026-09-14 15:31:09,+758.58,+024.93,+04.846,+04.838,Air
2026-09-14 15:31:11,+758.62,+024.94,+04.875,+04.867,Air
2026-09-14 15:31:13,+758.57,+024.92,+04.842,+04.834,Air
2026-09-14 15:31:15,+758.65,+024.93,+04.834,+04.826,Air
2026-09-14 15:31:17,+758.57,+024.94,+04.829,+04.821,Air
2026-09-14 15:31:19,+758.61,+024.93,+04.864,+04.856,Air
2026-09-14 15:31:21,+758.61,+024.95,+04.842,+04.833,Air
2026-09-14 15:31:23,+758.67,+024.94,+04.808,+04.800,Air
2026-09-14 15:31:25,+758.64,+024.91,+04.750,+04.742,Air
2026-09-14 15:31:27,+758.66,+024.91,+04.672,+04.665,Air
2026-09-14 15:31:29,+758.57,+024.88,+04.591,+04.584,Air
2026-09-14 15:31:31,+758.66,+024.92,+04.516,+04.509,Air
2026-09-14 15:31:33,+758.74,+024.93,+04.423,+04.417,Air
2026-09-14 15:31:35,+758.71,+024.89,+04.358,+04.352,Air
2026-09-14 15:31:37,+758.70,+024.94,+04.239,+04.232,Air
2026-09-14 15:31:39,+758.76,+024.89,+04.131,+04.125,Air
2026-09-14 15:31:41,+758.75,+024.93,+04.017,+04.012,Air
2026-09-14 15:31:43,+758.73,+024.89,+03.897,+03.891,Air
2026-09-14 15:31:45,+758.76,+024.93,+03.778,+03.773,Air
2026-09-14 15:31:47,+758.73,+024.94,+03.679,+03.673,Air
2026-09-14 15:31:49,+758.85,+024.92,+03.545,+03.541,Air
2026-09-14 15:31:51,+758.83,+024.90,+03.462,+03.457,Air
2026-09-14 15:31:53,+758.87,+024.91,+03.333,+03.329,Air
2026-09-14 15:31:55,+758.90,+024.96,+03.232,+03.228,Air
2026-09-14 15:31:57,+758.92,+024.92,+03.128,+03.124,Air
2026-09-14 15:31:59,+758.91,+024.95,+03.022,+03.018,Air
2026-09-14 15:32:01,+758.95,+024.94,+02.926,+02.923,Air
2026-09-14 15:32:03,+758.97,+024.91,+02.780,+02.777,Air
2026-09-14 15:32:05,+758.98,+024.94,+02.715,+02.712,Air
2026-09-14 15:32:07,+758.98,+024.92,+02.611,+02.608,Air
2026-09-14 15:32:09,+759.05,+024.91,+02.510,+02.507,Air
2026-09-14 15:32:11,+758.98,+024.92,+02.402,+02.400,Air
2026-09-14 15:32:13,+759.09,+024.94,+02.307,+02.305,Air
2026-09-14 15:32:15,+759.07,+024.95,+02.230,+02.228,Air
2026-09-14 15:32:17,+759.08,+024.92,+02.164,+02.162,Air
2026-09-14 15:32:19,+759.04,+024.92,+02.075,+02.073,Air
2026-09-14 15:32:21,+759.13,+024.90,+01.979,+01.977,Air
2026-09-14 15:32:23,+759.18,+024.90,+01.898,+01.897,Air
2026-09-14 15:32:25,+759.20,+024.96,+01.837,+01.836,Air
2026-09-14 15:32:27,+759.14,+024.96,+01.769,+01.767,Air
2026-09-14 15:32:29,+759.17,+024.93,+01.704,+01.703,Air
2026-09-14 15:32:31,+759.13,+024.90,+01.622,+01.621,Air
2026-09-14 15:32:33,+759.17,+024.92,+01.566,+01.565,Air
2026-09-14 15:32:35,+759.14,+024.91,+01.516,+01.515,Air
2026-09-14 15:32:37,+759.20,+024.93,+01.446,+01.445,Air
2026-09-14 15:32:39,+759.20,+024.92,+01.388,+01.387,Air
2026-09-14 15:32:41,+759.19,+024.94,+01.315,+01.314,Air
2026-09-14 15:32:43,+759.18,+024.91,+01.246,+01.245,Air
2026-09-14 15:32:45,+759.29,+024.87,+01.205,+01.204,Air
2026-09-14 15:32:47,+759.28,+024.92,+01.152,+01.152,Air
2026-09-14 15:32:49,+759.39,+024.92,+01.116,+01.115,Air
2026-09-14 15:32:51,+759.30,+024.96,+01.068,+01.067,Air
2026-09-14 15:32:53,+759.29,+024.93,+01.015,+01.014,Air
2026-09-14 15:32:55,+759.31,+024.93,+00.980,+00.980,Air
2026-09-14 15:32:57,+759.34,+024.91,+00.929,+00.929,Air
2026-09-14 15:32:59,+759.33,+024.96,+00.897,+00.896,Air
2026-09-14 15:33:01,+759.34,+024.93,+00.862,+00.861,Air
2026-09-14 15:33:03,+759.24,+024.91,+00.821,+00.820,Air
2026-09-14 15:33:05,+759.31,+024.88,+00.803,+00.802,Air
2026-09-14 15:33:07,+759.30,+024.90,+00.753,+00.752,Air
2026-09-14 15:33:09,+759.31,+024.92,+00.705,+00.704,Air
2026-09-14 15:33:11,+759.35,+024.96,+00.710,+00.709,Air
2026-09-14 15:33:13,+759.43,+024.90,+00.677,+00.677,Air
2026-09-14 15:33:15,+759.39,+024.92,+00.639,+00.639,Air
2026-09-14 15:33:17,+759.32,+024.91,+00.604,+00.604,Air
2026-09-14 15:33:19,+759.39,+024.94,+00.588,+00.588,Air
2026-09-14 15:33:21,+759.38,+024.93,+00.547,+00.547,Air
2026-09-14 15:33:23,+759.37,+024.91,+00.537,+00.537,Air
2026-09-14 15:33:25,+759.38,+024.96,+00.500,+00.500,Air
2026-09-14 15:33:27,+759.38,+024.90,+00.499,+00.498,Air
2026-09-14 15:33:29,+759.36,+024.92,+00.457,+00.457,Air
2026-09-14 15:33:31,+759.42,+024.92,+00.433,+00.433,Air
2026-09-14 15:33:33,+759.41,+024.91,+00.418,+00.418,Air
2026-09-14 15:33:35,+759.38,+024.94,+00.405,+00.405,Air
2026-09-14 15:33:37,+759.42,+024.90,+00.395,+00.394,Air
2026-09-14 15:33:39,+759.37,+024.92,+00.373,+00.372,Air
2026-09-14 15:33:41,+759.39,+024.93,+00.380,+00.379,Air
2026-09-14 15:33:43,+759.36,+024.90,+00.344,+00.344,Air
2026-09-14 15:33:45,+759.42,+024.93,+00.306,+00.306,Air
2026-09-14 15:33:47,+759.46,+024.88,+00.303,+00.303,Air
2026-09-14 15:33:49,+759.47,+024.93,+00.304,+00.303,Air
2026-09-14 15:33:51,+759.42,+024.91,+00.303,+00.302,Air
2026-09-14 15:33:53,+759.46,+024.90,+00.272,+00.272,Air
2026-09-14 15:33:55,+759.37,+024.93,+00.275,+00.275,Air
2026-09-14 15:33:57,+759.47,+024.92,+00.264,+00.264,Air
2026-09-14 15:33:59,+759.47,+024.90,+00.237,+00.237,Air
2026-09-14 15:34:01,+759.41,+024.95,+00.224,+00.224,Air
2026-09-14 15:34:03,+759.37,+024.86,+00.213,+00.213,Air
2026-09-14 15:34:05,+759.42,+024.94,+00.196,+00.195,Air
2026-09-14 15:34:07,+759.46,+024.93,+00.207,+00.206,Air
2026-09-14 15:34:09,+759.48,+024.92,+00.177,+00.177,Air
2026-09-14 15:34:11,+759.45,+024.86,+00.171,+00.171,Air
2026-09-14 15:34:13,+759.43,+024.93,+00.190,+00.190,Air
2026-09-14 15:34:15,+759.42,+024.90,+00.176,+00.176,Air
2026-09-14 15:34:17,+759.40,+024.90,+00.145,+00.145,Air
2026-09-14 15:34:19,+759.44,+024.89,+00.163,+00.163,Air
2026-09-14 15:34:21,+759.46,+024.90,+00.144,+00.143,Air
2026-09-14 15:34:23,+759.43,+024.90,+00.157,+00.157,Air
2026-09-14 15:34:25,+759.44,+024.93,+00.141,+00.141,Air
2026-09-14 15:34:27,+759.38,+024.90,+00.144,+00.144,Air
2026-09-14 15:34:29,+759.42,+024.88,+00.125,+00.125,Air
2026-09-14 15:34:31,+759.54,+024.86,+00.112,+00.112,Air
2026-09-14 15:34:33,+759.39,+024.91,+00.115,+00.115,Air
2026-09-14 15:34:35,+759.44,+024.92,+00.118,+00.118,Air
2026-09-14 15:34:37,+759.38,+024.91,+00.106,+00.106,Air
2026-09-14 15:34:39,+759.41,+024.88,+00.106,+00.106,Air
2026-09-14 15:34:41,+759.45,+024.93,+00.112,+00.112,Air
2026-09-14 15:34:43,+759.47,+024.93,+00.122,+00.122,Air
2026-09-14 15:34:45,+759.44,+024.89,+00.099,+00.099,Air
2026-09-14 15:34:47,+759.37,+024.90,+00.092,+00.092,Air
2026-09-14 15:34:49,+759.39,+024.91,+00.083,+00.083,Air
2026-09-14 15:34:51,+759.47,+024.91,+00.067,+00.067,Air
2026-09-14 15:34:53,+759.44,+024.91,+00.079,+00.079,Air
2026-09-14 15:34:55,+759.44,+024.92,+00.081,+00.081,Air
2026-09-14 15:34:57,+759.44,+024.92,+00.077,+00.077,Air
2026-09-14 15:34:59,+759.46,+024.93,+00.089,+00.089,Air
2026-09-14 15:35:01,+759.36,+024.90,+00.074,+00.074,Air
2026-09-14 15:35:03,+759.47,+024.90,+00.071,+00.071,Air
2026-09-14 15:35:05,+759.38,+024.88,+00.061,+00.061,Air
2026-09-14 15:35:07,+759.42,+024.90,+00.061,+00.061,Air
2026-09-14 15:35:09,+759.44,+024.90,+00.062,+00.062,Air
2026-09-14 15:35:11,+759.45,+024.93,+00.068,+00.068,Air
2026-09-14 15:35:13,+759.39,+024.91,+00.054,+00.054,Air
2026-09-14 15:35:15,+759.40,+024.91,+00.042,+00.042,Air
2026-09-14 15:35:17,+759.40,+024.90,+00.024,+00.024,Air
2026-09-14 15:35:19,+759.43,+024.90,+00.056,+00.056,Air
2026-09-14 15:35:21,+759.40,+024.91,+00.045,+00.045,Air
2026-09-14 15:35:23,+759.42,+024.92,+00.047,+00.047,Air
2026-09-14 15:35:25,+759.39,+024.92,+00.046,+00.045,Air
2026-09-14 15:35:27,+759.55,+024.91,+00.040,+00.040,Air
2026-09-14 15:35:29,+759.40,+024.90,+00.025,+00.025,Air
2026-09-14 15:35:31,+759.46,+024.93,+00.030,+00.030,Air
2026-09-14 15:35:33,+759.45,+024.89,+00.049,+00.049,Air
2026-09-14 15:35:35,+759.45,+024.90,+00.019,+00.019,Air
2026-09-14 15:35:37,+759.44,+024.93,+00.038,+00.038,Air
2026-09-14 15:35:39,+759.52,+024.91,+00.017,+00.017,Air
2026-09-14 15:35:41,+759.39,+024.88,+00.037,+00.037,Air
2026-09-14 15:35:43,+759.43,+024.92,+00.020,+00.020,Air
2026-09-14 15:35:45,+759.44,+024.90,+00.037,+00.037,Air
2026-09-14 15:35:47,+759.43,+024.90,+00.028,+00.028,Air
2026-09-14 15:35:49,+759.48,+024.93,+00.033,+00.033,Air
2026-09-14 15:35:51,+759.42,+024.89,+00.024,+00.024,Air
2026-09-14 15:35:53,+759.40,+024.93,+00.015,+00.015,Air
2026-09-14 15:35:55,+759.46,+024.91,+00.034,+00.034,Air
2026-09-14 15:35:57,+759.42,+024.84,+00.041,+00.041,Air
2026-09-14 15:35:59,+759.45,+024.89,+00.017,+00.017,Air
2026-09-14 15:36:01,+759.44,+024.93,+00.023,+00.023,Air
2026-09-14 15:36:03,+759.43,+024.90,+00.016,+00.016,Air
2026-09-14 15:36:05,+759.44,+024.95,+00.030,+00.030,Air
2026-09-14 15:36:07,+759.45,+024.93,+00.024,+00.024,Air
2026-09-14 15:36:09,+759.51,+024.91,+00.031,+00.031,Air
2026-09-14 15:36:11,+759.43,+024.90,+00.031,+00.031,Air
2026-09-14 15:36:13,+759.47,+024.91,+00.021,+00.021,Air
2026-09-14 15:36:15,+759.49,+024.90,+00.018,+00.018,Air
2026-09-14 15:36:17,+759.42,+024.89,+00.019,+00.019,Air
2026-09-14 15:36:19,+759.39,+024.91,+00.009,+00.009,Air
2026-09-14 15:36:21,+759.49,+024.92,+00.009,+00.009,Air
2026-09-14 15:36:23,+759.44,+024.91,+00.031,+00.031,Air
2026-09-14 15:36:25,+759.41,+024.91,+00.000,+00.000,Air
2026-09-14 15:36:27,+759.45,+024.92,+00.024,+00.024,Air
2026-09-14 15:36:29,+759.45,+024.89,+00.008,+00.008,Air
2026-09-14 15:36:31,+759.44,+024.90,+00.032,+00.032,Air
2026-09-14 15:36:33,+759.46,+024.92,+00.011,+00.011,Air
2026-09-14 15:36:35,+759.40,+024.93,+00.009,+00.009,Air
2026-09-14 15:36:37,+759.48,+024.89,+00.027,+00.027,Air
2026-09-14 15:36:39,+759.43,+024.87,+00.000,+00.000,Air
2026-09-14 15:36:41,+759.43,+024.92,+00.024,+00.024,Air
2026-09-14 15:36:43,+759.44,+024.88,+00.015,+00.015,Air
2026-09-14 15:36:45,+759.56,+024.88,+00.030,+00.030,Air
2026-09-14 15:36:47,+759.50,+024.91,+00.016,+00.016,Air
2026-09-14 15:36:49,+759.43,+024.92,+00.019,+00.019,Air
2026-09-14 15:36:51,+759.48,+024.90,+00.015,+00.015,Air
2026-09-14 15:36:53,+759.50,+024.94,+00.011,+00.011,Air
2026-09-14 15:36:55,+759.41,+024.91,+00.022,+00.022,Air
2026-09-14 15:36:57,+759.52,+024.89,+00.012,+00.012,Air
2026-09-14 15:36:59,+759.36,+024.91,+00.021,+00.020,Air
2026-09-14 15:37:01,+759.45,+024.90,+00.008,+00.008,Air
2026-09-14 15:37:03,+759.49,+024.87,+00.011,+00.011,Air
2026-09-14 15:37:05,+759.43,+024.90,+00.021,+00.021,Air
2026-09-14 15:37:07,+759.43,+024.91,+00.000,+00.000,Air
2026-09-14 15:37:09,+759.42,+024.90,+00.025,+00.025,Air
2026-09-14 15:37:11,+759.44,+024.89,+00.027,+00.027,Air
2026-09-14 15:37:13,+759.39,+024.92,+00.016,+00.016,Air
2026-09-14 15:37:15,+759.43,+024.91,+00.008,+00.008,Air
2026-09-14 15:37:17,+759.45,+024.87,+00.002,+00.002,Air
2026-09-14 15:37:19,+759.46,+024.86,+00.018,+00.018,Air
2026-09-14 15:37:21,+759.41,+024.91,+00.000,+00.000,Air
2026-09-14 15:37:23,+759.41,+024.91,+00.010,+00.010,Air
2026-09-14 15:37:25,+759.51,+024.89,+00.022,+00.022,Air
2026-09-14 15:37:27,+759.39,+024.91,+00.021,+00.021,Air
2026-09-14 15:37:29,+759.39,+024.91,+00.000,+00.000,Air
2026-09-14 15:37:31,+759.36,+024.92,+00.000,+00.000,Air
2026-09-14 15:37:33,+759.39,+024.90,+00.000,+00.000,Air
2026-09-14 15:37:35,+759.43,+024.89,+00.024,+00.024,Air
2026-09-14 15:37:37,+759.40,+024.91,+00.000,+00.000,Air
2026-09-14 15:37:39,+759.42,+024.88,+00.003,+00.003,Air
2026-09-14 15:37:41,+759.50,+024.88,+00.025,+00.025,Air
2026-09-14 15:37:43,+759.37,+024.89,+00.003,+00.003,Air
2026-09-14 15:37:45,+759.44,+024.89,+00.000,+00.000,Air
2026-09-14 15:37:47,+759.39,+024.89,+00.000,+00.000,Air
2026-09-14 15:37:49,+759.43,+024.88,+00.016,+00.016,Air
2026-09-14 15:37:51,+759.48,+024.87,+00.009,+00.009,Air
2026-09-14 15:37:53,+759.40,+024.90,+00.000,+00.000,Air
2026-09-14 15:37:55,+759.40,+024.85,+00.011,+00.011,Air
2026-09-14 15:37:57,+759.41,+024.87,+00.017,+00.017,Air
2026-09-14 15:37:59,+759.42,+024.90,+00.008,+00.008,Air
2026-09-14 15:38:01,+759.45,+024.91,+00.014,+00.014,Air
2026-09-14 15:38:03,+759.47,+024.89,+00.020,+00.020,Air
2026-09-14 15:38:05,+759.46,+024.86,+00.000,+00.000,Air
2026-09-14 15:38:07,+759.45,+024.87,+00.001,+00.001,Air
2026-09-14 15:38:09,+759.42,+024.89,+00.005,+00.005,Air
2026-09-14 15:38:11,+759.50,+024.85,+00.000,+00.000,Air
2026-09-14 15:38:13,+759.44,+024.89,+00.000,+00.000,Air
2026-09-14 15:38:15,+759.45,+024.86,+00.010,+00.010,Air
2026-09-14 15:38:17,+759.35,+024.86,+00.017,+00.017,Air
2026-09-14 15:38:19,+759.42,+024.86,+00.000,+00.000,Air
2026-09-14 15:38:21,+759.43,+024.89,+00.006,+00.006,Air
2026-09-14 15:38:23,+759.45,+024.90,+00.015,+00.015,Air
2026-09-14 15:38:25,+759.48,+024.91,+00.012,+00.012,Air
2026-09-14 15:38:27,+759.50,+024.87,+00.000,+00.000,Air
2026-09-14 15:38:29,+759.44,+024.87,+00.013,+00.013,Air
2026-09-14 15:38:31,+759.40,+024.88,+00.018,+00.018,Air
2026-09-14 15:38:33,+759.40,+024.88,+00.029,+00.029,Air
2026-09-14 15:38:35,+759.51,+024.93,+00.009,+00.009,Air
2026-09-14 15:38:37,+759.56,+024.89,+00.029,+00.029,Air
2026-09-14 15:38:39,+759.45,+024.90,+00.004,+00.004,Air
2026-09-14 15:38:41,+759.42,+024.90,+00.027,+00.027,Air
2026-09-14 15:38:43,+759.42,+024.89,+00.000,+00.000,Air
2026-09-14 15:38:45,+759.45,+024.93,+00.012,+00.012,Air
2026-09-14 15:38:47,+759.39,+024.90,+00.016,+00.016,Air
2026-09-14 15:38:49,+759.41,+024.91,+00.000,+00.000,Air
2026-09-14 15:38:51,+759.40,+024.93,+00.013,+00.013,Air
2026-09-14 15:38:53,+759.43,+024.89,+00.014,+00.014,Air
2026-09-14 15:38:55,+759.48,+024.89,+00.010,+00.010,Air
2026-09-14 15:38:57,+759.46,+024.91,+00.026,+00.026,Air
2026-09-14 15:38:59,+759.36,+024.87,+00.009,+00.009,Air
2026-09-14 15:39:01,+759.40,+024.91,+00.008,+00.008,Air
2026-09-14 15:39:03,+759.45,+024.88,+00.000,+00.000,Air
2026-09-14 15:39:05,+759.39,+024.88,+00.009,+00.009,Air
2026-09-14 15:39:07,+759.42,+024.87,+00.003,+00.003,Air
2026-09-14 15:39:09,+759.41,+024.86,+00.000,+00.000,Air
2026-09-14 15:39:11,+759.47,+024.88,+00.005,+00.005,Air
2026-09-14 15:39:13,+759.35,+024.92,+00.022,+00.022,Air
2026-09-14 15:39:15,+759.47,+024.89,+00.011,+00.011,Air
2026-09-14 15:39:17,+759.40,+024.88,+00.009,+00.009,Air
2026-09-14 15:39:19,+759.43,+024.88,+00.000,+00.000,Air
2026-09-14 15:39:21,+759.40,+024.90,+00.000,+00.000,Air
2026-09-14 15:39:23,+759.41,+024.85,+00.026,+00.026,Air
2026-09-14 15:39:25,+759.39,+024.87,+00.000,+00.000,Air
2026-09-14 15:39:27,+759.45,+024.90,+00.004,+00.004,Air
2026-09-14 15:39:29,+759.38,+024.88,+00.028,+00.028,Air
2026-09-14 15:39:31,+759.44,+024.86,+00.000,+00.000,Air
2026-09-14 15:39:33,+759.49,+024.86,+00.009,+00.009,Air
2026-09-14 15:39:35,+759.32,+024.87,+00.003,+00.003,Air
2026-09-14 15:39:37,+759.35,+024.90,+00.014,+00.014,Air
2026-09-14 15:39:39,+759.47,+024.91,+00.004,+00.004,Air
2026-09-14 15:39:41,+759.40,+024.89,+00.000,+00.000,Air
2026-09-14 15:39:43,+759.45,+024.88,+00.002,+00.002,Air
2026-09-14 15:39:45,+759.46,+024.90,+00.027,+00.027,Air
2026-09-14 15:39:47,+759.40,+024.90,+00.003,+00.003,Air
2026-09-14 15:39:49,+759.39,+024.89,+00.008,+00.008,Air
2026-09-14 15:39:51,+759.43,+024.88,+00.006,+00.006,Air
2026-09-14 15:39:53,+759.46,+024.86,+00.009,+00.009,Air
2026-09-14 15:39:55,+759.43,+024.88,+00.002,+00.002,Air
2026-09-14 15:39:57,+759.47,+024.89,+00.000,+00.000,Air
2026-09-14 15:39:59,+759.44,+024.88,+00.012,+00.012,Air
2026-09-14 15:40:01,+759.41,+024.90,+00.026,+00.026,Air
2026-09-14 15:40:03,+759.42,+024.89,+00.000,+00.000,Air
2026-09-14 15:40:05,+759.41,+024.90,+00.000,+00.000,Air
2026-09-14 15:40:07,+759.44,+024.88,+00.000,+00.000,Air
2026-09-14 15:40:09,+759.45,+024.90,+00.000,+00.000,Air
2026-09-14 15:40:11,+759.45,+024.89,+00.000,+00.000,Air
2026-09-14 15:40:13,+759.38,+024.85,+00.022,+00.022,Air
2026-09-14 15:40:15,+759.37,+024.87,+00.000,+00.000,Air
2026-09-14 15:40:17,+759.38,+024.89,+00.000,+00.000,Air
2026-09-14 15:40:19,+759.34,+024.87,+00.000,+00.000,Air
2026-09-14 15:40:21,+759.36,+024.84,+00.000,+00.000,Air
2026-09-14 15:40:23,+759.44,+024.85,+00.026,+00.026,Air
2026-09-14 15:40:25,+759.45,+024.89,+00.012,+00.012,Air
2026-09-14 15:40:27,+759.37,+024.91,+00.000,+00.000,Air
2026-09-14 15:40:29,+759.38,+024.86,+00.000,+00.000,Air
2026-09-14 15:40:31,+759.37,+024.89,+00.016,+00.016,Air
2026-09-14 15:40:33,+759.38,+024.90,+00.006,+00.006,Air
2026-09-14 15:40:35,+759.35,+024.92,+00.012,+00.012,Air
2026-09-14 15:40:37,+759.47,+024.89,+00.000,+00.000,Air
2026-09-14 15:40:39,+759.42,+024.86,+00.000,+00.000,Air
2026-09-14 15:40:41,+759.41,+024.86,+00.019,+00.019,Air
2026-09-14 15:40:43,+759.39,+024.93,+00.002,+00.002,Air
2026-09-14 15:40:45,+759.42,+024.88,+00.004,+00.004,Air
2026-09-14 15:40:47,+759.40,+024.89,+00.002,+00.002,Air
2026-09-14 15:40:49,+759.39,+024.88,+00.002,+00.002,Air
2026-09-14 15:40:51,+759.44,+024.86,+00.004,+00.004,Air
2026-09-14 15:40:53,+759.31,+024.89,+00.017,+00.017,Air
2026-09-14 15:40:55,+759.40,+024.87,+00.000,+00.000,Air
2026-09-14 15:40:57,+759.46,+024.89,+00.019,+00.019,Air
2026-09-14 15:40:59,+759.45,+024.90,+00.000,+00.000,Air
2026-09-14 15:41:01,+759.48,+024.85,+00.003,+00.003,Air
2026-09-14 15:41:03,+759.45,+024.88,+00.002,+00.002,Air
2026-09-14 15:41:05,+759.39,+024.89,+00.024,+00.024,Air
2026-09-14 15:41:07,+759.43,+024.88,+00.000,+00.000,Air
2026-09-14 15:41:09,+759.39,+024.87,+00.016,+00.016,Air
2026-09-14 15:41:11,+759.38,+024.87,+00.000,+00.000,Air
2026-09-14 15:41:13,+759.41,+024.88,+00.000,+00.000,Air
2026-09-14 15:41:15,+759.36,+024.83,+00.000,+00.000,Air
2026-09-14 15:41:17,+759.44,+024.84,+00.019,+00.019,Air
2026-09-14 15:41:19,+759.33,+024.86,+00.017,+00.017,Air
2026-09-14 15:41:21,+759.43,+024.85,+00.000,+00.000,Air
2026-09-14 15:41:23,+759.40,+024.86,+00.033,+00.033,Air
2026-09-14 15:41:25,+759.39,+024.90,+00.010,+00.010,Air
2026-09-14 15:41:27,+759.40,+024.87,+00.002,+00.002,Air
2026-09-14 15:41:29,+759.44,+024.88,+00.000,+00.000,Air
2026-09-14 15:41:31,+759.42,+024.92,+00.000,+00.000,Air
2026-09-14 15:41:33,+759.36,+024.86,+00.007,+00.007,Air
2026-09-14 15:41:35,+759.47,+024.87,+00.001,+00.001,Air
2026-09-14 15:41:37,+759.44,+024.89,+00.008,+00.008,Air
2026-09-14 15:41:39,+759.34,+024.91,+00.000,+00.000,Air
2026-09-14 15:41:41,+759.41,+024.85,+00.013,+00.013,Air
2026-09-14 15:41:43,+759.36,+024.89,+00.018,+00.018,Air
2026-09-14 15:41:45,+759.36,+024.88,+00.000,+00.000,Air
2026-09-14 15:41:47,+759.41,+024.87,+00.000,+00.000,Air
2026-09-14 15:41:49,+759.39,+024.88,+00.000,+00.000,Air
2026-09-14 15:41:51,+759.42,+024.88,+00.000,+00.000,Air
2026-09-14 15:41:53,+759.38,+024.86,+00.005,+00.005,Air
2026-09-14 15:41:55,+759.39,+024.85,+00.000,+00.000,Air
2026-09-14 15:41:57,+759.40,+024.88,+00.000,+00.000,Air
2026-09-14 15:41:59,+759.39,+024.90,+00.000,+00.000,Air
2026-09-14 15:42:01,+759.46,+024.86,+00.018,+00.018,Air
2026-09-14 15:42:03,+759.37,+024.88,+00.009,+00.009,Air
2026-09-14 15:42:05,+759.41,+024.89,+00.000,+00.000,Air
2026-09-14 15:42:07,+759.42,+024.85,+00.000,+00.000,Air
2026-09-14 15:42:09,+759.42,+024.87,+00.000,+00.000,Air
2026-09-14 15:42:11,+759.39,+024.85,+00.007,+00.007,Air
2026-09-14 15:42:13,+759.39,+024.87,+00.000,+00.000,Air
2026-09-14 15:42:15,+759.39,+024.86,+00.000,+00.000,Air
2026-09-14 15:42:17,+759.37,+024.86,+00.000,+00.000,Air
2026-09-14 15:42:19,+759.40,+024.85,+00.003,+00.003,Air
2026-09-14 15:42:21,+759.41,+024.84,+00.010,+00.010,Air
2026-09-14 15:42:23,+759.44,+024.83,+00.000,+00.000,Air
2026-09-14 15:42:25,+759.36,+024.88,+00.000,+00.000,Air
2026-09-14 15:42:27,+759.46,+024.87,+00.000,+00.000,Air
2026-09-14 15:42:29,+759.40,+024.89,+00.000,+00.000,Air
2026-09-14 15:42:31,+759.34,+024.88,+00.019,+00.019,Air
2026-09-14 15:42:33,+759.43,+024.87,+00.011,+00.011,Air
2026-09-14 15:42:35,+759.48,+024.87,+00.028,+00.028,Air
2026-09-14 15:42:37,+759.46,+024.84,+00.000,+00.000,Air
2026-09-14 15:42:39,+759.36,+024.85,+00.000,+00.000,Air
2026-09-14 15:42:41,+759.46,+024.85,+00.008,+00.008,Air
2026-09-14 15:42:43,+759.41,+024.85,+00.006,+00.006,Air
2026-09-14 15:42:45,+759.40,+024.88,+00.002,+00.002,Air
2026-09-14 15:42:47,+759.39,+024.82,+00.010,+00.010,Air
2026-09-14 15:42:49,+759.42,+024.85,+00.013,+00.013,Air
2026-09-14 15:42:51,+759.43,+024.85,+00.000,+00.000,Air
2026-09-14 15:42:53,+759.35,+024.88,+00.000,+00.000,Air
2026-09-14 15:42:55,+759.37,+024.84,+00.017,+00.017,Air
2026-09-14 15:42:57,+759.42,+024.88,+00.028,+00.028,Air
2026-09-14 15:42:59,+759.44,+024.86,+00.012,+00.012,Air
2026-09-14 15:43:01,+759.38,+024.85,+00.012,+00.012,Air
2026-09-14 15:43:03,+759.40,+024.85,+00.010,+00.010,Air
2026-09-14 15:43:05,+759.38,+024.88,+00.018,+00.018,Air
2026-09-14 15:43:07,+759.39,+024.88,+00.000,+00.000,Air
2026-09-14 15:43:09,+759.33,+024.87,+00.001,+00.001,Air
2026-09-14 15:43:11,+759.43,+024.86,+00.002,+00.002,Air
2026-09-14 15:43:13,+759.47,+024.88,+00.017,+00.017,Air
2026-09-14 15:43:15,+759.40,+024.83,+00.007,+00.007,Air
2026-09-14 15:43:17,+759.47,+024.85,+00.000,+00.000,Air
2026-09-14 15:43:19,+759.37,+024.89,+00.002,+00.002,Air
2026-09-14 15:43:21,+759.39,+024.86,+00.000,+00.000,Air
2026-09-14 15:43:23,+759.41,+024.89,+00.000,+00.000,Air
2026-09-14 15:43:25,+759.38,+024.87,+00.025,+00.025,Air
2026-09-14 15:43:27,+759.43,+024.85,+00.021,+00.021,Air
2026-09-14 15:43:29,+759.38,+024.84,+00.012,+00.012,Air
2026-09-14 15:43:31,+759.46,+024.87,+00.016,+00.016,Air
2026-09-14 15:43:33,+759.49,+024.88,+00.010,+00.010,Air
2026-09-14 15:43:35,+759.41,+024.86,+00.003,+00.003,Air
2026-09-14 15:43:37,+759.30,+024.88,+00.021,+00.021,Air
2026-09-14 15:43:39,+759.39,+024.88,+00.000,+00.000,Air
2026-09-14 15:43:41,+759.38,+024.82,+00.001,+00.001,Air
2026-09-14 15:43:43,+759.41,+024.84,+00.008,+00.008,Air
2026-09-14 15:43:45,+759.32,+024.89,+00.016,+00.016,Air
2026-09-14 15:43:47,+759.41,+024.84,+00.002,+00.002,Air
2026-09-14 15:43:49,+759.38,+024.84,+00.000,+00.000,Air
2026-09-14 15:43:51,+759.36,+024.87,+00.040,+00.040,Air
2026-09-14 15:43:53,+759.32,+024.90,+00.012,+00.012,Air
2026-09-14 15:43:55,+759.43,+024.87,+00.005,+00.005,Air
2026-09-14 15:43:57,+759.50,+024.86,+00.008,+00.008,Air
2026-09-14 15:43:59,+759.37,+024.86,+00.026,+00.026,Air
2026-09-14 15:44:01,+759.38,+024.83,+00.026,+00.026,Air
2026-09-14 15:44:03,+759.44,+024.85,+00.017,+00.017,Air
2026-09-14 15:44:05,+759.40,+024.84,+00.004,+00.004,Air
2026-09-14 15:44:07,+759.38,+024.86,+00.005,+00.005,Air
2026-09-14 15:44:09,+759.37,+024.83,+00.027,+00.027,Air
2026-09-14 15:44:11,+759.38,+024.88,+00.003,+00.003,Air
2026-09-14 15:44:13,+759.40,+024.87,+00.013,+00.013,Air
2026-09-14 15:44:15,+759.36,+024.86,+00.000,+00.000,Air
2026-09-14 15:44:17,+759.40,+024.84,+00.000,+00.000,Air
2026-09-14 15:44:19,+759.42,+024.84,+00.000,+00.000,Air
2026-09-14 15:44:21,+759.32,+024.85,+00.031,+00.031,Air
2026-09-14 15:44:23,+759.42,+024.86,+00.007,+00.007,Air
2026-09-14 15:44:25,+759.44,+024.84,+00.003,+00.003,Air
2026-09-14 15:44:27,+759.40,+024.87,+00.007,+00.007,Air
2026-09-14 15:44:29,+759.38,+024.86,+00.006,+00.006,Air
2026-09-14 15:44:31,+759.33,+024.84,+00.018,+00.018,Air
2026-09-14 15:44:33,+759.30,+024.88,+00.015,+00.015,Air
2026-09-14 15:44:35,+759.42,+024.86,+00.000,+00.000,Air
2026-09-14 15:44:37,+759.47,+024.83,+00.024,+00.024,Air
2026-09-14 15:44:39,+759.42,+024.82,+00.021,+00.021,Air
2026-09-14 15:44:41,+759.33,+024.84,+00.019,+00.019,Air
2026-09-14 15:44:43,+759.42,+024.85,+00.017,+00.017,Air
2026-09-14 15:44:45,+759.42,+024.87,+00.000,+00.000,Air
2026-09-14 15:44:47,+759.43,+024.82,+00.026,+00.026,Air
2026-09-14 15:44:49,+759.37,+024.87,+00.003,+00.003,Air
2026-09-14 15:44:51,+759.39,+024.85,+00.000,+00.000,Air
2026-09-14 15:44:53,+759.43,+024.86,+00.003,+00.003,Air
2026-09-14 15:44:55,+759.40,+024.86,+00.012,+00.012,Air
2026-09-14 15:44:57,+759.38,+024.85,+00.010,+00.010,Air
2026-09-14 15:44:59,+759.42,+024.84,+00.023,+00.023,Air
2026-09-14 15:45:01,+759.33,+024.85,+00.006,+00.006,Air
2026-09-14 15:45:03,+759.36,+024.87,+00.000,+00.000,Air
2026-09-14 15:45:05,+759.41,+024.81,+00.010,+00.010,Air
2026-09-14 15:45:07,+759.41,+024.88,+00.003,+00.003,Air
2026-09-14 15:45:09,+759.38,+024.84,+00.000,+00.000,Air
2026-09-14 15:45:11,+759.36,+024.82,+00.000,+00.000,Air
2026-09-14 15:45:13,+759.38,+024.82,+00.000,+00.000,Air
2026-09-14 15:45:15,+759.46,+024.86,+00.003,+00.003,Air
2026-09-14 15:45:17,+759.34,+024.84,+00.012,+00.012,Air
2026-09-14 15:45:19,+759.43,+024.88,+00.017,+00.017,Air
2026-09-14 15:45:21,+759.36,+024.85,+00.012,+00.012,Air
2026-09-14 15:45:23,+759.41,+024.85,+00.007,+00.007,Air
2026-09-14 15:45:25,+759.38,+024.87,+00.007,+00.007,Air
2026-09-14 15:45:27,+759.41,+024.85,+00.000,+00.000,Air
2026-09-14 15:45:29,+759.43,+024.85,+00.013,+00.013,Air
2026-09-14 15:45:31,+759.36,+024.84,+00.030,+00.030,Air
2026-09-14 15:45:33,+759.30,+024.86,+00.014,+00.014,Air
2026-09-14 15:45:35,+759.34,+024.83,+00.009,+00.009,Air
2026-09-14 15:45:37,+759.33,+024.87,+00.003,+00.003,Air
2026-09-14 15:45:39,+759.37,+024.84,+00.002,+00.002,Air
2026-09-14 15:45:41,+759.38,+024.85,+00.009,+00.009,Air
2026-09-14 15:45:43,+759.38,+024.85,+00.011,+00.011,Air
2026-09-14 15:45:45,+759.37,+024.87,+00.000,+00.000,Air
2026-09-14 15:45:47,+759.43,+024.82,+00.018,+00.018,Air
2026-09-14 15:45:49,+759.41,+024.83,+00.011,+00.011,Air
2026-09-14 15:45:51,+759.39,+024.88,+00.004,+00.004,Air
2026-09-14 15:45:53,+759.44,+024.85,+00.028,+00.028,Air
2026-09-14 15:45:55,+759.38,+024.87,+00.003,+00.003,Air
2026-09-14 15:45:57,+759.31,+024.84,+00.000,+00.000,Air
2026-09-14 15:45:59,+759.34,+024.82,+00.014,+00.014,Air
2026-09-14 15:46:01,+759.37,+024.87,+00.014,+00.014,Air
2026-09-14 15:46:03,+759.35,+024.85,+00.000,+00.000,Air
2026-09-14 15:46:05,+759.37,+024.83,+00.004,+00.004,Air
2026-09-14 15:46:07,+759.34,+024.83,+00.006,+00.006,Air
2026-09-14 15:46:09,+759.35,+024.86,+00.030,+00.030,Air
2026-09-14 15:46:11,+759.34,+024.88,+00.019,+00.019,Air
2026-09-14 15:46:13,+759.42,+024.84,+00.019,+00.019,Air
2026-09-14 15:46:15,+759.42,+024.85,+00.004,+00.004,Air
2026-09-14 15:46:17,+759.36,+024.85,+00.010,+00.010,Air
2026-09-14 15:46:19,+759.36,+024.86,+00.003,+00.003,Air
2026-09-14 15:46:21,+759.36,+024.85,+00.023,+00.023,Air
2026-09-14 15:46:23,+759.45,+024.84,+00.000,+00.000,Air
2026-09-14 15:46:25,+759.40,+024.84,+00.000,+00.000,Air
2026-09-14 15:46:27,+759.45,+024.84,+00.000,+00.000,Air
2026-09-14 15:46:29,+759.36,+024.84,+00.010,+00.010,Air
2026-09-14 15:46:31,+759.40,+024.83,+00.016,+00.016,Air
2026-09-14 15:46:33,+759.33,+024.87,+00.005,+00.005,Air
2026-09-14 15:46:35,+759.42,+024.85,+00.021,+00.021,Air
2026-09-14 15:46:37,+759.40,+024.84,+00.003,+00.003,Air
2026-09-14 15:46:39,+759.32,+024.83,+00.000,+00.000,Air
2026-09-14 15:46:41,+759.30,+024.86,+00.013,+00.013,Air
2026-09-14 15:46:43,+759.28,+024.82,+00.000,+00.000,Air
2026-09-14 15:46:45,+759.37,+024.87,+00.006,+00.006,Air
2026-09-14 15:46:47,+759.34,+024.84,+00.001,+00.001,Air
2026-09-14 15:46:49,+759.43,+024.81,+00.006,+00.006,Air
2026-09-14 15:46:51,+759.35,+024.87,+00.000,+00.000,Air
2026-09-14 15:46:53,+759.37,+024.85,+00.000,+00.000,Air
2026-09-14 15:46:55,+759.34,+024.80,+00.000,+00.000,Air
2026-09-14 15:46:57,+759.34,+024.82,+00.003,+00.003,Air
2026-09-14 15:46:59,+759.35,+024.80,+00.009,+00.009,Air
2026-09-14 15:47:01,+759.45,+024.85,+00.020,+00.020,Air
2026-09-14 15:47:03,+759.36,+024.85,+00.000,+00.000,Air
2026-09-14 15:47:05,+759.42,+024.81,+00.010,+00.010,Air
2026-09-14 15:47:07,+759.36,+024.85,+00.012,+00.012,Air
2026-09-14 15:47:09,+759.41,+024.81,+00.013,+00.013,Air
2026-09-14 15:47:11,+759.35,+024.84,+00.000,+00.000,Air
2026-09-14 15:47:13,+759.29,+024.83,+00.029,+00.029,Air
2026-09-14 15:47:15,+759.35,+024.83,+00.000,+00.000,Air
2026-09-14 15:47:17,+759.37,+024.84,+00.000,+00.000,Air
2026-09-14 15:47:19,+759.35,+024.82,+00.000,+00.000,Air
2026-09-14 15:47:21,+759.37,+024.84,+00.013,+00.013,Air
2026-09-14 15:47:23,+759.34,+024.82,+00.015,+00.015,Air
2026-09-14 15:47:25,+759.38,+024.85,+00.009,+00.009,Air
2026-09-14 15:47:27,+759.28,+024.84,+00.000,+00.000,Air
2026-09-14 15:47:29,+759.37,+024.82,+00.000,+00.000,Air
2026-09-14 15:47:31,+759.33,+024.86,+00.025,+00.025,Air
2026-09-14 15:47:33,+759.34,+024.87,+00.016,+00.016,Air
2026-09-14 15:47:35,+759.37,+024.81,+00.000,+00.000,Air
2026-09-14 15:47:37,+759.38,+024.85,+00.000,+00.000,Air
2026-09-14 15:47:39,+759.40,+024.82,+00.020,+00.020,Air
2026-09-14 15:47:41,+759.36,+024.82,+00.002,+00.002,Air
2026-09-14 15:47:43,+759.34,+024.84,+00.000,+00.000,Air
2026-09-14 15:47:45,+759.39,+024.81,+00.000,+00.000,Air
2026-09-14 15:47:47,+759.38,+024.85,+00.010,+00.010,Air
2026-09-14 15:47:49,+759.34,+024.82,+00.021,+00.021,Air
2026-09-14 15:47:51,+759.38,+024.82,+00.001,+00.001,Air
2026-09-14 15:47:53,+759.41,+024.81,+00.006,+00.006,Air
2026-09-14 15:47:55,+759.37,+024.83,+00.018,+00.018,Air
2026-09-14 15:47:57,+759.43,+024.84,+00.022,+00.022,Air
2026-09-14 15:47:59,+759.36,+024.84,+00.000,+00.000,Air
2026-09-14 15:48:01,+759.35,+024.83,+00.026,+00.026,Air
2026-09-14 15:48:03,+759.38,+024.83,+00.008,+00.008,Air
2026-09-14 15:48:05,+759.31,+024.83,+00.017,+00.017,Air
2026-09-14 15:48:07,+759.37,+024.84,+00.022,+00.022,Air
2026-09-14 15:48:09,+759.34,+024.82,+00.015,+00.015,Air
2026-09-14 15:48:11,+759.28,+024.82,+00.010,+00.010,Air
2026-09-14 15:48:13,+759.35,+024.84,+00.009,+00.009,Air
2026-09-14 15:48:15,+759.28,+024.83,+00.020,+00.020,Air
2026-09-14 15:48:17,+759.43,+024.85,+00.005,+00.005,Air
2026-09-14 15:48:19,+759.33,+024.82,+00.007,+00.007,Air
2026-09-14 15:48:21,+759.32,+024.86,+00.000,+00.000,Air
2026-09-14 15:48:23,+759.36,+024.85,+00.000,+00.000,Air
2026-09-14 15:48:25,+759.35,+024.85,+00.004,+00.004,Air
2026-09-14 15:48:27,+759.37,+024.82,+00.013,+00.013,Air
2026-09-14 15:48:29,+759.33,+024.83,+00.008,+00.008,Air
2026-09-14 15:48:31,+759.30,+024.82,+00.000,+00.000,Air
2026-09-14 15:48:33,+759.39,+024.83,+00.022,+00.022,Air
2026-09-14 15:48:35,+759.42,+024.81,+00.014,+00.014,Air
2026-09-14 15:48:37,+759.33,+024.81,+00.006,+00.006,Air
2026-09-14 15:48:39,+759.43,+024.83,+00.008,+00.008,Air
2026-09-14 15:48:41,+759.39,+024.82,+00.000,+00.000,Air
2026-09-14 15:48:43,+759.31,+024.84,+00.003,+00.003,Air
2026-09-14 15:48:45,+759.34,+024.84,+00.000,+00.000,Air
2026-09-14 15:48:47,+759.31,+024.83,+00.000,+00.000,Air
2026-09-14 15:48:49,+759.33,+024.87,+00.004,+00.004,Air
2026-09-14 15:48:51,+759.30,+024.79,+00.000,+00.000,Air
2026-09-14 15:48:53,+759.34,+024.83,+00.000,+00.000,Air
2026-09-14 15:48:55,+759.36,+024.81,+00.022,+00.022,Air
2026-09-14 15:48:57,+759.37,+024.85,+00.016,+00.016,Air
2026-09-14 15:48:59,+759.29,+024.81,+00.019,+00.019,Air
2026-09-14 15:49:01,+759.34,+024.79,+00.005,+00.005,Air
2026-09-14 15:49:03,+759.37,+024.83,+00.000,+00.000,Air
2026-09-14 15:49:05,+759.31,+024.85,+00.007,+00.007,Air
2026-09-14 15:49:07,+759.35,+024.84,+00.007,+00.007,Air
2026-09-14 15:49:09,+759.34,+024.79,+00.000,+00.000,Air
2026-09-14 15:49:11,+759.36,+024.80,+00.000,+00.000,Air
2026-09-14 15:49:13,+759.33,+024.80,+00.030,+00.030,Air
2026-09-14 15:49:15,+759.34,+024.84,+00.033,+00.033,Air
2026-09-14 15:49:17,+759.32,+024.81,+00.013,+00.013,Air
2026-09-14 15:49:19,+759.36,+024.82,+00.011,+00.011,Air
2026-09-14 15:49:21,+759.38,+024.80,+00.015,+00.015,Air
2026-09-14 15:49:23,+759.36,+024.80,+00.021,+00.021,Air
2026-09-14 15:49:25,+759.40,+024.81,+00.000,+00.000,Air
2026-09-14 15:49:27,+759.31,+024.81,+00.019,+00.019,Air
2026-09-14 15:49:29,+759.34,+024.87,+00.012,+00.012,Air
2026-09-14 15:49:31,+759.30,+024.81,+00.022,+00.022,Air
2026-09-14 15:49:33,+759.41,+024.80,+00.000,+00.000,Air
2026-09-14 15:49:35,+759.33,+024.81,+00.001,+00.001,Air
2026-09-14 15:49:37,+759.37,+024.81,+00.021,+00.021,Air
2026-09-14 15:49:39,+759.28,+024.84,+00.019,+00.019,Air
2026-09-14 15:49:41,+759.45,+024.82,+00.006,+00.006,Air
2026-09-14 15:49:43,+759.35,+024.84,+00.012,+00.012,Air
2026-09-14 15:49:45,+759.32,+024.81,+00.013,+00.013,Air
2026-09-14 15:49:47,+759.34,+024.84,+00.000,+00.000,Air
2026-09-14 15:49:49,+759.31,+024.77,+00.020,+00.020,Air
2026-09-14 15:49:51,+759.31,+024.81,+00.002,+00.002,Air
2026-09-14 15:49:53,+759.37,+024.83,+00.027,+00.027,Air
2026-09-14 15:49:55,+759.31,+024.81,+00.012,+00.012,Air
2026-09-14 15:49:57,+759.31,+024.82,+00.019,+00.019,Air
2026-09-14 15:49:59,+759.35,+024.82,+00.018,+00.018,Air
2026-09-14 15:50:01,+759.34,+024.83,+00.011,+00.011,Air
2026-09-14 15:50:03,+759.36,+024.84,+00.000,+00.000,Air
2026-09-14 15:50:05,+759.30,+024.81,+00.012,+00.012,Air
2026-09-14 15:50:07,+759.26,+024.82,+00.000,+00.000,Air
2026-09-14 15:50:09,+759.36,+024.82,+00.005,+00.005,Air
2026-09-14 15:50:11,+759.34,+024.82,+00.016,+00.016,Air
2026-09-14 15:50:13,+759.35,+024.81,+00.000,+00.000,Air
2026-09-14 15:50:15,+759.36,+024.85,+00.000,+00.000,Air
2026-09-14 15:50:17,+759.36,+024.83,+00.000,+00.000,Air
2026-09-14 15:50:19,+759.41,+024.81,+00.004,+00.004,Air
2026-09-14 15:50:21,+759.27,+024.81,+00.000,+00.000,Air
2026-09-14 15:50:23,+759.39,+024.81,+00.001,+00.001,Air
2026-09-14 15:50:25,+759.34,+024.80,+00.009,+00.009,Air
2026-09-14 15:50:27,+759.32,+024.81,+00.014,+00.014,Air
2026-09-14 15:50:29,+759.36,+024.80,+00.017,+00.017,Air
2026-09-14 15:50:31,+759.33,+024.84,+00.001,+00.001,Air
2026-09-14 15:50:33,+759.36,+024.84,+00.000,+00.000,Air
2026-09-14 15:50:35,+759.32,+024.81,+00.030,+00.030,Air
2026-09-14 15:50:37,+759.34,+024.81,+00.017,+00.017,Air
2026-09-14 15:50:39,+759.31,+024.80,+00.000,+00.000,Air
2026-09-14 15:50:41,+759.31,+024.82,+00.008,+00.008,Air
2026-09-14 15:50:43,+759.34,+024.81,+00.033,+00.033,Air
2026-09-14 15:50:45,+759.33,+024.81,+00.000,+00.000,Air
2026-09-14 15:50:47,+759.24,+024.81,+00.022,+00.022,Air
2026-09-14 15:50:49,+759.36,+024.80,+00.008,+00.008,Air
2026-09-14 15:50:51,+759.30,+024.82,+00.016,+00.016,Air
2026-09-14 15:50:53,+759.36,+024.82,+00.000,+00.000,Air
2026-09-14 15:50:55,+759.39,+024.82,+00.000,+00.000,Air
2026-09-14 15:50:57,+759.41,+024.85,+00.007,+00.007,Air
2026-09-14 15:50:59,+759.28,+024.81,+00.000,+00.000,Air
2026-09-14 15:51:01,+759.33,+024.80,+00.027,+00.027,Air
2026-09-14 15:51:03,+759.34,+024.81,+00.018,+00.018,Air
2026-09-14 15:51:05,+759.39,+024.79,+00.000,+00.000,Air
2026-09-14 15:51:07,+759.40,+024.82,+00.000,+00.000,Air
2026-09-14 15:51:09,+759.29,+024.80,+00.009,+00.009,Air
2026-09-14 15:51:11,+759.33,+024.85,+00.010,+00.010,Air
2026-09-14 15:51:13,+759.35,+024.82,+00.025,+00.025,Air
2026-09-14 15:51:15,+759.34,+024.82,+00.000,+00.000,Air
2026-09-14 15:51:17,+759.31,+024.84,+00.012,+00.012,Air
2026-09-14 15:51:19,+759.31,+024.83,+00.009,+00.009,Air
2026-09-14 15:51:30,+759.30,+024.80,+00.000,+00.000,Air
2026-09-14 15:55:04,+759.30,+024.80,+00.000,+00.000,Air
2026-09-14 15:55:06,+759.30,+024.80,+00.000,+00.000,Air
2026-09-14 15:55:08,+759.30,+024.80,+00.000,+00.000,Air
2026-09-14 15:58:27,+759.30,+024.80,+00.000,+00.000,Air
2026-09-14 15:58:29,+759.30,+024.80,+00.000,+00.000,Air
2026-09-14 15:58:31,+759.30,+024.80,+00.000,+00.000,Air
2026-09-14 16:07:03,+759.30,+024.80,+00.000,+00.000,Air
2026-09-14 16:07:05,+759.30,+024.80,+00.000,+00.000,Air
2026-09-14 16:07:07,+759.30,+024.80,+00.000,+00.000,Air
2026-09-14 16:13:00,+759.30,+024.80,+00.000,+00.000,Air
2026-09-14 16:13:02,+759.30,+024.80,+00.000,+00.000,Air
2026-09-14 16:13:04,+759.30,+024.80,+00.000,+00.000,Air
2026-09-14 16:13:06,+759.30,+024.80,+00.000,+00.000,Air
2026-09-14 16:23:37,+759.30,+024.80,+00.000,+00.000,Air
2026-09-14 16:23:39,+759.30,+024.80,+00.000,+00.000,Air
2026-09-14 16:23:41,+759.30,+024.80,+00.000,+00.000,Air
